Dataset,Features,Model,Seed,Site_ID,N_test,N_rare,RMSE_kW,MAE_kW,nRMSE,MAPE_pct,RareRMSE_kW,SkillScore
DKASC,n/a,Persistence,0,DKASC_1,2000,174,2.770020944055218,1.2357850567919841,0.09722173485150903,58.8621547229076,5.047049787097365,0.0
DKASC,common,GBM,42,DKASC_1,2000,174,2.3751567471289143,1.0508814462204659,0.0833628568750406,53.77992635147061,4.694545572065867,0.14254917377925524
DKASC,common,GBM,7,DKASC_1,2000,174,2.4654517763776043,1.0858179600218738,0.08653201680896289,56.09242062974646,4.87551978169766,0.10995193676468551
DKASC,common,GBM,123,DKASC_1,2000,174,2.404525285597503,1.0642230716605525,0.08439362895858647,55.08684077492988,4.816062737322469,0.1319468934854484
DKASC,common+weather,GBM,42,DKASC_1,2000,174,2.2840515531883847,0.9466105456634786,0.08016526191537413,50.91485752086741,5.047104519617965,0.17543888681050568
DKASC,common+weather,GBM,7,DKASC_1,2000,174,2.2144050608114556,0.9511502617512879,0.077720820897793,49.43178381223785,4.924789201872716,0.20058183474611546
DKASC,common+weather,GBM,123,DKASC_1,2000,174,2.259282054141546,1.0010407775903585,0.0792959061533159,55.725090438916844,4.973192192664011,0.18438087661747693
HKUST,n/a,Persistence,0,Indoor Sports Centre,2000,120,0.5078441714738883,0.2242165,0.05923071745671662,37.20671544899282,1.0197519633061103,0.0
HKUST,n/a,Persistence,0,LSK North,2000,109,0.8272630863274391,0.346824,0.061794525441047125,40.41440314552127,1.9847036730264724,0.0
HKUST,n/a,Persistence,0,LSK South,2000,97,0.3247911097921247,0.121277,0.05548911539457197,34.19613582077178,0.8779104526582412,0.0
HKUST,n/a,Persistence,0,Library,2000,137,1.8529923889482116,0.7175195,0.055588659895248436,43.56633776473062,4.296330757530452,0.0
HKUST,n/a,Persistence,0,S H Ho Sports Hall,2000,97,0.4185492784607327,0.15645550000000003,0.04405517547481184,34.04733404607453,1.069032436605861,0.0
HKUST,n/a,Persistence,0,SQ Apartment1-12,2000,127,0.25552539599812774,0.114176,0.05857987070108384,35.186045875091395,0.479441719299358,0.0
HKUST,n/a,Persistence,0,SQ Apartment13-24,2000,122,0.24862467596761187,0.1089275,0.05723404142900826,34.52251423442159,0.5736175612351639,0.0
HKUST,n/a,Persistence,0,SQ Apartment25-36,2000,133,0.279184002048828,0.11784500000000002,0.06423930097764105,39.460910968634664,0.6407573761086126,0.0
HKUST,n/a,Persistence,0,SQ Apartment37-48,2000,127,0.16845956339727347,0.0684555,0.055214540608742535,33.02719983544705,0.34184677923368084,0.0
HKUST,n/a,Persistence,0,SQ Block P,2000,104,0.432420865014629,0.1816225,0.05659218230789543,35.339649364164224,1.1324166423728843,0.0
HKUST,n/a,Persistence,0,SQ Block R,2000,102,0.4548366058267518,0.183252,0.057486931980125354,34.14272423464169,1.199630147252093,0.0
HKUST,n/a,Persistence,0,SQ Block S,2000,113,0.3943220295646694,0.15971700000000003,0.057728205023181385,36.277842587865166,0.9746900437656728,0.0
HKUST,n/a,Persistence,0,SQ1,2000,117,0.4229516047965772,0.17111,0.0613811326182378,38.14567888195973,0.9451091421620523,0.0
HKUST,n/a,Persistence,0,SQ2,2000,115,0.3837528527581261,0.16825299999999999,0.05597328657498923,33.666434832058236,0.852179655481983,0.0
HKUST,n/a,Persistence,0,SQ3,2000,110,0.45255353329744313,0.2000845,0.06283083404451409,34.595386636439365,0.9957805846306066,0.0
HKUST,n/a,Persistence,0,SQ4,2000,107,0.45522302665836223,0.191997,0.060948323290716595,33.949019142229176,0.95057453851396,0.0
HKUST,n/a,Persistence,0,SQ567,2000,125,0.555766869289633,0.238928,0.056459344084711635,34.359954112598494,1.102399662554375,0.0
HKUST,n/a,Persistence,0,Shaw Auditorium,2000,107,1.0221294592662906,0.45080349999999997,0.0618990712237441,35.508066466993625,2.402065318510828,0.0
HKUST,n/a,Persistence,0,UG Hall2 2F,2000,108,0.17679504376537256,0.0713155,0.04347800432465126,34.498542513858176,0.4416967390181404,0.0
HKUST,n/a,Persistence,0,UG Hall2 RF,2000,141,0.09652759709015862,0.038223999999999994,0.046318424707369785,31.759135249856552,0.2179775835960079,0.0
HKUST,n/a,Persistence,0,UG Hall3,2000,121,0.36135038120915275,0.14578499999999997,0.06542646771847778,35.90732161926295,0.8921057177096491,0.0
HKUST,n/a,Persistence,0,UG Hall4,2000,109,0.39855129531843203,0.171245,0.06219589502472409,33.70541402764699,1.030583539162479,0.0
HKUST,n/a,Persistence,0,UG Hall6,2000,110,0.32833180321132466,0.144407,0.053634220514666264,35.22336261416753,0.6590277825568648,0.0
HKUST,n/a,Persistence,0,UG Hall7,2000,97,0.2588625339828072,0.10918349999999998,0.041742494895569346,31.82142149083853,0.6636797529177682,0.0
HKUST,n/a,Persistence,0,UG Hall8,2000,131,0.3386862759250809,0.1430815,0.06435617482807367,36.59886854750364,0.7616487690059273,0.0
HKUST,n/a,Persistence,0,UG Hall9,2000,127,0.3462594937326629,0.15032799999999996,0.060680850040072405,34.52322464300294,0.751498743980803,0.0
HKUST,n/a,Persistence,0,Wong Check She Research Centre,2000,121,1.4145980029676275,0.610804,0.05927689308218603,37.48032634429504,3.2395935057726963,0.0
HKUST,n/a,Persistence,0,Zone A1,2000,121,0.3807908139648329,0.16507,0.05094181268731005,35.0180218425485,0.7228674535292765,0.0
HKUST,n/a,Persistence,0,Zone A2,2000,101,2.7187929153394528,1.2149364999999999,0.05932123214586088,33.10960232896323,5.535042623285222,0.0
HKUST,n/a,Persistence,0,Zone A4,2000,113,0.7059732324953971,0.300684,0.055733262216420394,36.265556772743,1.5526109297293524,0.0
HKUST,n/a,Persistence,0,Zone A5,2000,107,0.24740239085344345,0.104808,0.06120041975399928,35.70988142224296,0.6046063985737015,0.0
HKUST,n/a,Persistence,0,Zone A6,2000,117,0.7972869608867312,0.34515900000000005,0.06284674153168919,34.686989249413855,1.6929008659340752,0.0
HKUST,n/a,Persistence,0,Zone A7,2000,113,0.14679576969381644,0.06257499999999999,0.055331990084363535,32.6484449165234,0.327841668022897,0.0
HKUST,n/a,Persistence,0,Zone D,2000,120,1.1109691343597263,0.45510749999999994,0.060996077385349276,42.24457541807178,2.2291720006166718,0.0
HKUST,n/a,Persistence,0,Zone J1,2000,127,0.34103493809285873,0.144091,0.06407131253693753,40.64737800832131,0.7727299953213227,0.0
HKUST,n/a,Persistence,0,Zone J2,2000,123,0.41522460729104194,0.1855325,0.03763925629627391,38.41486413694729,0.8514939191262277,0.0
HKUST,n/a,Persistence,0,Zone L2,2000,122,0.12080039528081024,0.05347450000000001,0.06094873626680637,35.940433815823965,0.24861089487224877,0.0
HKUST,common,GBM,42,Indoor Sports Centre,2000,120,0.4754386675172802,0.18711626615972954,0.05545120918092842,27.595312582168894,0.9700868916096709,0.06380993575757565
HKUST,common,GBM,42,LSK North,2000,109,0.7747954521983953,0.2960861987815243,0.05787532173716586,31.00306894148111,1.9340989954790233,0.06342315400771614
HKUST,common,GBM,42,LSK South,2000,97,0.3021459986183892,0.1054333661132705,0.05162029894868295,24.76473348313422,0.8042613811500071,0.0697220782558643
HKUST,common,GBM,42,Library,2000,137,1.7849476148693535,0.6760898697182126,0.053547357498930616,46.04605553020657,3.965888898668185,0.03672156155885853
HKUST,common,GBM,42,S H Ho Sports Hall,2000,97,0.40830233272490074,0.15767920043379624,0.042976614321551344,36.350497066820736,1.0561566694313105,0.024482053280599048
HKUST,common,GBM,42,SQ Apartment1-12,2000,127,0.2429040294171084,0.09868492363235716,0.05568638913734718,27.424127656629544,0.44650152901804535,0.04939378542675976
HKUST,common,GBM,42,SQ Apartment13-24,2000,122,0.22702787537513053,0.09162764814932323,0.05226240225026025,25.818731183731288,0.5217033130346339,0.0868650728590381
HKUST,common,GBM,42,SQ Apartment25-36,2000,133,0.2599807408147432,0.10230098587810775,0.05982069507932426,31.174786735165334,0.6079918752229638,0.06878353019212835
HKUST,common,GBM,42,SQ Apartment37-48,2000,127,0.1581320559288748,0.06090616486767352,0.05182958240867741,27.05490600530168,0.339114344135583,0.061305557607576056
HKUST,common,GBM,42,SQ Block P,2000,104,0.4276822386761147,0.16563779440389165,0.05597202443084867,29.77843917187099,1.1494706497888931,0.010958366540324005
HKUST,common,GBM,42,SQ Block R,2000,102,0.4136677388321969,0.15817847783105193,0.05228358680892277,26.84333275750128,1.0730519360823811,0.09051353050118449
HKUST,common,GBM,42,SQ Block S,2000,113,0.3757718333850485,0.1436973078826739,0.0550124817107922,30.22723121514173,0.9579571309779853,0.04704326613478904
HKUST,common,GBM,42,SQ1,2000,117,0.39673360392134366,0.14844842387057036,0.05757622782426786,29.3525950620716,0.9233405291757506,0.06198818157420949
HKUST,common,GBM,42,SQ2,2000,115,0.35742828316780717,0.14613308626540722,0.0521336469031224,29.140568286084196,0.8097744010720429,0.06859771699706663
HKUST,common,GBM,42,SQ3,2000,110,0.42813180260298916,0.17755084418817713,0.05944021261424335,28.92432647750659,0.9522885583287646,0.05396429128839142
HKUST,common,GBM,42,SQ4,2000,107,0.41352469759074517,0.16602071891725342,0.0553654702892951,25.3204313957464,0.9420009235038745,0.0915997799445919
HKUST,common,GBM,42,SQ567,2000,125,0.5192559284281913,0.2039763233828805,0.052750264096572894,25.834985757956737,0.9825672116407252,0.06569470560220514
HKUST,common,GBM,42,Shaw Auditorium,2000,107,0.9235072749198631,0.3731405321895596,0.05592661679758678,28.623151338946233,2.249597838379186,0.09648697966030739
HKUST,common,GBM,42,UG Hall2 2F,2000,108,0.16683134583866807,0.06760231504929541,0.04102769976678319,32.148824424099246,0.4475704351847445,0.0563573373692956
HKUST,common,GBM,42,UG Hall2 RF,2000,141,0.09194468126461616,0.03410023861690204,0.04411932882179278,26.337432012422724,0.22393455197120904,0.04747777800023267
HKUST,common,GBM,42,UG Hall3,2000,121,0.3396480321969671,0.1279501573609482,0.061497018322825836,27.238122550187704,0.8669043066433519,0.06005901789715873
HKUST,common,GBM,42,UG Hall4,2000,109,0.3793880624703611,0.15123653943029716,0.05920537803844586,26.074782399367162,0.9728539376206057,0.04808222447943622
HKUST,common,GBM,42,UG Hall6,2000,110,0.306292045304389,0.12045076261661135,0.050033944135379246,25.078677357773348,0.643187733498848,0.06712647904153879
HKUST,common,GBM,42,UG Hall7,2000,97,0.23141213637350544,0.09445111022565474,0.0373160216456253,24.326076502872525,0.547164274568567,0.106042373869078
HKUST,common,GBM,42,UG Hall8,2000,131,0.3067676672576898,0.1212805373673844,0.05829109423377797,27.318243438124707,0.6461077055887715,0.09424240347563317
HKUST,common,GBM,42,UG Hall9,2000,127,0.32014404917664324,0.1279019569179407,0.05610420332419301,25.622611641089065,0.7403990247125528,0.07542159862389985
HKUST,common,GBM,42,Wong Check She Research Centre,2000,121,1.330800872145188,0.5327147806056817,0.05576548308872135,29.027771012200198,3.0232749521823803,0.059237416316610725
HKUST,common,GBM,42,Zone A1,2000,121,0.3653098092603859,0.14854092446876427,0.04887077942457452,29.136637719195658,0.7589134560341411,0.04065487962605285
HKUST,common,GBM,42,Zone A2,2000,101,2.4847619744709104,1.0187326083387156,0.05421492055653422,28.593003482080913,4.858481160302262,0.0860789873138692
HKUST,common,GBM,42,Zone A4,2000,113,0.6620201286723356,0.25444701181910284,0.05226337164856206,27.51793297165638,1.3174615584183988,0.062258881498524876
HKUST,common,GBM,42,Zone A5,2000,107,0.23127153936943473,0.09257472965365522,0.057210099052549125,27.6258176210614,0.5300275104836032,0.06520087145626796
HKUST,common,GBM,42,Zone A6,2000,117,0.7442322288844179,0.29950230364729935,0.058664662565448424,27.113575186031223,1.7571981910123236,0.06654408588760397
HKUST,common,GBM,42,Zone A7,2000,113,0.13648051084556245,0.05298609614128037,0.051443841253510154,24.82324256971651,0.3097925651351135,0.0702694557872433
HKUST,common,GBM,42,Zone D,2000,120,1.059978009645049,0.40058131345249726,0.058196486926110305,30.81007477875506,2.198066037773288,0.04589787703153825
HKUST,common,GBM,42,Zone J1,2000,127,0.32708387718536525,0.12642413853286774,0.061450282596062444,34.051592269694034,0.7470599641932772,0.040908010732011335
HKUST,common,GBM,42,Zone J2,2000,123,0.39765990638820525,0.16290943999748236,0.03604705230007418,36.16638039471244,0.9437111099567985,0.04230168586931826
HKUST,common,GBM,42,Zone L2,2000,122,0.11190858263204188,0.0482521179264686,0.056462453396590256,29.226674611765752,0.23203047349452113,0.0736074797445706
HKUST,common,GBM,7,Indoor Sports Centre,2000,120,0.4833002184941936,0.19354664827928977,0.056368115056472316,28.336450795003397,1.0294241473124872,0.048329693158557174
HKUST,common,GBM,7,LSK North,2000,109,0.7522119951714592,0.29593555325835985,0.05618839283526943,30.457323778142936,1.7545836557368188,0.09072215646555981
HKUST,common,GBM,7,LSK South,2000,97,0.29543635702920024,0.10381672526625005,0.05047398654919326,24.7887708588309,0.7994255149922123,0.09038040721530938
HKUST,common,GBM,7,Library,2000,137,1.747160308813141,0.6699839790140534,0.05241376098917445,46.40547606045642,3.968644980676709,0.05711414723896546
HKUST,common,GBM,7,S H Ho Sports Hall,2000,97,0.41924564974042555,0.1610684999511736,0.04412847331690897,36.113567510696384,1.1263415082898842,-0.0016637736953073468
HKUST,common,GBM,7,SQ Apartment1-12,2000,127,0.24159275822858584,0.09691351875729334,0.055385776760336035,27.387904547266253,0.441221492001603,0.0545254522162798
HKUST,common,GBM,7,SQ Apartment13-24,2000,122,0.23736278487567994,0.09474631481246396,0.05464152506346223,26.460624273901978,0.5488383088107386,0.045296755231966634
HKUST,common,GBM,7,SQ Apartment25-36,2000,133,0.26698380872029615,0.103477910869556,0.06143207747820896,30.881611331598695,0.6246484073839829,0.04369947145609754
HKUST,common,GBM,7,SQ Apartment37-48,2000,127,0.1557106438411412,0.05969141193327929,0.05103593701774539,27.081425775526714,0.3260482802711266,0.07567940518797889
HKUST,common,GBM,7,SQ Block P,2000,104,0.42165114119826413,0.16468306460423776,0.0551827170786892,29.905995448635792,1.1536621209611575,0.024905652542923762
HKUST,common,GBM,7,SQ Block R,2000,102,0.41974685895616326,0.1588050322599671,0.053051928583943794,27.069643824341245,1.1387459946731942,0.07714802727191727
HKUST,common,GBM,7,SQ Block S,2000,113,0.38000109079338035,0.1483135518903849,0.0556316392025345,31.381625755043995,0.9913881305964688,0.036317876500836954
HKUST,common,GBM,7,SQ1,2000,117,0.3865642985398446,0.14544398235787187,0.05610040062517879,29.03163451973011,0.8947271169086263,0.08603184346406112
HKUST,common,GBM,7,SQ2,2000,115,0.36836969395319974,0.1468151210416719,0.05372953529072341,29.369951697674068,0.8345007204035376,0.040086109313230645
HKUST,common,GBM,7,SQ3,2000,110,0.4253246829053599,0.17797560844452515,0.05905048265107254,29.058175634670885,0.9048079822501804,0.06016713689911002
HKUST,common,GBM,7,SQ4,2000,107,0.42094297614160203,0.16683997377057594,0.056358679360235905,25.47627993973019,0.9399917903313225,0.07530385878851165
HKUST,common,GBM,7,SQ567,2000,125,0.5154263243467972,0.2038771432837823,0.05236122159244521,25.86993698648098,1.0013278743712022,0.07258537198231707
HKUST,common,GBM,7,Shaw Auditorium,2000,107,0.9156987110125976,0.3764557172571615,0.05545373848548144,29.43737417807606,2.2007183966350863,0.10412648543570169
HKUST,common,GBM,7,UG Hall2 2F,2000,108,0.16797432388015068,0.06761940231986319,0.041308784593439944,32.252117771484016,0.4582194658667494,0.049892348209308324
HKUST,common,GBM,7,UG Hall2 RF,2000,141,0.0910150567723472,0.03400104405909161,0.04367325181014741,27.16041401958599,0.22042711094434078,0.05710843824966039
HKUST,common,GBM,7,UG Hall3,2000,121,0.33463295054272096,0.12826791711752375,0.06058898253534692,27.410391086784337,0.8262763949583495,0.07393774036443457
HKUST,common,GBM,7,UG Hall4,2000,109,0.3747094576411922,0.15132683536118446,0.05847525868308241,26.248321011826466,0.9618898082681416,0.05982125251453729
HKUST,common,GBM,7,UG Hall6,2000,110,0.3049759711203806,0.12146885859890506,0.04981895852537017,25.288828557174476,0.6579163808343524,0.07113484549016258
HKUST,common,GBM,7,UG Hall7,2000,97,0.23362194965449043,0.09649497498195833,0.037672361816535486,25.103049499491583,0.5788119941978549,0.0975057453852829
HKUST,common,GBM,7,UG Hall8,2000,131,0.3023984122414395,0.12089302632515367,0.057460861184250915,27.54261006957827,0.6008290546570751,0.10714300006554878
HKUST,common,GBM,7,UG Hall9,2000,127,0.31161063969799563,0.12446709354519704,0.05460875106865388,24.967525106044715,0.6578310564678796,0.10006614883292897
HKUST,common,GBM,7,Wong Check She Research Centre,2000,121,1.3066603000783765,0.5262384612096334,0.054753903752157045,28.546900703618288,2.9446503499684837,0.07630273947991784
HKUST,common,GBM,7,Zone A1,2000,121,0.36147571073675916,0.1490319843788968,0.0483578575744342,29.436631473158386,0.7098523214176883,0.05072365855405725
HKUST,common,GBM,7,Zone A2,2000,101,2.546131781086258,1.0373175560686128,0.05555394587340764,29.85395937279375,5.3102080090390436,0.06350654118562671
HKUST,common,GBM,7,Zone A4,2000,113,0.6338628469621578,0.2490506954025954,0.05004048685262159,27.61526399718699,1.2039947268124755,0.10214322896967554
HKUST,common,GBM,7,Zone A5,2000,107,0.23228368361948953,0.09168094662395448,0.05746047518166117,27.26280982458313,0.5464222269975623,0.06110978629511288
HKUST,common,GBM,7,Zone A6,2000,117,0.7412652369877973,0.2956091295171618,0.058430787208141516,27.022905201153897,1.739574278643301,0.07026544600281348
HKUST,common,GBM,7,Zone A7,2000,113,0.13532357145092855,0.05298991949226876,0.05100775403352,25.085321803176637,0.3026158676189607,0.07815074144722534
HKUST,common,GBM,7,Zone D,2000,120,1.0170128840857975,0.39614270300181553,0.05583755179242299,32.34803233627551,2.0845328607106244,0.08457143170595616
HKUST,common,GBM,7,Zone J1,2000,127,0.32956875285440895,0.12680798010043337,0.06191712404784172,34.23040359910141,0.7536673692809317,0.033621731845338676
HKUST,common,GBM,7,Zone J2,2000,123,0.4054721969740206,0.16669752539841598,0.03675522036732547,37.07221526311657,0.9397077480283711,0.02348707216715029
HKUST,common,GBM,7,Zone L2,2000,122,0.11039363550156446,0.04735693015287774,0.055698100656692465,29.202691225563388,0.2332526992128793,0.08614839177516287
HKUST,common,GBM,123,Indoor Sports Centre,2000,120,0.4768365347726206,0.18836216101950976,0.05561424478337073,27.614410270174833,0.9932981939230516,0.061057384219407096
HKUST,common,GBM,123,LSK North,2000,109,0.772718416231818,0.29977721870331375,0.057720172239986635,30.31479402407797,1.803890440789792,0.0659338860842531
HKUST,common,GBM,123,LSK South,2000,97,0.299878301917334,0.10481463647695992,0.051232873061301726,25.07609060519872,0.8505091353793749,0.07670409418144364
HKUST,common,GBM,123,Library,2000,137,1.7904030701787317,0.681831445647932,0.05371101788500425,44.906706620527,3.893284783573959,0.033777428953718824
HKUST,common,GBM,123,S H Ho Sports Hall,2000,97,0.4302018013767048,0.1620964916257299,0.04528168324392169,35.894148624977475,1.2094151031148037,-0.027840265210408832
HKUST,common,GBM,123,SQ Apartment1-12,2000,127,0.2368953416398336,0.09655627807358351,0.054308881623070515,26.827246486006022,0.4074245964649944,0.07290881708850039
HKUST,common,GBM,123,SQ Apartment13-24,2000,122,0.23353996131738466,0.09466040416849,0.05376150122407565,26.4262700547955,0.5358318820829726,0.0606726367425906
HKUST,common,GBM,123,SQ Apartment25-36,2000,133,0.2608227819996408,0.10207291847212295,0.06001444592720681,29.68382220445728,0.5997408504470221,0.06576745055032152
HKUST,common,GBM,123,SQ Apartment37-48,2000,127,0.16203768207953861,0.06272903491518134,0.053109695863500034,27.11342841464372,0.3393905718531078,0.038121203618403765
HKUST,common,GBM,123,SQ Block P,2000,104,0.4146501662319204,0.1620904217971947,0.05426647902524805,29.310848473283247,1.119246257598514,0.041095840234507186
HKUST,common,GBM,123,SQ Block R,2000,102,0.4131139552329448,0.15719589235484277,0.05221359393742984,26.162289489858466,1.0785170760443288,0.09173107454262208
HKUST,common,GBM,123,SQ Block S,2000,113,0.380974746530896,0.1469583244292257,0.055774181068885084,31.020322949390923,1.0146016511820688,0.033848687197387206
HKUST,common,GBM,123,SQ1,2000,117,0.3900057239994501,0.1446650651960817,0.05659983978118679,28.58596116096306,0.9151395152511015,0.07789515496216814
HKUST,common,GBM,123,SQ2,2000,115,0.3567264466247488,0.1424069842493103,0.0520312786792224,28.104291865998242,0.8059517126032777,0.07042659341587143
HKUST,common,GBM,123,SQ3,2000,110,0.4183954093292006,0.17497008653897617,0.05808844831462521,28.90147068111366,0.9289929693479451,0.07547863723293913
HKUST,common,GBM,123,SQ4,2000,107,0.4212676022587318,0.16490517737113264,0.056402142490123416,24.938878191094666,0.967809759491301,0.07459074434104462
HKUST,common,GBM,123,SQ567,2000,125,0.5183940469905297,0.20384383419205496,0.05266270713098522,25.710638312784962,1.0052866796882665,0.06724550232163407
HKUST,common,GBM,123,Shaw Auditorium,2000,107,0.9255087404551221,0.3789738106620567,0.056047823418329125,28.751774152745995,2.24514189538721,0.09452884655190863
HKUST,common,GBM,123,UG Hall2 2F,2000,108,0.16467665462611503,0.06671582676482903,0.04049781119150166,31.972606917707054,0.4316729019137723,0.06854484651357096
HKUST,common,GBM,123,UG Hall2 RF,2000,141,0.09253155101725034,0.034542179576267824,0.04440093618869977,26.615772412564098,0.22306965440810395,0.04139796486569425
HKUST,common,GBM,123,UG Hall3,2000,121,0.3353211905998169,0.12862789337714428,0.06071359598041226,27.07147732601234,0.820709743941784,0.07203310682068964
HKUST,common,GBM,123,UG Hall4,2000,109,0.3824038348586917,0.15310106653797775,0.0596760041914313,25.99567644880257,1.001963647530319,0.04051538823086476
HKUST,common,GBM,123,UG Hall6,2000,110,0.3077340364735508,0.12097629662383252,0.05026949875296603,24.886320149575255,0.6462904074552218,0.0627346072975955
HKUST,common,GBM,123,UG Hall7,2000,97,0.2362089240943422,0.09640593986072107,0.03808952055205823,24.30004322807865,0.5303016523846893,0.08751212290137578
HKUST,common,GBM,123,UG Hall8,2000,131,0.2970805435588584,0.11820185957808994,0.05645037534240761,27.075842039356,0.6194572557532605,0.12284445908704578
HKUST,common,GBM,123,UG Hall9,2000,127,0.31198568032703544,0.12551241842256192,0.05467447571904359,25.14390498834495,0.6727567981064791,0.09898302869953735
HKUST,common,GBM,123,Wong Check She Research Centre,2000,121,1.319759958622167,0.5259173043582079,0.055302827939300254,28.806347100326796,3.09420566923096,0.06704239942832069
HKUST,common,GBM,123,Zone A1,2000,121,0.35800081231473996,0.14596622874696857,0.04789298915316424,28.71689300947857,0.7369009057820632,0.0598491371490848
HKUST,common,GBM,123,Zone A2,2000,101,2.470948103501733,1.0180015101575763,0.053913516267162946,27.842110463269247,5.261355001522876,0.09115987114699964
HKUST,common,GBM,123,Zone A4,2000,113,0.6535782163258902,0.2555609534463157,0.051596922422506526,27.306054198075735,1.2371348925124004,0.07421671779864336
HKUST,common,GBM,123,Zone A5,2000,107,0.23357040863954714,0.09099930751446451,0.05777877490004243,27.00731767736844,0.5641157571274887,0.05590884617639014
HKUST,common,GBM,123,Zone A6,2000,117,0.7461413308415251,0.3008105562800865,0.05881514895634904,26.929467140640117,1.7535956933208114,0.06414958798313053
HKUST,common,GBM,123,Zone A7,2000,113,0.135438796293247,0.05397360934138931,0.05105118593789937,25.2603456424698,0.30065681263063426,0.07736580845795193
HKUST,common,GBM,123,Zone D,2000,120,1.06095384945785,0.4035693621897133,0.05825006393279432,31.27218556563267,2.142017295682007,0.04501950896295692
HKUST,common,GBM,123,Zone J1,2000,127,0.32371277919971847,0.12643375730355969,0.06081694375447957,33.966618645150035,0.7390914243706337,0.050792915793348103
HKUST,common,GBM,123,Zone J2,2000,123,0.4051329000337005,0.16429934074436453,0.03672446379781343,35.82815065118427,0.9378765122090399,0.024304212901014033
HKUST,common,GBM,123,Zone L2,2000,122,0.10802864722719677,0.046522114268313146,0.05450486742038182,27.96607386258375,0.23422066799657887,0.10572604521636308
HKUST,common+weather,GBM,42,Indoor Sports Centre,2000,120,0.4673103795102282,0.2078159784972891,0.054503193318197835,33.37753251329366,0.9374843412634511,0.0798154123656103
HKUST,common+weather,GBM,42,LSK North,2000,109,0.7624344178786056,0.3271604203758375,0.05695198276268928,39.07460280876941,1.8782545572921054,0.0783652377584435
HKUST,common+weather,GBM,42,LSK South,2000,97,0.2919452224913738,0.11276274638641837,0.04987754175317834,28.282746029457968,0.8421806986518163,0.10112926835273672
HKUST,common+weather,GBM,42,Library,2000,137,1.832360796754985,0.7954142480911099,0.05496972450815938,63.363461128856315,4.108690055139411,0.011134202340106425
HKUST,common+weather,GBM,42,S H Ho Sports Hall,2000,97,0.4553875277309263,0.1947595571572877,0.047932653275637845,55.09272231675576,1.2914855535925416,-0.08801412680884524
HKUST,common+weather,GBM,42,SQ Apartment1-12,2000,127,0.24077052287510858,0.10720756765080444,0.05519727713780573,33.620512607428985,0.48256332120529205,0.057743274657237054
HKUST,common+weather,GBM,42,SQ Apartment13-24,2000,122,0.2344434831431985,0.10214720046077454,0.053969494277900196,32.04091794487416,0.5665818885823843,0.05703855729211993
HKUST,common+weather,GBM,42,SQ Apartment25-36,2000,133,0.2576867665466065,0.11343510558925732,0.059292859306628275,36.61749508507067,0.5944096192000186,0.0770002412189138
HKUST,common+weather,GBM,42,SQ Apartment37-48,2000,127,0.16508907919001922,0.07506445057057959,0.05410982602098303,38.82853695430687,0.3561201967290657,0.020007675072181708
HKUST,common+weather,GBM,42,SQ Block P,2000,104,0.4363522229550577,0.1861174142589912,0.05710669061052973,36.44676119910569,1.1792823261623357,-0.009091508431943174
HKUST,common+weather,GBM,42,SQ Block R,2000,102,0.42840177721681166,0.1804993609288287,0.054145826240749706,34.99757394413219,1.2110046409119901,0.05811939556159906
HKUST,common+weather,GBM,42,SQ Block S,2000,113,0.37624331354555546,0.1635125151323188,0.055081505760501415,38.64342347691614,0.9815396298112385,0.04584759324522847
HKUST,common+weather,GBM,42,SQ1,2000,117,0.3678537722651469,0.15772670722092505,0.05338502306992254,33.815421441653555,0.8140357710528098,0.13026982734332004
HKUST,common+weather,GBM,42,SQ2,2000,115,0.35793490274375805,0.15769323261902862,0.0522075412403381,33.29860333763418,0.8071218478625306,0.06727754550567655
HKUST,common+weather,GBM,42,SQ3,2000,110,0.4289428453873597,0.19350953792094855,0.05955281475042929,35.159846311458715,1.0600283276833165,0.052172143565091034
HKUST,common+weather,GBM,42,SQ4,2000,107,0.4264360578939012,0.1857209927892881,0.05709413012369812,32.956132354627066,1.0654136450262282,0.06323706640188298
HKUST,common+weather,GBM,42,SQ567,2000,125,0.5045366096349332,0.22369490915653764,0.05125495530728983,32.70936743642368,0.9813671962868046,0.0921794055845413
HKUST,common+weather,GBM,42,Shaw Auditorium,2000,107,0.9535829944451976,0.41165851246287277,0.05774797033370379,33.33804152850334,2.420484791328719,0.06706240995176616
HKUST,common+weather,GBM,42,UG Hall2 2F,2000,108,0.19183402738454072,0.08829778257220633,0.04717643942162324,49.21437599063553,0.490839775226763,-0.08506450915630093
HKUST,common+weather,GBM,42,UG Hall2 RF,2000,141,0.10322796019961165,0.04531387842577517,0.049533570153364515,42.14648388972746,0.25343400121942383,-0.06941396358592411
HKUST,common+weather,GBM,42,UG Hall3,2000,121,0.33210089089889755,0.1408274728552647,0.060130525239706245,34.48984340290397,0.8406600663680381,0.08094495490050513
HKUST,common+weather,GBM,42,UG Hall4,2000,109,0.36761132318376294,0.15988572028340808,0.05736755979771581,31.344243399149107,0.9723528244023304,0.07763109165144944
HKUST,common+weather,GBM,42,UG Hall6,2000,110,0.3012743281549536,0.13633435713826583,0.049214281387388224,31.886593042283685,0.5766948727745159,0.08240893751908651
HKUST,common+weather,GBM,42,UG Hall7,2000,97,0.2666626909844605,0.12083336184927997,0.04300029767149279,34.41388258875841,0.6416221899573957,-0.03013242929226445
HKUST,common+weather,GBM,42,UG Hall8,2000,131,0.27957333147853725,0.12339015900475545,0.0531237061459193,29.471400431884398,0.6209451101041735,0.17453598993665664
HKUST,common+weather,GBM,42,UG Hall9,2000,127,0.3253473786340258,0.14274247044583607,0.05701606988735589,32.35628962997291,0.7826653647935213,0.060394344349104734
HKUST,common+weather,GBM,42,Wong Check She Research Centre,2000,121,1.330610420220507,0.5780840187133777,0.0557575024480355,36.06989335854129,3.2134709446777916,0.059372049565266205
HKUST,common+weather,GBM,42,Zone A1,2000,121,0.4054469208492442,0.18169173038659414,0.054240281905687714,37.825459144944254,0.8796649088362603,-0.06474974180098902
HKUST,common+weather,GBM,42,Zone A2,2000,101,2.450103075569463,1.0896511511251188,0.05345869944971412,31.43245927292678,5.388365687789788,0.09882688683424157
HKUST,common+weather,GBM,42,Zone A4,2000,113,0.6641593791614073,0.2926999772480991,0.05243225540075846,37.49216501601976,1.362757253952892,0.059228666767139004
HKUST,common+weather,GBM,42,Zone A5,2000,107,0.22547618370922462,0.09951197669349561,0.05577649043702577,33.411495047364596,0.5173402682435627,0.08862568816971339
HKUST,common+weather,GBM,42,Zone A6,2000,117,0.7574437117095083,0.32860288928392606,0.05970606758909934,34.67975167261817,1.9291911334270477,0.04997353667104987
HKUST,common+weather,GBM,42,Zone A7,2000,113,0.1361870296970493,0.06087207012748234,0.051333218883169725,34.358280563860376,0.31579030895156296,0.0722687037841393
HKUST,common+weather,GBM,42,Zone D,2000,120,0.9745532906975347,0.42183607624399094,0.05350637213678518,43.44006876413219,1.8827854917130824,0.12278994928226405
HKUST,common+weather,GBM,42,Zone J1,2000,127,0.31116973840761825,0.13658246495771756,0.058460443006349797,43.528636016473484,0.7462414988160908,0.08757225829193094
HKUST,common+weather,GBM,42,Zone J2,2000,123,0.5086684562101039,0.2394635895785162,0.04610974893330976,66.33854482051933,1.0759398239551319,-0.2250441021034304
HKUST,common+weather,GBM,42,Zone L2,2000,122,0.10498128334372525,0.04887527697183446,0.05296734780208136,29.31420249752807,0.2119391000342461,0.13095248488477373
HKUST,common+weather,GBM,7,Indoor Sports Centre,2000,120,0.45950130942166706,0.20362519533179144,0.053592408376681486,33.211181907831694,1.0000507370347596,0.09519231442967713
HKUST,common+weather,GBM,7,LSK North,2000,109,0.7622459927183641,0.3330226106553031,0.0569379078649322,38.80912527587449,1.8530274567272969,0.07859300709005712
HKUST,common+weather,GBM,7,LSK South,2000,97,0.295676938855201,0.11276919240860625,0.050515088883285285,28.25798708833352,0.8381108421507666,0.0896396793482358
HKUST,common+weather,GBM,7,Library,2000,137,1.77564318727023,0.7758357845894106,0.05326823025350182,65.66203673397182,4.280915716633804,0.041742859894792206
HKUST,common+weather,GBM,7,S H Ho Sports Hall,2000,97,0.44206848905347934,0.18858486446230283,0.046530733319525015,52.765875493442415,1.2254275403638921,-0.056192213923391465
HKUST,common+weather,GBM,7,SQ Apartment1-12,2000,127,0.23573053974146105,0.10493915268473829,0.054041847716978696,33.690275917593695,0.4860294099896395,0.07746727552987231
HKUST,common+weather,GBM,7,SQ Apartment13-24,2000,122,0.23904698789244758,0.1026300199635258,0.05502923294025036,32.17362480286963,0.5691582819667422,0.038522676954285795
HKUST,common+weather,GBM,7,SQ Apartment25-36,2000,133,0.2571056406500571,0.11316064470453874,0.05915914419007296,36.946120874782956,0.6060519308777333,0.07908175696582176
HKUST,common+weather,GBM,7,SQ Apartment37-48,2000,127,0.16245156929373286,0.07367108493662039,0.05324535211200683,39.206727460254484,0.3436097668066155,0.03566431007168247
HKUST,common+weather,GBM,7,SQ Block P,2000,104,0.43982275763583895,0.1850586138643018,0.057560889626467604,36.42987767961666,1.2255843981140002,-0.01711733456931941
HKUST,common+weather,GBM,7,SQ Block R,2000,102,0.4248374663559092,0.1770989346926398,0.05369533194589348,34.86756344668994,1.2122177244431536,0.06595585994296449
HKUST,common+weather,GBM,7,SQ Block S,2000,113,0.3872220750833621,0.1684078698071217,0.05668878141196532,39.79488682722577,1.0623367988915189,0.01800547255537721
HKUST,common+weather,GBM,7,SQ1,2000,117,0.36535042378435995,0.15341948876848824,0.05302172295864206,33.56918345577198,0.8370581949132562,0.1361885860201928
HKUST,common+weather,GBM,7,SQ2,2000,115,0.37283327166984886,0.1627210658419014,0.054380582215555556,34.13154587831504,0.8185915499465171,0.028454722902502283
HKUST,common+weather,GBM,7,SQ3,2000,110,0.43127524501263165,0.19176528006122384,0.059876636360467694,34.77177096675125,1.0660292516628072,0.047018278986292295
HKUST,common+weather,GBM,7,SQ4,2000,107,0.4142851845365294,0.18281774956421645,0.05546728940106164,32.25355517168988,1.009321562276999,0.08992919892990392
HKUST,common+weather,GBM,7,SQ567,2000,125,0.5109929995618305,0.22458541839192045,0.05191084820154185,32.35402584872627,1.071719281903541,0.0805623224447174
HKUST,common+weather,GBM,7,Shaw Auditorium,2000,107,0.9437684138984087,0.4187128635249095,0.05715360979082995,35.00897673740305,2.3641448629315525,0.07666450140682901
HKUST,common+weather,GBM,7,UG Hall2 2F,2000,108,0.2076036621010705,0.0922930457573653,0.051054558580401053,50.87495336290275,0.5133778937593679,-0.1742617761196097
HKUST,common+weather,GBM,7,UG Hall2 RF,2000,141,0.10348345123238309,0.04552210282108038,0.04965616661822605,43.16355330250849,0.26235230943309573,-0.07206078211734179
HKUST,common+weather,GBM,7,UG Hall3,2000,121,0.3295944397081885,0.1431231864810373,0.05967670463664468,34.76249985232723,0.836615236665401,0.08788130067748179
HKUST,common+weather,GBM,7,UG Hall4,2000,109,0.36651103483677866,0.1599221561303777,0.057195854375277556,31.371554992338606,0.9530212712365096,0.08039181118719996
HKUST,common+weather,GBM,7,UG Hall6,2000,110,0.30353864498302624,0.13533810326359405,0.049584165958069776,31.61259075206373,0.607449894793698,0.0755125089491887
HKUST,common+weather,GBM,7,UG Hall7,2000,97,0.2670846844281925,0.11880353081052222,0.043068345599865915,34.436103306035335,0.6644582881655868,-0.031762612838872384
HKUST,common+weather,GBM,7,UG Hall8,2000,131,0.27286792673519855,0.12051277827096683,0.051849564763081696,29.647398383860136,0.6140187282232354,0.19433426704435375
HKUST,common+weather,GBM,7,UG Hall9,2000,127,0.3142757128067589,0.14063841244572814,0.05507579646260213,31.705543001132963,0.696711216674907,0.09236939782103926
HKUST,common+weather,GBM,7,Wong Check She Research Centre,2000,121,1.3088629529911586,0.5683120514676419,0.054846203063292964,34.62385557689587,3.1002467835858054,0.07474565194822247
HKUST,common+weather,GBM,7,Zone A1,2000,121,0.40441348719972503,0.18719625292925246,0.05410203018986919,38.00887944000274,0.836521064058564,-0.062035827463720716
HKUST,common+weather,GBM,7,Zone A2,2000,101,2.4640462457676082,1.1116776717790327,0.05376292491370837,31.80683220899207,5.455529036871137,0.09369844541471384
HKUST,common+weather,GBM,7,Zone A4,2000,113,0.6581674865728324,0.29173559146416006,0.05195922369723158,36.52651024418162,1.3715041242474721,0.06771608854571742
HKUST,common+weather,GBM,7,Zone A5,2000,107,0.22672690921704688,0.10136111725705264,0.05608588488471768,34.0518711484802,0.5356158169780765,0.08357025801195406
HKUST,common+weather,GBM,7,Zone A6,2000,117,0.7497618842874681,0.32244980286612696,0.05910054179202991,33.754858042880485,1.9468369303879163,0.059608495975409403
HKUST,common+weather,GBM,7,Zone A7,2000,113,0.13314400338642846,0.059968875973373116,0.050186205573474724,34.50840965123226,0.3080852861302963,0.09299836320803079
HKUST,common+weather,GBM,7,Zone D,2000,120,0.9834097220349445,0.4292169941629634,0.0539926210833196,41.44841903387402,1.9912709834175353,0.1148181424484821
HKUST,common+weather,GBM,7,Zone J1,2000,127,0.307727285765643,0.13562932344962278,0.05781369853978274,42.72920499801779,0.7362830762713624,0.0976663931076368
HKUST,common+weather,GBM,7,Zone J2,2000,123,0.4877699785820452,0.23230531255800257,0.044215344936455354,65.04522264723653,1.1088249922657845,-0.1747135647000666
HKUST,common+weather,GBM,7,Zone L2,2000,122,0.105523950122282,0.04935762686845707,0.0532411453694662,29.67063165474022,0.22406515888708187,0.12646022492738473
HKUST,common+weather,GBM,123,Indoor Sports Centre,2000,120,0.45762255587707923,0.20237577510031338,0.05337328619979931,33.30930999778203,0.9517524405942075,0.09889178298739476
HKUST,common+weather,GBM,123,LSK North,2000,109,0.7497176360002543,0.3268081510807724,0.05600207031730431,38.48871059521909,1.816452816389976,0.09373735104202563
HKUST,common+weather,GBM,123,LSK South,2000,97,0.2961774449224503,0.1117517807295488,0.050600598117017254,28.42886881641478,0.84514923679257,0.08809867021295004
HKUST,common+weather,GBM,123,Library,2000,137,1.7972702102319063,0.7829682280843439,0.05391702796639785,63.01886913259147,4.175929419738947,0.030071455796930824
HKUST,common+weather,GBM,123,S H Ho Sports Hall,2000,97,0.45438565894633876,0.19492593199239464,0.04782719973078869,52.94340496278379,1.260422381140251,-0.08562045696840959
HKUST,common+weather,GBM,123,SQ Apartment1-12,2000,127,0.23681015569389532,0.10511996814326753,0.05428935252037949,33.33073446492432,0.48630302915519047,0.07324219274224131
HKUST,common+weather,GBM,123,SQ Apartment13-24,2000,122,0.240690027478447,0.10316960324690551,0.055407464889145254,32.20254354671581,0.5738343703910002,0.03191416321925544
HKUST,common+weather,GBM,123,SQ Apartment25-36,2000,133,0.2519208202465316,0.11157770426936355,0.0579661344331642,36.831564360530564,0.5994486652886418,0.09765309474118133
HKUST,common+weather,GBM,123,SQ Apartment37-48,2000,127,0.15903992235638423,0.07257540643610853,0.05212714597062741,39.17709600865904,0.34931493322246177,0.055916332981791994
HKUST,common+weather,GBM,123,SQ Block P,2000,104,0.4341477539774423,0.18463288733421093,0.05681818531310591,36.50713281269293,1.1926359488654537,-0.00399353755225218
HKUST,common+weather,GBM,123,SQ Block R,2000,102,0.41844346807067395,0.1743818740152034,0.05288719262773938,33.47746177978432,1.1843132003090435,0.08001365169350516
HKUST,common+weather,GBM,123,SQ Block S,2000,113,0.3731848652980024,0.16211435019418913,0.05463375312623328,38.44140460717965,1.0236885873420614,0.05360381282781079
HKUST,common+weather,GBM,123,SQ1,2000,117,0.3734453697788507,0.15720937666106513,0.0541965073736682,33.996484972288336,0.8660592421482971,0.11704940815045972
HKUST,common+weather,GBM,123,SQ2,2000,115,0.36613911556434814,0.16300245031483632,0.05340418838453153,33.90415935781342,0.8376092311711888,0.04589864822419876
HKUST,common+weather,GBM,123,SQ3,2000,110,0.4372194659373245,0.1971512641533058,0.060701909683873234,35.40274867471529,1.0265504084728412,0.033883433078933045
HKUST,common+weather,GBM,123,SQ4,2000,107,0.41903178362728827,0.1853724914284529,0.056102796040606265,32.08748370585048,0.9977256211791556,0.07950222399060436
HKUST,common+weather,GBM,123,SQ567,2000,125,0.5210047980583952,0.22976160913721314,0.052927928577251974,33.489701156253275,1.0526944289915439,0.06254793718752949
HKUST,common+weather,GBM,123,Shaw Auditorium,2000,107,0.9512044729614767,0.4207723319826276,0.057603929606383664,34.8430266052957,2.3542374966900907,0.06938943561584221
HKUST,common+weather,GBM,123,UG Hall2 2F,2000,108,0.18600818530459104,0.08624947893848166,0.04574372964790956,49.744984669289344,0.48744018953208923,-0.052111989923458335
HKUST,common+weather,GBM,123,UG Hall2 RF,2000,141,0.0994092522588263,0.0436526960876052,0.04770117670769016,42.196409665472686,0.2527507665859024,-0.029853174175424213
HKUST,common+weather,GBM,123,UG Hall3,2000,121,0.3267304841920953,0.14144417417842392,0.059158153936645905,34.459679751448824,0.7986218124507246,0.09580700289069055
HKUST,common+weather,GBM,123,UG Hall4,2000,109,0.3742903854470107,0.16087385215845323,0.05840986040059467,31.4062807577549,0.9878748916634018,0.0608727412415947
HKUST,common+weather,GBM,123,UG Hall6,2000,110,0.30294172459778645,0.1341902983588835,0.04948665679429545,31.208013534137052,0.5797900533619169,0.0773305490519185
HKUST,common+weather,GBM,123,UG Hall7,2000,97,0.2579670267082125,0.11582033384583636,0.041598091195027664,33.53406565168643,0.6212234706330746,0.003459393141280853
HKUST,common+weather,GBM,123,UG Hall8,2000,131,0.28023475802693215,0.12231337310807594,0.05324938848267228,29.587230613465003,0.6158173025906762,0.17258307186642097
HKUST,common+weather,GBM,123,UG Hall9,2000,127,0.3215709632869378,0.14216329416610232,0.056354265380870364,32.199370022470966,0.727294774196528,0.07130066003269331
HKUST,common+weather,GBM,123,Wong Check She Research Centre,2000,121,1.3230559005563405,0.5760206428990887,0.05544094010772353,35.89403789031173,3.1857636346634735,0.06471244991103098
HKUST,common+weather,GBM,123,Zone A1,2000,121,0.3760647956637086,0.1738036049080065,0.050309570705036534,37.03936418071247,0.8212369301537524,0.012411061737326312
HKUST,common+weather,GBM,123,Zone A2,2000,101,2.403417698655935,1.0953935419588232,0.05244007310782567,31.780610988266815,5.34382165382904,0.11599824867284603
HKUST,common+weather,GBM,123,Zone A4,2000,113,0.6582436587509273,0.29252774116307173,0.05196523713199078,37.923905917758496,1.3686514492906388,0.0676081918513547
HKUST,common+weather,GBM,123,Zone A5,2000,107,0.22399487442594115,0.09992903347603789,0.05541005602380239,33.25969320079328,0.5140757191728337,0.09461313751558886
HKUST,common+weather,GBM,123,Zone A6,2000,117,0.7497737854644523,0.3258411526627967,0.05910147991121477,34.67629567551283,1.8834203149585185,0.05959356888194367
HKUST,common+weather,GBM,123,Zone A7,2000,113,0.13118880846840356,0.05938221641168555,0.049449230481870915,34.14716411795606,0.31435899630382114,0.10631751349487495
HKUST,common+weather,GBM,123,Zone D,2000,120,0.9735161580894602,0.420135056210464,0.05344942994202525,43.354299275894064,1.9586904230024826,0.12372348791623544
HKUST,common+weather,GBM,123,Zone J1,2000,127,0.30888945942423857,0.1353470149776428,0.05803203978105988,43.27358022979224,0.7379106475574647,0.09425860836542044
HKUST,common+weather,GBM,123,Zone J2,2000,123,0.4671554906621864,0.22295671899722683,0.04234668402231992,66.07748410774377,1.0343256067463984,-0.12506696968165176
HKUST,common+weather,GBM,123,Zone L2,2000,122,0.10105799896790105,0.04813193813780241,0.050987890498436446,29.878673336208156,0.2081962729313505,0.16342989827985588
Ausgrid,n/a,Persistence,0,1,2000,598,0.6233995027267827,0.38967599999999997,0.18925303665051085,140.4406449947895,0.7646371776064295,0.0
Ausgrid,n/a,Persistence,0,10,2000,531,0.2871269719131242,0.13950300000000002,0.0888932489313143,81.47536666976691,0.365323972002624,0.0
Ausgrid,n/a,Persistence,0,100,2000,268,0.4339801746623917,0.20773999999999998,0.07340666012557369,33.48418800618569,0.9240801557918871,0.0
Ausgrid,n/a,Persistence,0,101,2000,202,0.2949399159150894,0.142263,0.0923979862267903,27.545794666041783,0.6075064926516106,0.0
Ausgrid,n/a,Persistence,0,102,2000,233,0.42903908679746183,0.255197,0.12335160537909558,34.37326944818119,0.7550848401867357,0.0
Ausgrid,n/a,Persistence,0,103,2000,269,0.3730065951159577,0.183072,0.08318631288561243,37.013325258989944,0.6993342771713437,0.0
Ausgrid,n/a,Persistence,0,104,2000,227,0.9120351933999038,0.42726699999999995,0.11369174687109247,36.91161279937331,1.7516021413762912,0.0
Ausgrid,n/a,Persistence,0,105,2000,213,0.27522194679930595,0.15994799999999998,0.07422182433033238,28.405747636829297,0.527074003053495,0.0
Ausgrid,n/a,Persistence,0,106,2000,289,0.5629971207741653,0.236333,0.10146724929966792,38.69085709622698,0.986446364008578,0.0
Ausgrid,n/a,Persistence,0,107,2000,229,0.2533963298866027,0.15961999999999998,0.08613122111183687,27.28799398576883,0.426575722658442,0.0
Ausgrid,n/a,Persistence,0,108,2000,444,0.4554912007931657,0.229699,0.12773168838843682,53.40059655808144,0.6109194517909677,0.0
Ausgrid,n/a,Persistence,0,109,2000,160,0.48962253420364543,0.286135,0.1337035866203292,20.87262152519177,1.0855112390021577,0.0
Ausgrid,n/a,Persistence,0,11,2000,253,0.4128719728923241,0.23512699999999997,0.12458418011234884,33.72419319530713,0.7419188027550069,0.0
Ausgrid,n/a,Persistence,0,110,2000,684,0.43641408318247477,0.29776800000000003,0.1045874353377349,78.55922208363964,0.5258292198243196,0.0
Ausgrid,n/a,Persistence,0,111,2000,255,0.38727863612649743,0.17530500000000002,0.08734294905874998,33.0081600554863,0.6713238662026946,0.0
Ausgrid,n/a,Persistence,0,112,2000,543,0.837409584373143,0.467044,0.22268214956632618,91.01615750168726,1.1137417827969363,0.0
Ausgrid,n/a,Persistence,0,113,2000,225,0.323876291197735,0.19654400000000002,0.10724380503236255,33.3314267199641,0.6109382947565163,0.0
Ausgrid,n/a,Persistence,0,114,2000,308,0.7840541486402581,0.42227200000000004,0.13080366102174254,50.39579217422886,1.3449546702157158,0.0
Ausgrid,n/a,Persistence,0,115,2000,272,0.24575162664771927,0.13706699999999997,0.11068297661945957,35.47464723941215,0.4440747320520036,0.0
Ausgrid,n/a,Persistence,0,116,2000,229,0.33877944447678643,0.20444400000000001,0.12400328126323595,32.72630124879134,0.6071368988735565,0.0
Ausgrid,n/a,Persistence,0,117,2000,414,0.25157962954102625,0.126235,0.11150491952957874,48.591655996137376,0.3756178292136682,0.0
Ausgrid,n/a,Persistence,0,118,2000,173,0.34688780895269294,0.17660599999999999,0.11902219570993512,22.90316620101689,0.7432401178840994,0.0
Ausgrid,n/a,Persistence,0,119,2000,363,0.38757376330190363,0.219651,0.12226301681448064,40.02917239744354,0.5621861303688159,0.0
Ausgrid,n/a,Persistence,0,12,2000,182,0.23284128929380202,0.143521,0.08591866085630426,21.994199755588664,0.43793524033271714,0.0
Ausgrid,n/a,Persistence,0,120,2000,268,0.3676688374067076,0.16015300000000002,0.06682457968133544,37.47107758640716,0.7455957249573169,0.0
Ausgrid,n/a,Persistence,0,121,2000,670,0.680921302354391,0.319058,0.16607836642790028,138.05027397809764,0.8300027477026988,0.0
Ausgrid,n/a,Persistence,0,122,2000,127,0.28047810966276854,0.14103699999999997,0.04651378269697653,21.420552350439827,0.6964833600784314,0.0
Ausgrid,n/a,Persistence,0,123,2000,601,0.3919819817287524,0.236375,0.1571410171855847,85.84669599829454,0.49429185636411904,0.0
Ausgrid,n/a,Persistence,0,124,2000,351,0.7473105887112801,0.31555,0.1435479425108106,49.65963492134947,1.1345146432653375,0.0
Ausgrid,n/a,Persistence,0,125,2000,246,0.34729711775366057,0.19776999999999997,0.11342165831275658,33.03563425675729,0.592660955462802,0.0
Ausgrid,n/a,Persistence,0,126,2000,272,0.35536466340929285,0.161824,0.08076469622938473,36.028539047346655,0.6170153015549462,0.0
Ausgrid,n/a,Persistence,0,127,2000,349,0.41506638264258405,0.22222899999999998,0.13302983322412207,40.620499181886125,0.6863853161980256,0.0
Ausgrid,n/a,Persistence,0,128,2000,141,0.241868079745964,0.13473000000000002,0.06725806695715503,21.778667799068465,0.580995282020858,0.0
Ausgrid,n/a,Persistence,0,129,2000,301,0.4730520943828491,0.250028,0.10839873840120282,37.13442319141452,0.8236438365186836,0.0
Ausgrid,n/a,Persistence,0,13,2000,302,0.4338923000008182,0.192032,0.09119216057184072,47.35825447945783,0.6873280350855547,0.0
Ausgrid,n/a,Persistence,0,130,2000,281,0.42104386707325403,0.187777,0.10686229830846553,38.808376741508546,0.7453658205241867,0.0
Ausgrid,n/a,Persistence,0,131,2000,140,0.44802225614359825,0.24074099999999998,0.07713284200494101,23.34563118325236,1.11806327446808,0.0
Ausgrid,n/a,Persistence,0,132,2000,225,0.17717893780017985,0.10944200000000001,0.11939281522923172,29.194526865406395,0.31885375261325616,0.0
Ausgrid,n/a,Persistence,0,133,2000,474,0.6346475368265444,0.29070000000000007,0.13372205275716195,59.87840528221475,0.7912252742418913,0.0
Ausgrid,n/a,Persistence,0,134,2000,393,0.654629918350819,0.357929,0.08162020018238636,47.464728601599724,1.0326059378585632,0.0
Ausgrid,n/a,Persistence,0,135,2000,282,0.2794677942089213,0.15607200000000002,0.16734598455624033,36.19106886290724,0.5042547059875974,0.0
Ausgrid,n/a,Persistence,0,136,2000,355,0.19128898556895532,0.13632,0.12246413928870378,37.66108610206818,0.27123477694674797,0.0
Ausgrid,n/a,Persistence,0,137,2000,305,0.452603700824463,0.256117,0.11960985751175027,36.13145473722329,0.6697911590348976,0.0
Ausgrid,n/a,Persistence,0,138,2000,97,0.3815364648365867,0.11797500000000001,0.08090272982694754,20.72751683837745,1.0378622358572243,0.0
Ausgrid,n/a,Persistence,0,139,2000,266,0.5156306119694601,0.309818,0.12700261378558136,30.599239322864523,0.8732175658409725,0.0
Ausgrid,n/a,Persistence,0,14,2000,274,0.5975244915482545,0.288529,0.20064623624857436,43.53966944535822,1.152285700582292,0.0
Ausgrid,n/a,Persistence,0,140,2000,315,0.27629066216577064,0.129157,0.09686524028361825,63.67242723741371,0.46955157263614755,0.0
Ausgrid,n/a,Persistence,0,141,2000,178,0.5294308793412035,0.31257999999999997,0.08759610842839238,27.395317671356313,1.1186102533395643,0.0
Ausgrid,n/a,Persistence,0,142,2000,327,0.38555961925492144,0.1965,0.11053888166712197,42.21149678032907,0.6587746478859426,0.0
Ausgrid,n/a,Persistence,0,143,2000,135,0.5642805454736145,0.183709,0.08836102044973061,21.532155324601902,1.3033308326205053,0.0
Ausgrid,n/a,Persistence,0,144,2000,231,0.3318425620682193,0.16990100000000002,0.14013621708961965,31.290606930915587,0.5818486436830838,0.0
Ausgrid,n/a,Persistence,0,145,2000,255,0.4038325667897526,0.214081,0.10489157578954614,33.06377712557791,0.7568813101451632,0.0
Ausgrid,n/a,Persistence,0,146,2000,137,0.24558122078041716,0.071732,0.09423684604006799,20.454849316983545,0.6213191053371321,0.0
Ausgrid,n/a,Persistence,0,147,2000,216,0.5244538416295565,0.277402,0.07386673825768403,30.200844011121568,0.9749401975961853,0.0
Ausgrid,n/a,Persistence,0,148,2000,387,0.5848357906284465,0.31684099999999993,0.13230800691100641,52.918319086689095,0.8437191016449848,0.0
Ausgrid,n/a,Persistence,0,149,2000,388,0.7965722490772573,0.42577800000000005,0.16335386416861336,55.395994580480654,1.2033120401539168,0.0
Ausgrid,n/a,Persistence,0,15,2000,473,0.2045317823713469,0.107095,0.1400902618981828,54.317605471649685,0.2937074524987014,0.0
Ausgrid,n/a,Persistence,0,150,2000,503,0.17481550274503688,0.09195400000000001,0.10967095529801561,51.37603598115595,0.2266216577150711,0.0
Ausgrid,n/a,Persistence,0,151,2000,173,0.3487133837408596,0.170064,0.10729642576641833,25.699627351929806,0.781348500842477,0.0
Ausgrid,n/a,Persistence,0,152,2000,232,0.822476726722404,0.40131100000000003,0.11337797726895416,32.02467742799112,1.4496936299403593,0.0
Ausgrid,n/a,Persistence,0,153,2000,499,0.2979019368852777,0.174596,0.13479786645427222,55.761014752634765,0.394005716976315,0.0
Ausgrid,n/a,Persistence,0,154,2000,311,0.35209674522778533,0.19981900000000002,0.11009491364544978,39.02750903016028,0.5792030004718786,0.0
Ausgrid,n/a,Persistence,0,155,2000,405,0.24368691799109776,0.132269,0.14644646513888085,49.244206953214906,0.3516023848568679,0.0
Ausgrid,n/a,Persistence,0,156,2000,414,0.8187060962274557,0.390274,0.1488556538595374,46.82010004600958,1.2025944658426473,0.0
Ausgrid,n/a,Persistence,0,157,2000,234,0.5345061833131587,0.308562,0.12005978960313538,30.5195660946728,0.9778559487011655,0.0
Ausgrid,n/a,Persistence,0,158,2000,228,0.4626130175427406,0.23294,0.14164513703084525,41.50399913174316,0.8669576569518078,0.0
Ausgrid,n/a,Persistence,0,159,2000,268,0.7460111835622841,0.365689,0.1084908341979918,39.08631588262423,1.1922911219173717,0.0
Ausgrid,n/a,Persistence,0,16,2000,185,0.42849610499980045,0.20059000000000002,0.10149102086442259,25.76124107810946,0.8466132337540959,0.0
Ausgrid,n/a,Persistence,0,160,2000,277,0.49649763947072295,0.278531,0.10005998377080269,34.082923145111565,0.7438289660170008,0.0
Ausgrid,n/a,Persistence,0,161,2000,435,0.6793715860999782,0.36447,0.12815285160508505,52.57970573740197,0.9311373295259843,0.0
Ausgrid,n/a,Persistence,0,162,2000,628,0.37691637799384625,0.21940600000000002,0.11373457392693007,92.09789657582837,0.4620819818622919,0.0
Ausgrid,n/a,Persistence,0,163,2000,497,0.2571638738236769,0.141073,0.11829065033287806,52.683822561824,0.3380406199920174,0.0
Ausgrid,n/a,Persistence,0,164,2000,173,0.3011975730313908,0.129639,0.10013150611744333,29.415243002473247,0.7110732098923356,0.0
Ausgrid,n/a,Persistence,0,165,2000,441,0.49084637515214474,0.24489999999999998,0.18177879564488775,102.82288696783823,0.7501129468997159,0.0
Ausgrid,n/a,Persistence,0,166,2000,270,0.5466982366900409,0.317595,0.1181794718309643,37.53273777973767,0.9856345502602202,0.0
Ausgrid,n/a,Persistence,0,167,2000,500,0.4856799419370745,0.26771500000000004,0.1271356881858856,63.285388651226135,0.6374483571239321,0.0
Ausgrid,n/a,Persistence,0,168,2000,313,0.20720077702557005,0.117653,0.05362227930725315,34.96891533941426,0.3311611481896503,0.0
Ausgrid,n/a,Persistence,0,169,2000,431,0.3471764565750391,0.16616199999999998,0.14393717105101123,44.48880004988142,0.4671393716819489,0.0
Ausgrid,n/a,Persistence,0,17,2000,244,0.5340686903386118,0.287597,0.09363055580971455,31.00264485441615,0.9135884839646278,0.0
Ausgrid,n/a,Persistence,0,170,2000,169,0.36747643189733953,0.184494,0.14101059542802472,28.58627087231608,0.8240766179120417,0.0
Ausgrid,n/a,Persistence,0,171,2000,512,0.31606299055726217,0.13725900000000002,0.10670593874316751,56.409155252314015,0.4105039871152289,0.0
Ausgrid,n/a,Persistence,0,172,2000,189,0.3685357865933782,0.17306100000000002,0.11173913691592909,26.361945422605153,0.7050710347342061,0.0
Ausgrid,n/a,Persistence,0,173,2000,290,0.33739201531749385,0.188572,0.10101557344835146,34.82013259414409,0.5957246528967602,0.0
Ausgrid,n/a,Persistence,0,174,2000,219,0.28804097277991547,0.13075499999999998,0.1217422612859373,30.50396243057176,0.5264197502228213,0.0
Ausgrid,n/a,Persistence,0,175,2000,369,0.9618615939936472,0.48528899999999997,0.14257933695421063,87.05643873014748,1.562973668475219,0.0
Ausgrid,n/a,Persistence,0,176,2000,615,0.3086149153880933,0.153491,0.08207647034727723,64.58725240130343,0.32992866437646146,0.0
Ausgrid,n/a,Persistence,0,177,2000,336,0.4675801193378521,0.2032,0.1190983492964473,42.30899005221242,0.6432773600125858,0.0
Ausgrid,n/a,Persistence,0,178,2000,384,0.3213287195381079,0.167127,0.10708744177473603,50.14611673702053,0.4873917294298978,0.0
Ausgrid,n/a,Persistence,0,179,2000,345,0.38005187277528313,0.185993,0.11093166163902017,41.96405498469644,0.5587699326924807,0.0
Ausgrid,n/a,Persistence,0,18,2000,292,0.4127973522201905,0.206809,0.15631230559107553,38.88449495162277,0.7098570857516185,0.0
Ausgrid,n/a,Persistence,0,180,2000,374,0.293191200413655,0.167084,0.07936527540838482,54.177015243905416,0.451844088391011,0.0
Ausgrid,n/a,Persistence,0,181,2000,266,0.41787415091149155,0.260687,0.10127827215499068,33.1818044698904,0.6811111002083784,0.0
Ausgrid,n/a,Persistence,0,182,2000,98,0.22525996093402836,0.108187,0.1169574044309597,18.69972305470016,0.5921539719790894,0.0
Ausgrid,n/a,Persistence,0,183,2000,335,0.26838704886786174,0.168638,0.12078625061559935,35.35643912602106,0.4029315707986514,0.0
Ausgrid,n/a,Persistence,0,184,2000,628,0.4289031242600128,0.20896699999999999,0.1398901253294236,71.73600002750442,0.48068592842254027,0.0
Ausgrid,n/a,Persistence,0,185,2000,195,0.5029162077324612,0.26903200000000005,0.09935128560499033,24.03886014479096,0.9982720147257538,0.0
Ausgrid,n/a,Persistence,0,186,2000,303,0.20972158210351172,0.097951,0.1208004044142106,36.811755295587986,0.34174717074596433,0.0
Ausgrid,n/a,Persistence,0,187,2000,249,0.42976988493844004,0.158779,0.2501163285020181,43.257856449245864,0.8303259629924126,0.0
Ausgrid,n/a,Persistence,0,188,2000,360,0.9583053772154261,0.355114,0.12579504268388714,54.914125992741425,1.5101623238726505,0.0
Ausgrid,n/a,Persistence,0,189,2000,642,0.8170717826482566,0.461027,0.18896202188905104,106.21505554797707,1.0222192917245456,0.0
Ausgrid,n/a,Persistence,0,19,2000,288,0.23027261669595017,0.11229700000000001,0.09398882314120414,34.40200194404405,0.3639026312078548,0.0
Ausgrid,n/a,Persistence,0,190,2000,291,0.4920891789096769,0.28247000000000005,0.13676742048629154,39.51587153409882,0.8527417354357366,0.0
Ausgrid,n/a,Persistence,0,191,2000,398,0.9376533495914149,0.5811679999999999,0.1681587786211289,48.32244115874977,1.458803150930868,0.0
Ausgrid,n/a,Persistence,0,192,2000,334,0.40234107918531015,0.23082999999999998,0.09516108779217365,43.35017171244671,0.6505336823380381,0.0
Ausgrid,n/a,Persistence,0,193,2000,251,0.41726505964434646,0.21901299999999999,0.10654981541676022,33.09150459553956,0.8200814360494866,0.0
Ausgrid,n/a,Persistence,0,194,2000,612,0.4594052524732385,0.259879,0.10231720028980759,80.96376583038068,0.5078099266148973,0.0
Ausgrid,n/a,Persistence,0,195,2000,239,0.3857737964144273,0.22658300000000003,0.10829619714009747,33.337998650839374,0.692076035196801,0.0
Ausgrid,n/a,Persistence,0,196,2000,187,0.36550094938317196,0.19401600000000002,0.13329526534374803,30.51643954534925,0.7584995743427118,0.0
Ausgrid,n/a,Persistence,0,197,2000,297,0.41716572486243403,0.203567,0.08116064686039573,36.09399110368119,0.6656264814403141,0.0
Ausgrid,n/a,Persistence,0,198,2000,380,0.9668553480226502,0.42968599999999996,0.18242553736276418,91.50603379242915,1.4544538059643595,0.0
Ausgrid,n/a,Persistence,0,199,2000,224,0.3667039677996408,0.192424,0.08961485039091907,31.676220419363077,0.6170636254529535,0.0
Ausgrid,n/a,Persistence,0,2,2000,249,0.39446947410414407,0.192263,0.10270529607298141,31.50884464158757,0.7478431208036438,0.0
Ausgrid,n/a,Persistence,0,20,2000,237,0.4770474693361238,0.20970399999999997,0.07982722043777173,31.534446454968958,0.882920900452411,0.0
Ausgrid,n/a,Persistence,0,200,2000,296,0.43435226487264916,0.213061,0.0769309714616807,34.461152389982125,0.7068235377472325,0.0
Ausgrid,n/a,Persistence,0,201,2000,295,0.5249042598417354,0.277969,0.08302780275350427,37.1080462176922,0.8157403458603766,0.0
Ausgrid,n/a,Persistence,0,202,2000,459,0.26891743714381927,0.14008199999999998,0.10551740478694618,58.47345190847365,0.3528285826213587,0.0
Ausgrid,n/a,Persistence,0,203,2000,335,0.5374461126475845,0.265968,0.11577276377781988,47.1800604611039,0.837689024335724,0.0
Ausgrid,n/a,Persistence,0,204,2000,259,0.3444279286004548,0.186535,0.07794603254287441,32.2230308917849,0.7028859538308218,0.0
Ausgrid,n/a,Persistence,0,205,2000,268,0.4587849147476407,0.155865,0.10398570143872185,40.69759392844227,0.8287533165553503,0.0
Ausgrid,n/a,Persistence,0,206,2000,319,0.44063091130786547,0.217962,0.10661852586101053,44.46707824497593,0.6480459366820818,0.0
Ausgrid,n/a,Persistence,0,207,2000,339,0.4225899359899618,0.224623,0.060318203369672904,39.24846020733438,0.6784207585737017,0.0
Ausgrid,n/a,Persistence,0,208,2000,417,0.377496143026654,0.219205,0.14053061291579017,51.886639251064196,0.5459599602328526,0.0
Ausgrid,n/a,Persistence,0,209,2000,262,0.49290550615711326,0.241901,0.13623023347570165,38.04247574369949,0.8538195279211772,0.0
Ausgrid,n/a,Persistence,0,21,2000,283,0.6379999811912223,0.350218,0.10034365046298395,34.481404325938556,1.0248731163386224,0.0
Ausgrid,n/a,Persistence,0,210,2000,528,0.6210751419916917,0.28861400000000004,0.10629679094270801,58.44804377675895,0.7789270446640628,0.0
Ausgrid,n/a,Persistence,0,211,2000,73,0.16453346164230545,0.06755199999999999,0.06244580716796783,11.507615439674842,0.5108129969061272,0.0
Ausgrid,n/a,Persistence,0,212,2000,386,0.7876340355774375,0.46160900000000005,0.15270144156212434,49.945729666408546,1.1486838199150866,0.0
Ausgrid,n/a,Persistence,0,213,2000,84,0.35828616774863076,0.11474500000000001,0.09657361164982824,18.147773504590788,1.3758785418432697,0.0
Ausgrid,n/a,Persistence,0,214,2000,211,0.4372689378403181,0.171106,0.11428879713547259,34.24739997089784,0.767251140628809,0.0
Ausgrid,n/a,Persistence,0,215,2000,329,0.5013646417528863,0.255094,0.11903244106193882,48.50317362572456,0.8180528219209855,0.0
Ausgrid,n/a,Persistence,0,216,2000,235,0.2984612604677532,0.14676599999999998,0.12333109936684016,33.22943419214815,0.5594370726881374,0.0
Ausgrid,n/a,Persistence,0,217,2000,478,0.450965550790745,0.24900999999999998,0.10423960547513451,54.7763987434169,0.5889631126965039,0.0
Ausgrid,n/a,Persistence,0,218,2000,556,0.41129834913356994,0.186638,0.07855201473139227,65.40095918507485,0.6055006371447794,0.0
Ausgrid,n/a,Persistence,0,219,2000,510,0.31927390435173375,0.15530100000000002,0.1513146466121961,61.14749631260323,0.4176256039780598,0.0
Ausgrid,n/a,Persistence,0,22,2000,333,0.6320463005191945,0.295111,0.11230389135024778,80.1902954235389,1.02661629688069,0.0
Ausgrid,n/a,Persistence,0,220,2000,524,0.7430513737286272,0.413124,0.1494471789478333,94.72870858451843,1.0493309355078313,0.0
Ausgrid,n/a,Persistence,0,221,2000,198,0.45230334732345284,0.190659,0.07283467750780238,42.503717212526055,0.8397181104695224,0.0
Ausgrid,n/a,Persistence,0,222,2000,244,0.2947298763274602,0.165154,0.09970361776400359,27.13946332127786,0.5021330892744097,0.0
Ausgrid,n/a,Persistence,0,223,2000,671,0.5106389213524563,0.25768599999999997,0.1086465790111609,97.83706779252763,0.634334343711988,0.0
Ausgrid,n/a,Persistence,0,224,2000,720,0.6230984785730102,0.343577,0.1859995458426896,274.80385380026814,0.7024112755359213,0.0
Ausgrid,n/a,Persistence,0,225,2000,283,0.3467736783552062,0.18394400000000002,0.09890863615379528,35.11302771902293,0.544255214505016,0.0
Ausgrid,n/a,Persistence,0,226,2000,514,0.5584971781486456,0.312151,0.16481649594187567,73.30025008723378,0.7301594676843047,0.0
Ausgrid,n/a,Persistence,0,227,2000,420,0.26183859150247507,0.12498400000000001,0.11502562940781269,45.90434083988704,0.3470241929263585,0.0
Ausgrid,n/a,Persistence,0,228,2000,240,0.5611930808554219,0.331625,0.11314445064293133,33.69826485624848,0.9711827840319247,0.0
Ausgrid,n/a,Persistence,0,229,2000,304,0.4717697319667721,0.23059200000000002,0.09174900854280746,35.14116476994166,0.7650110164325465,0.0
Ausgrid,n/a,Persistence,0,23,2000,472,0.37470759266393305,0.189894,0.12168754592464813,58.80303426096408,0.43925366209175415,0.0
Ausgrid,n/a,Persistence,0,230,2000,157,0.32679435123637,0.178824,0.08379342339394105,24.216493130358604,0.6414009348571834,0.0
Ausgrid,n/a,Persistence,0,231,2000,276,0.8896672838763939,0.4006080000000001,0.17451300193730757,58.67942915593639,1.7117213685288446,0.0
Ausgrid,n/a,Persistence,0,232,2000,392,0.4956891344381073,0.245531,0.13085774404385092,48.9406855355702,0.7070573685698917,0.0
Ausgrid,n/a,Persistence,0,233,2000,226,0.25410486811550853,0.12247200000000001,0.10304124738570111,28.438397571293194,0.5083890573451779,0.0
Ausgrid,n/a,Persistence,0,234,2000,125,0.33529331338396834,0.154775,0.10172610568560121,20.165353174780513,0.6536351275750103,0.0
Ausgrid,n/a,Persistence,0,235,2000,660,0.42240324099135407,0.209461,0.15289840188781456,91.45075761325306,0.4805064436864946,0.0
Ausgrid,n/a,Persistence,0,236,2000,402,0.4466554399086616,0.255657,0.14010521954474955,47.57578416932446,0.6601981987945303,0.0
Ausgrid,n/a,Persistence,0,237,2000,514,0.42057173228832206,0.183967,0.09835634524984145,56.727472871270244,0.5526300611039882,0.0
Ausgrid,n/a,Persistence,0,238,2000,246,0.4597280391709864,0.255127,0.16199014769943143,33.59131853570887,0.8399886371666617,0.0
Ausgrid,n/a,Persistence,0,239,2000,270,0.2552692421738271,0.135889,0.10469148266162012,33.7485898023661,0.4841235226522103,0.0
Ausgrid,n/a,Persistence,0,24,2000,160,0.2865030156909347,0.142149,0.0823286893614448,25.804431787913362,0.5655982231230929,0.0
Ausgrid,n/a,Persistence,0,240,2000,350,0.2073032320056781,0.12225900000000002,0.07918381665610316,56.0004454027988,0.2888244746257788,0.0
Ausgrid,n/a,Persistence,0,241,2000,214,0.2807433347383335,0.142398,0.11087152607007254,28.929711558093768,0.5433431128833391,0.0
Ausgrid,n/a,Persistence,0,242,2000,328,0.655697962479677,0.335819,0.10596111285849881,46.493710345271,0.9458233282662692,0.0
Ausgrid,n/a,Persistence,0,243,2000,240,0.37065311006384394,0.15001,0.058332629339318466,27.61020199798596,0.7102374837569004,0.0
Ausgrid,n/a,Persistence,0,244,2000,262,0.3069474743339648,0.167518,0.11582923559772258,31.72917053676675,0.5763122563280197,0.0
Ausgrid,n/a,Persistence,0,245,2000,196,0.24827655950572539,0.090599,0.0707743898248932,25.762991451932276,0.4807082147780523,0.0
Ausgrid,n/a,Persistence,0,246,2000,348,0.4523777624950192,0.23924400000000004,0.1022530599432695,41.537114303786716,0.7151114293044399,0.0
Ausgrid,n/a,Persistence,0,247,2000,401,0.2581644514645655,0.148366,0.08564940994776915,48.89207208989107,0.3767477310719076,0.0
Ausgrid,n/a,Persistence,0,248,2000,313,0.8759635323459534,0.460369,0.16197550524148546,49.901162259479975,1.570151849558165,0.0
Ausgrid,n/a,Persistence,0,249,2000,303,0.45239314981551165,0.26566700000000004,0.12050481462262093,35.459191868097015,0.6852727818019243,0.0
Ausgrid,n/a,Persistence,0,25,2000,444,0.656999371384783,0.291027,0.1055251158664926,53.81052786927817,0.7838529578048803,0.0
Ausgrid,n/a,Persistence,0,250,2000,154,0.27866030216017496,0.127926,0.07399370742436934,20.670873044893362,0.619854025547155,0.0
Ausgrid,n/a,Persistence,0,251,2000,285,0.7738895605963425,0.300172,0.13090148183294018,45.37528007114037,1.3583010389014292,0.0
Ausgrid,n/a,Persistence,0,252,2000,441,0.2722221739682497,0.164404,0.11713216266716434,46.67228179134682,0.41034404015717957,0.0
Ausgrid,n/a,Persistence,0,253,2000,201,0.48211758109407293,0.32257100000000005,0.11628331020151016,28.454106027183045,0.8886246290438296,0.0
Ausgrid,n/a,Persistence,0,254,2000,315,0.7555340879139737,0.36938299999999996,0.11527831674000207,42.633086991790414,1.1613790489061249,0.0
Ausgrid,n/a,Persistence,0,255,2000,141,0.6053593164394185,0.343201,0.09798629272246981,20.59628609432996,1.2884897421410992,0.0
Ausgrid,n/a,Persistence,0,256,2000,244,0.7491945167978741,0.3901,0.11072194678123329,35.224747240260044,1.4323005111003628,0.0
Ausgrid,n/a,Persistence,0,257,2000,210,0.5300361685772019,0.23936000000000002,0.09119654931972043,29.01997336289717,0.9383857060576601,0.0
Ausgrid,n/a,Persistence,0,258,2000,316,0.3169007510246702,0.17942700000000003,0.10465678699625831,34.00010134616764,0.45274431826530853,0.0
Ausgrid,n/a,Persistence,0,259,2000,385,0.18458236643840062,0.093881,0.09219944477165228,41.54963547723327,0.23481281851777114,0.0
Ausgrid,n/a,Persistence,0,26,2000,184,0.48474628208991977,0.210355,0.08772100653093011,28.326645252110737,1.0888288283248677,0.0
Ausgrid,n/a,Persistence,0,260,2000,235,0.7124959284094191,0.222812,0.11209869278952188,55.95318968425882,1.3246971488495825,0.0
Ausgrid,n/a,Persistence,0,261,2000,227,0.2799140332316335,0.122181,0.08310838679585092,29.173539553933836,0.4813981106830011,0.0
Ausgrid,n/a,Persistence,0,262,2000,153,0.36122922085567777,0.19064100000000003,0.10706260250612853,21.43588968754552,0.8438303270889431,0.0
Ausgrid,n/a,Persistence,0,263,2000,353,0.31479955844949975,0.16705099999999998,0.11624799056480786,39.22941002961409,0.4268107965956948,0.0
Ausgrid,n/a,Persistence,0,264,2000,369,0.28535754063980856,0.13096100000000002,0.1342214751694763,62.3797164645508,0.45865310057457004,0.0
Ausgrid,n/a,Persistence,0,265,2000,232,0.24776835148985432,0.14687,0.08086434448102295,29.699773172369063,0.43691023302749266,0.0
Ausgrid,n/a,Persistence,0,266,2000,711,0.5965338464831648,0.333705,0.1491334616207912,372.1805699008379,0.6874188702929827,0.0
Ausgrid,n/a,Persistence,0,267,2000,396,0.9876211520618622,0.53195,0.18582680470951754,75.49165517632446,1.5710493212171825,0.0
Ausgrid,n/a,Persistence,0,268,2000,463,0.5214197196117538,0.20512799999999998,0.09122108460667491,51.309650204265864,0.5562549021794811,0.0
Ausgrid,n/a,Persistence,0,269,2000,478,0.32316684854731,0.18448199999999998,0.1049924784104321,60.28172048192138,0.4694936469419245,0.0
Ausgrid,n/a,Persistence,0,27,2000,271,0.4839761399077438,0.247442,0.14656439154843404,37.64761509475695,0.8543693127150723,0.0
Ausgrid,n/a,Persistence,0,270,2000,208,0.490853837715465,0.242875,0.1690268036210279,28.896146794845052,0.9522772806440198,0.0
Ausgrid,n/a,Persistence,0,271,2000,242,0.4993940207891961,0.24622,0.12668544413728972,36.386517470112025,1.006293321022198,0.0
Ausgrid,n/a,Persistence,0,272,2000,273,0.4464146816582089,0.215028,0.1770074986452115,43.375735570283794,0.8015588749659192,0.0
Ausgrid,n/a,Persistence,0,273,2000,430,0.6775947299086675,0.27475299999999997,0.10580688997913333,53.10630411132008,0.8853505415344528,0.0
Ausgrid,n/a,Persistence,0,274,2000,260,0.37342351827382275,0.23203800000000002,0.09972640213696472,31.764398182200498,0.689375380605237,0.0
Ausgrid,n/a,Persistence,0,275,2000,362,0.5128398989938283,0.282507,0.09720240693590378,39.64662315720261,0.7307409015467591,0.0
Ausgrid,n/a,Persistence,0,276,2000,293,0.6080809732264282,0.330309,0.11899474051181057,40.164657935688425,0.9182042721117301,0.0
Ausgrid,n/a,Persistence,0,277,2000,296,0.29601456720911556,0.15282600000000002,0.06412668886636001,34.91292227693348,0.56595555407575,0.0
Ausgrid,n/a,Persistence,0,278,2000,470,0.1466039699326045,0.100804,0.07301067238349172,53.39708805650355,0.20235814048680276,0.0
Ausgrid,n/a,Persistence,0,279,2000,323,0.5800759174452944,0.333871,0.12243054399436351,49.95711628189341,0.877648539993272,0.0
Ausgrid,n/a,Persistence,0,28,2000,149,0.35596743671296677,0.13102,0.07975288608923478,22.336288163867245,0.8883246730966189,0.0
Ausgrid,n/a,Persistence,0,280,2000,235,0.45789833151039105,0.238591,0.12600082318005099,33.73984278952694,0.8623200373460602,0.0
Ausgrid,n/a,Persistence,0,281,2000,380,0.43611360675860594,0.267767,0.13493614070501422,46.23697727141348,0.6435043695921656,0.0
Ausgrid,n/a,Persistence,0,282,2000,366,0.3072483230222746,0.159786,0.0956563894838962,40.04036022694266,0.46780642626947355,0.0
Ausgrid,n/a,Persistence,0,283,2000,536,0.20329511553404325,0.116234,0.06839242502356434,57.803003949848275,0.2279027515830041,0.0
Ausgrid,n/a,Persistence,0,284,2000,605,0.35893843483249327,0.161442,0.11445740906648381,80.20293251120658,0.41700140911825656,0.0
Ausgrid,n/a,Persistence,0,285,2000,217,0.4621711176609806,0.21329499999999998,0.15213005847958547,32.238824486914964,0.9495169764039306,0.0
Ausgrid,n/a,Persistence,0,286,2000,255,0.414815052764482,0.24037599999999998,0.09976311995297786,32.71272513457959,0.7079105515667977,0.0
Ausgrid,n/a,Persistence,0,287,2000,346,0.49522360000306936,0.302243,0.12775480089647792,41.46019014193132,0.7966319999551871,0.0
Ausgrid,n/a,Persistence,0,288,2000,458,0.5358619318443885,0.290321,0.1437980329598083,103.59963806612016,0.7691785955097769,0.0
Ausgrid,n/a,Persistence,0,289,2000,225,0.7560136056976753,0.32104600000000005,0.20510407099774153,29.238675281875842,1.443213876503872,0.0
Ausgrid,n/a,Persistence,0,29,2000,425,0.34201204657146217,0.20137799999999997,0.10673900317130441,50.216903024517514,0.44113070758729844,0.0
Ausgrid,n/a,Persistence,0,290,2000,364,0.5733411288229723,0.288921,0.1637181978363713,42.242195434058175,0.8553573509371378,0.0
Ausgrid,n/a,Persistence,0,291,2000,280,0.2565886630387243,0.176431,0.1507536033458234,32.9384072223419,0.40808875085136637,0.0
Ausgrid,n/a,Persistence,0,292,2000,636,0.5654990291768855,0.251332,0.13857960662852428,130.743697178038,0.6375025169514994,0.0
Ausgrid,n/a,Persistence,0,293,2000,370,0.9346032848219612,0.449038,0.11392043939809376,51.76524573542232,1.4338381679575598,0.0
Ausgrid,n/a,Persistence,0,294,2000,187,0.5717126988269545,0.330281,0.13573168098111962,26.456404276482925,1.1498192371302831,0.0
Ausgrid,n/a,Persistence,0,295,2000,378,0.32458774160463916,0.171241,0.11675818043332345,44.82381045418935,0.523093221633122,0.0
Ausgrid,n/a,Persistence,0,296,2000,386,0.2871529975466041,0.124174,0.08990388151114717,42.905185732143195,0.4372808111180054,0.0
Ausgrid,n/a,Persistence,0,297,2000,247,0.31727809568263615,0.162927,0.0796268836917088,33.01312261823798,0.5676633831763243,0.0
Ausgrid,n/a,Persistence,0,298,2000,141,0.14124082979082217,0.074988,0.08467675646931785,20.448634633623204,0.3166946310907436,0.0
Ausgrid,n/a,Persistence,0,299,2000,377,0.6754979955558713,0.378949,0.10306054814580035,49.53831158126899,1.0248051532471993,0.0
Ausgrid,n/a,Persistence,0,3,2000,135,0.22274264971037763,0.06766599999999999,0.09478410625973516,31.917293177932827,0.6330027675324206,0.0
Ausgrid,n/a,Persistence,0,30,2000,676,0.2999193958382818,0.15353400000000003,0.1219184535927975,90.3566179041002,0.3077034132611212,0.0
Ausgrid,n/a,Persistence,0,300,2000,287,0.5880171596135609,0.33466399999999996,0.11333828556049941,38.81034367594594,1.0375994876946073,0.0
Ausgrid,n/a,Persistence,0,31,2000,98,0.2023266813843394,0.08290900000000001,0.04248775333564457,22.74760867576228,0.5670188781365796,0.0
Ausgrid,n/a,Persistence,0,32,2000,259,0.4519854555182058,0.231286,0.14946608978776646,38.519585083583415,0.8202239358975725,0.0
Ausgrid,n/a,Persistence,0,33,2000,240,0.580745464037387,0.291159,0.08992651967132038,31.991838153301828,0.9217918691331575,0.0
Ausgrid,n/a,Persistence,0,34,2000,267,0.46394400524201196,0.23571999999999999,0.1101481493926904,37.42462409266885,0.7319805158987709,0.0
Ausgrid,n/a,Persistence,0,35,2000,221,0.6074578322813856,0.296755,0.11672902234461675,28.24045899357835,1.2066303403613483,0.0
Ausgrid,n/a,Persistence,0,36,2000,453,0.2809660192977079,0.174174,0.1284122574486782,54.58691587709416,0.3740016880886458,0.0
Ausgrid,n/a,Persistence,0,37,2000,411,0.5171011815882846,0.257498,0.1124340762071826,89.81580131307435,0.8102245881307719,0.0
Ausgrid,n/a,Persistence,0,38,2000,589,0.48217483965881086,0.234598,0.11409721714595619,85.7738644752465,0.5843894380292441,0.0
Ausgrid,n/a,Persistence,0,39,2000,435,0.43449124962420127,0.22654899999999997,0.11698741239208435,51.97423605867725,0.6070368354064107,0.0
Ausgrid,n/a,Persistence,0,4,2000,135,0.3747087935984423,0.11763399999999999,0.09495120620891868,22.511979313231695,0.9393107638641808,0.0
Ausgrid,n/a,Persistence,0,40,2000,421,0.20548743027251085,0.12236799999999999,0.07412966460047289,44.41364107557012,0.27792401429116365,0.0
Ausgrid,n/a,Persistence,0,41,2000,340,0.30306708828244616,0.14952000000000001,0.10816137398150799,41.092327687737594,0.4632952939667796,0.0
Ausgrid,n/a,Persistence,0,42,2000,181,0.44898988630034864,0.246971,0.11258522725685774,28.004059755547967,0.8910329718400309,0.0
Ausgrid,n/a,Persistence,0,43,2000,488,0.36497656637104803,0.184339,0.10010328205459353,53.2196843876058,0.4926013751037429,0.0
Ausgrid,n/a,Persistence,0,44,2000,495,0.4645712152081745,0.21899700000000002,0.11845263008877474,69.85686010042066,0.6844621393488615,0.0
Ausgrid,n/a,Persistence,0,45,2000,399,0.3247763199495924,0.16804899999999998,0.09164039806367115,46.25195742371097,0.5188389583113956,0.0
Ausgrid,n/a,Persistence,0,46,2000,363,0.47709732969279967,0.291961,0.13348665676944263,43.249885105917244,0.712863561490048,0.0
Ausgrid,n/a,Persistence,0,47,2000,337,0.402627006049023,0.217777,0.10239594666638434,39.06901776208483,0.6058835175140946,0.0
Ausgrid,n/a,Persistence,0,48,2000,334,0.5560108092474462,0.24258,0.1296666999177813,75.57156819718647,0.9052477214142814,0.0
Ausgrid,n/a,Persistence,0,49,2000,295,0.5471717408638717,0.204459,0.0858419029371415,35.67677293716512,1.0914000897618634,0.0
Ausgrid,n/a,Persistence,0,5,2000,259,0.5055935264617221,0.21658499999999997,0.18217879638726567,35.27322108248011,0.9205191417605016,0.0
Ausgrid,n/a,Persistence,0,50,2000,587,0.5361956788337631,0.28239299999999995,0.20814080044165567,159.74649958973984,0.7405703083444292,0.0
Ausgrid,n/a,Persistence,0,51,2000,288,0.44112089272669913,0.219183,0.12349443663803607,40.60085067639419,0.7410996427981568,0.0
Ausgrid,n/a,Persistence,0,52,2000,283,0.6479947777567346,0.272858,0.14875913171642213,84.65568156739357,1.2414818855242333,0.0
Ausgrid,n/a,Persistence,0,53,2000,365,0.43051723542734033,0.195215,0.12293467602151353,48.99029442539552,0.694518838073062,0.0
Ausgrid,n/a,Persistence,0,54,2000,248,0.3861015565884188,0.197036,0.08637251584125477,30.802711419979495,0.6889325895203579,0.0
Ausgrid,n/a,Persistence,0,55,2000,330,0.43855084083832285,0.28974399999999995,0.08913671210824474,38.735497961300894,0.7013506277392949,0.0
Ausgrid,n/a,Persistence,0,56,2000,245,0.5658566426224932,0.311766,0.09510355512235301,36.513228055844614,1.0943695827614497,0.0
Ausgrid,n/a,Persistence,0,57,2000,429,0.8312479076665397,0.398626,0.14391411143811284,63.25700891859086,1.091194200505475,0.0
Ausgrid,n/a,Persistence,0,58,2000,346,1.011112952147286,0.5499089999999999,0.1878693705216065,58.0691062314721,1.726675408210217,0.0
Ausgrid,n/a,Persistence,0,59,2000,355,0.4333630441096702,0.229368,0.10910229504684449,39.18420031214801,0.6283390042209317,0.0
Ausgrid,n/a,Persistence,0,6,2000,233,0.43972901200625825,0.26599,0.11936183822102557,30.456374729833307,0.6746903533928533,0.0
Ausgrid,n/a,Persistence,0,60,2000,364,0.3840107576618134,0.16475900000000002,0.07242520659688648,41.85377052437711,0.6250455543837945,0.0
Ausgrid,n/a,Persistence,0,61,2000,214,0.4336425924652697,0.218923,0.08922687087762751,28.42284399750274,0.934412974801097,0.0
Ausgrid,n/a,Persistence,0,62,2000,178,0.6974835826024868,0.25892200000000004,0.07915183354034179,24.041458003384832,1.6431099999422172,0.0
Ausgrid,n/a,Persistence,0,63,2000,253,0.32459566232468356,0.203246,0.12424429001618414,30.720511874011038,0.5691867994325074,0.0
Ausgrid,n/a,Persistence,0,64,2000,425,0.36478851407356566,0.193,0.13083626447603414,47.83324470889772,0.5208117284303304,0.0
Ausgrid,n/a,Persistence,0,65,2000,210,0.4577147059031423,0.230076,0.10294074651641946,29.712850346355026,0.8742180070265791,0.0
Ausgrid,n/a,Persistence,0,66,2000,290,0.26985169260169556,0.142078,0.1299863644516838,34.12536935559978,0.44626262563033753,0.0
Ausgrid,n/a,Persistence,0,67,2000,291,0.37195893052862705,0.235091,0.13888392596842186,35.00078494864226,0.6134208065517935,0.0
Ausgrid,n/a,Persistence,0,68,2000,240,0.3720531064243383,0.183151,0.14039263059908863,45.88047489397739,0.6816601425930666,0.0
Ausgrid,n/a,Persistence,0,69,2000,127,0.35896846658167625,0.19202999999999998,0.0976851395555287,23.170244897700776,0.865177893500276,0.0
Ausgrid,n/a,Persistence,0,7,2000,398,0.2811606729256423,0.1664,0.10633913499456969,45.67373578076637,0.4090041712015924,0.0
Ausgrid,n/a,Persistence,0,70,2000,221,0.5656266507158234,0.278732,0.08650683193074644,29.592795851556698,0.9223367333971665,0.0
Ausgrid,n/a,Persistence,0,71,2000,605,0.5492153730550521,0.332289,0.17035216285826676,79.9466623703658,0.6761199609927905,0.0
Ausgrid,n/a,Persistence,0,72,2000,486,0.4433660699692749,0.25388,0.1896152961070216,95.3361856187303,0.6346518568663203,0.0
Ausgrid,n/a,Persistence,0,73,2000,192,0.2544797830869871,0.118304,0.1026095057768245,24.25242276736653,0.5920212552490549,0.0
Ausgrid,n/a,Persistence,0,74,2000,303,0.7026895203430886,0.283731,0.12619371668092988,41.126004646657655,1.0752240076684796,0.0
Ausgrid,n/a,Persistence,0,75,2000,417,0.9575707963383178,0.5526289999999999,0.16681720561131927,69.18668381673821,1.5577950074935094,0.0
Ausgrid,n/a,Persistence,0,76,2000,263,0.43591569368399663,0.21659999999999996,0.13838593450285608,41.36444176533191,0.7948936079179058,0.0
Ausgrid,n/a,Persistence,0,77,2000,380,0.39393404016408634,0.194188,0.12233292553959317,60.96677401269298,0.603376961687084,0.0
Ausgrid,n/a,Persistence,0,78,2000,173,0.7257730705943836,0.28584699999999996,0.13440242048044138,36.1383635024552,1.786474896244919,0.0
Ausgrid,n/a,Persistence,0,79,2000,318,0.5427724219228534,0.276519,0.12587311445639843,43.14874721768287,0.8603280345566017,0.0
Ausgrid,n/a,Persistence,0,8,2000,359,0.5336622190112393,0.311766,0.07032976001729564,38.91345042645844,0.8067283216537134,0.0
Ausgrid,n/a,Persistence,0,80,2000,646,0.993512050254047,0.6488389999999999,0.23310935012999698,134.42057573851324,1.1819085080336078,0.0
Ausgrid,n/a,Persistence,0,81,2000,399,0.3823719471927824,0.161267,0.1587923368740791,119.32126424707216,0.6247897531081735,0.0
Ausgrid,n/a,Persistence,0,82,2000,356,0.9620063430144316,0.466184,0.13897829136049472,52.740616439036515,1.6367088448152987,0.0
Ausgrid,n/a,Persistence,0,83,2000,759,0.44807739063693003,0.20438,0.1366923095292648,121.49855669288145,0.5022100511154374,0.0
Ausgrid,n/a,Persistence,0,84,2000,111,0.47842457921808323,0.240845,0.10324224842858938,21.781479611388608,1.2756953518103886,0.0
Ausgrid,n/a,Persistence,0,85,2000,470,0.8467071217369085,0.426509,0.1014263442425621,121.78334212595254,1.330171209584883,0.0
Ausgrid,n/a,Persistence,0,86,2000,214,0.6284272432032207,0.235592,0.10834952469021049,34.853776795186675,1.2911664218728593,0.0
Ausgrid,n/a,Persistence,0,87,2000,135,0.17821594765901283,0.074588,0.0881393226733261,19.71332298919923,0.43614499797574113,0.0
Ausgrid,n/a,Persistence,0,88,2000,444,0.1915895560827886,0.11433700000000002,0.09570099107014457,43.26806296412209,0.26031915615847995,0.0
Ausgrid,n/a,Persistence,0,89,2000,323,0.5003379058196571,0.297634,0.11039674192544378,38.268122737942036,0.7563563708678086,0.0
Ausgrid,n/a,Persistence,0,9,2000,347,0.17979827585380234,0.08022,0.060133604858160446,75.07458910555783,0.291015572436556,0.0
Ausgrid,n/a,Persistence,0,90,2000,274,0.20582772893854706,0.13266899999999998,0.12150325496221846,31.962527307086447,0.32968970149228655,0.0
Ausgrid,n/a,Persistence,0,91,2000,402,0.5970733070570146,0.353939,0.12109325612784708,44.85732417311124,0.8296296842177981,0.0
Ausgrid,n/a,Persistence,0,92,2000,394,0.2950984717005495,0.1738,0.09422045712022652,41.417091395535465,0.34279790852829095,0.0
Ausgrid,n/a,Persistence,0,93,2000,208,0.379787595900656,0.176905,0.08298683614932333,27.121725409469704,0.8189173082139048,0.0
Ausgrid,n/a,Persistence,0,94,2000,212,0.4536077402337839,0.22772499999999998,0.12358873667923105,32.48459998166348,0.9006917048412355,0.0
Ausgrid,n/a,Persistence,0,95,2000,300,0.8143698963002008,0.36398199999999997,0.19501194834774926,49.59309509508883,1.4004184993541513,0.0
Ausgrid,n/a,Persistence,0,96,2000,241,0.6815030300739682,0.33711,0.10013268146840555,36.294516207000434,1.2181811215140703,0.0
Ausgrid,n/a,Persistence,0,97,2000,219,0.3211271025622098,0.145804,0.10841563219520924,32.9372311660177,0.6661870649295527,0.0
Ausgrid,n/a,Persistence,0,98,2000,254,0.4175976029624691,0.258659,0.15086509597563186,30.53974298690571,0.6923312893212529,0.0
Ausgrid,n/a,Persistence,0,99,2000,438,0.34618801827908485,0.195084,0.15962927942042837,49.7235827649812,0.5156338565034327,0.0
Ausgrid,common,GBM,42,1,2000,598,0.5498987010895381,0.3526816427362021,0.16693949638419492,125.86564814702506,0.5652843414240643,0.11790320864188719
Ausgrid,common,GBM,42,10,2000,531,0.2648415897978083,0.14823603588028925,0.08199379254549755,111.48799138619378,0.33254267404656346,0.0776150772838532
Ausgrid,common,GBM,42,100,2000,268,0.37397890735636496,0.2252385108091273,0.06325759596690883,44.997837780316104,0.7335058047846423,0.13825808368482229
Ausgrid,common,GBM,42,101,2000,202,0.2756196273927,0.15710999927954739,0.08634537802945401,37.88674267834013,0.46134093383095587,0.06550584535987836
Ausgrid,common,GBM,42,102,2000,233,0.39089135914587314,0.2462360990536787,0.11238387867961804,33.95032165219688,0.552203935807153,0.08891434096678763
Ausgrid,common,GBM,42,103,2000,269,0.36216986381246397,0.21082158547433572,0.08076955207582166,53.017638574800884,0.6078433703011413,0.029052385253737545
Ausgrid,common,GBM,42,104,2000,227,0.9010643745033503,0.48292512845051805,0.11232415538560837,44.05156868301781,1.2919468084042873,0.012028942496896677
Ausgrid,common,GBM,42,105,2000,213,0.24469705427879632,0.1575729344922237,0.06598987467403682,30.57101017262273,0.43302522006240507,0.11091009592621126
Ausgrid,common,GBM,42,106,2000,289,0.5241528309425573,0.26823236470749423,0.0944664617382812,58.98319206689572,0.825364825088145,0.06899553905034916
Ausgrid,common,GBM,42,107,2000,229,0.25642166492880764,0.16407114044898333,0.08715955408561808,27.51360454972981,0.3802416360595544,-0.011939143094767068
Ausgrid,common,GBM,42,108,2000,444,0.39992610877639506,0.21495610290537184,0.11214977812013321,57.59104808813045,0.43533377224089653,0.12198938622746791
Ausgrid,common,GBM,42,109,2000,160,0.45521255841943786,0.2774752982885706,0.1243070885907804,18.90678363276898,0.6351939656958148,0.0702785786609561
Ausgrid,common,GBM,42,11,2000,253,0.37474769059968277,0.21860436560152777,0.11308017217854038,33.2320831909792,0.5264759887257195,0.09233923539436772
Ausgrid,common,GBM,42,110,2000,684,0.3786869510175364,0.26560653529066813,0.09075302225347855,76.34806737792128,0.46618099169835964,0.13227605246827312
Ausgrid,common,GBM,42,111,2000,255,0.3788375263812046,0.19777061085137457,0.08543922561596855,48.82035635418422,0.5775628502341111,0.021795960215413746
Ausgrid,common,GBM,42,112,2000,543,0.7043943447827584,0.40817497496688354,0.18731102409820846,87.21294864610924,0.7385540947586903,0.15884131501785392
Ausgrid,common,GBM,42,113,2000,225,0.29863776040905404,0.1882718208632334,0.09888667563213711,32.67282053246373,0.4484751892205173,0.0779264536324833
Ausgrid,common,GBM,42,114,2000,308,0.6933608645091962,0.41651069836429144,0.11567331114093217,63.17233683341685,1.0311041073831233,0.11567222020104895
Ausgrid,common,GBM,42,115,2000,272,0.21826091956685562,0.1263235496801723,0.09830155994039369,35.91032534758903,0.3005540374317406,0.11186378481340065
Ausgrid,common,GBM,42,116,2000,229,0.3086715370457354,0.1915566738821761,0.11298289801895114,31.83326793183097,0.399671287944064,0.08887170671629707
Ausgrid,common,GBM,42,117,2000,414,0.21948333639822654,0.12097575716768093,0.09727922649308421,54.31660496883781,0.27044450315360985,0.12757906195090263
Ausgrid,common,GBM,42,118,2000,173,0.3357121134406233,0.18452523348673214,0.1151876538664263,24.29860801559946,0.481319130195386,0.03221703162705769
Ausgrid,common,GBM,42,119,2000,363,0.3452551321958385,0.20166305231781598,0.10891329091351372,38.86398214881007,0.39345620213917126,0.10918858579470125
Ausgrid,common,GBM,42,12,2000,182,0.24001144709478475,0.14339311246689213,0.0885644560168502,21.197656801918804,0.42816359588791325,-0.03079418526984412
Ausgrid,common,GBM,42,120,2000,268,0.37085527291720516,0.20718579164845125,0.0674037209954935,60.90253671023898,0.7054122061123941,-0.008666591199223195
Ausgrid,common,GBM,42,121,2000,670,0.6072360952141785,0.31831433477565896,0.14810636468638502,163.2592132542963,0.5882748573003841,0.1082139843259925
Ausgrid,common,GBM,42,122,2000,127,0.3065372340108284,0.19152481060911336,0.05083536219085047,31.94584821790793,0.7445475574654803,-0.09290965480119606
Ausgrid,common,GBM,42,123,2000,601,0.3368802152872547,0.21439534887559966,0.13505135992850387,88.1144545068137,0.3617726590651909,0.14057219211577843
Ausgrid,common,GBM,42,124,2000,351,0.6583655716216738,0.3174849045983451,0.12646284510596884,64.19264389507005,0.8253070451071198,0.11902014829334884
Ausgrid,common,GBM,42,125,2000,246,0.360318692795809,0.2190387042125938,0.11767429549177304,34.9571422611158,0.47952961702705377,-0.03749404868768513
Ausgrid,common,GBM,42,126,2000,272,0.3470423983140372,0.18082846741473468,0.07887327234409937,49.977920210089565,0.6433093477473137,0.023418943840430306
Ausgrid,common,GBM,42,127,2000,349,0.3628433436316895,0.20838977843770423,0.11629221615707469,40.66706025902165,0.447031079774602,0.12581852251779224
Ausgrid,common,GBM,42,128,2000,141,0.2548106934912733,0.168514068807656,0.07085711641749265,28.948129815945034,0.49475158091859145,-0.05351104519001848
Ausgrid,common,GBM,42,129,2000,301,0.44762595915064296,0.26093756232392323,0.10257240127191636,44.38724583529614,0.6597193110753116,0.05374912305457069
Ausgrid,common,GBM,42,13,2000,302,0.41179697672030846,0.22666397082826986,0.0865483347457563,85.09688960862908,0.6346963326210415,0.0509235201465158
Ausgrid,common,GBM,42,130,2000,281,0.39364086944594506,0.21617014807545892,0.09990732868178248,49.42965734378971,0.6331677386335012,0.06508347412299764
Ausgrid,common,GBM,42,131,2000,140,0.40270396331592123,0.2439174085176438,0.06933071014055771,25.12547747977042,0.8358103334792325,0.1011518785199631
Ausgrid,common,GBM,42,132,2000,225,0.16937089838993555,0.10680603722737504,0.11413133314685685,28.84800690093273,0.22625821525285114,0.04406866587635894
Ausgrid,common,GBM,42,133,2000,474,0.5723061009395145,0.28419086196780285,0.12058653375660358,66.49307014717087,0.6325140166503374,0.09823001314833502
Ausgrid,common,GBM,42,134,2000,393,0.60950819589187,0.38721939342033146,0.07599435889949552,61.61712973081185,0.9097068528763641,0.06892707038600099
Ausgrid,common,GBM,42,135,2000,282,0.2485145507788832,0.1422204188252204,0.14881110825082827,32.98739971047488,0.32083331531570997,0.11075781922441641
Ausgrid,common,GBM,42,136,2000,355,0.177831981738002,0.12543835692414432,0.11384889996030859,34.07650850015443,0.21039300072722292,0.070349078337824
Ausgrid,common,GBM,42,137,2000,305,0.421387978846316,0.24262125649021551,0.11136045952598203,33.96625856355049,0.46952714257175165,0.0689692150578628
Ausgrid,common,GBM,42,138,2000,97,0.41886344904882833,0.2106240676017637,0.08881771357632819,232.87807747121425,0.6995956851265682,-0.0978333335143442
Ausgrid,common,GBM,42,139,2000,266,0.44949122547758785,0.27922790828914845,0.11071212450186893,28.30147521455386,0.5747411564338615,0.12826892926168942
Ausgrid,common,GBM,42,14,2000,274,0.5149866945436468,0.2759830904151696,0.1729303876909492,44.89680800486949,0.6890650674380369,0.13813291031927888
Ausgrid,common,GBM,42,140,2000,315,0.24746563587120401,0.14554296075967282,0.08675942246003374,107.12417353706927,0.40722464281009296,0.10432863010503046
Ausgrid,common,GBM,42,141,2000,178,0.5530494746986755,0.3545189529545453,0.09150388396735201,32.511705041777,1.0049315566124655,-0.0446112916323691
Ausgrid,common,GBM,42,142,2000,327,0.33421674434616755,0.19046773674556622,0.09581902074144712,51.17241385419583,0.46534034488865766,0.13316455444159825
Ausgrid,common,GBM,42,143,2000,135,0.5444315103455414,0.247161179784661,0.08525284843684115,42.70787382894239,0.9915604990320978,0.03517582749802817
Ausgrid,common,GBM,42,144,2000,231,0.29215532936406335,0.16277779780256685,0.12337640598144568,36.541089075612504,0.39802985062321333,0.11959657150910374
Ausgrid,common,GBM,42,145,2000,255,0.3929175158777836,0.2681166761859856,0.10205649763059314,48.22222667190786,0.6103448100346185,0.027028654471177638
Ausgrid,common,GBM,42,146,2000,137,0.22357049217559416,0.10128407830768806,0.08579067236208525,53.08479446037805,0.4714611386999038,0.08962708359733895
Ausgrid,common,GBM,42,147,2000,216,0.5009875008155973,0.30535608079418614,0.07056161983318272,42.05164048543614,0.8330046270169691,0.04474433963729929
Ausgrid,common,GBM,42,148,2000,387,0.5245337543261658,0.31015952696755833,0.11866581475437296,63.32189550308549,0.5982134012231042,0.10310934670650374
Ausgrid,common,GBM,42,149,2000,388,0.707921396219634,0.4064946450455039,0.14517414551420238,60.159570381026064,0.8302180254880536,0.11129041083255875
Ausgrid,common,GBM,42,15,2000,473,0.1775644144718457,0.10083412626008852,0.12161946196701763,55.75809006221124,0.22478126270894447,0.13184927832164184
Ausgrid,common,GBM,42,150,2000,503,0.1537205582620483,0.08602759086442123,0.09643698761734523,52.2349302910574,0.17576873554606995,0.12066975841241556
Ausgrid,common,GBM,42,151,2000,173,0.3132317648284254,0.16907851218618777,0.09637900456259244,28.14465991461693,0.5385414458739498,0.10175009210085761
Ausgrid,common,GBM,42,152,2000,232,0.7587753331285412,0.3986417137373234,0.1045967742023739,35.448655063324495,1.1500497609297597,0.0774506943773533
Ausgrid,common,GBM,42,153,2000,499,0.2587523119165063,0.15623330594019652,0.11708302386730512,53.529268903625514,0.275830922401892,0.13141782620852172
Ausgrid,common,GBM,42,154,2000,311,0.31436255491954795,0.18888506909874211,0.09829604734017122,39.26003562900643,0.44778759750134345,0.10716994922468148
Ausgrid,common,GBM,42,155,2000,405,0.22115347005637562,0.12846933919750228,0.1329047296011873,51.04922078058941,0.2344746835172112,0.09246884535486355
Ausgrid,common,GBM,42,156,2000,414,0.7295421762932799,0.3832349703859991,0.13264403205332362,55.946663605592065,0.7592146000478739,0.10890833761350671
Ausgrid,common,GBM,42,157,2000,234,0.49380786922681114,0.29837381440783534,0.11091820961967906,30.61537690665158,0.7021964138581503,0.07614189574772989
Ausgrid,common,GBM,42,158,2000,228,0.44794320215401356,0.27938767854902913,0.13715346054929994,54.024642390849856,0.6434304528204693,0.03171077084395202
Ausgrid,common,GBM,42,159,2000,268,0.7537009073977398,0.40581525627199977,0.10960913452919735,48.1694338129967,0.9280534745516201,-0.010307786270356445
Ausgrid,common,GBM,42,16,2000,185,0.43199946115799764,0.2260147435621335,0.10232080481997866,36.251579863129855,0.7119261407793394,-0.008175934663860795
Ausgrid,common,GBM,42,160,2000,277,0.47666439240529745,0.2789490381625131,0.0960629569539092,37.77319143064867,0.64050304465063,0.039946306867779224
Ausgrid,common,GBM,42,161,2000,435,0.6134188504823925,0.35311268821967545,0.11571189688534199,59.019741693511065,0.7186468746205329,0.09707903151528019
Ausgrid,common,GBM,42,162,2000,628,0.33160139156783963,0.20064361316355878,0.10006076993598058,96.02195779875635,0.3921232229566952,0.12022557010442902
Ausgrid,common,GBM,42,163,2000,497,0.22037945134341985,0.127857006610025,0.1013704927982612,54.77193288243388,0.24255453819356773,0.14303884108340226
Ausgrid,common,GBM,42,164,2000,173,0.28814879926326487,0.15919455395844018,0.09579351176630004,43.51657335166266,0.5549485143017403,0.04332297115410677
Ausgrid,common,GBM,42,165,2000,441,0.4081491665394235,0.22811760056446234,0.15115292216226311,114.27846864904431,0.5181625214956913,0.16847880069825938
Ausgrid,common,GBM,42,166,2000,270,0.5123884082043441,0.32066951035742486,0.1107627341557164,42.42981480709743,0.7378507751916815,0.06275825708424476
Ausgrid,common,GBM,42,167,2000,500,0.4261038951421586,0.2553237455858327,0.11154055844168158,74.42335495098865,0.48950883992694794,0.12266524031711956
Ausgrid,common,GBM,42,168,2000,313,0.20076878450702346,0.12840297484155616,0.05195771943309251,43.580611351372816,0.32477707467559946,0.03104231852254513
Ausgrid,common,GBM,42,169,2000,431,0.3042179017537907,0.1531402193438901,0.12612682493938254,46.617437621778,0.3090223453260853,0.12373694704140537
Ausgrid,common,GBM,42,17,2000,244,0.5288503630024728,0.3143127365915814,0.09271570178865231,38.495329238168466,0.738367808647225,0.009770891704642848
Ausgrid,common,GBM,42,170,2000,169,0.31388309010735993,0.1669381960880372,0.1204453880274753,26.69790133065064,0.5019989023185325,0.14584157550803634
Ausgrid,common,GBM,42,171,2000,512,0.2834061965611558,0.14468264821406798,0.095680687562848,73.70329803999849,0.326365043027767,0.10332368854236307
Ausgrid,common,GBM,42,172,2000,189,0.332234364623819,0.17337210973858946,0.10073263576391212,32.15157145841332,0.4901692301065636,0.09850175556929608
Ausgrid,common,GBM,42,173,2000,290,0.299174907499427,0.18087079613039833,0.08957332559863083,37.99275150445868,0.44030894071614207,0.1132721169530454
Ausgrid,common,GBM,42,174,2000,219,0.26499773176666847,0.13766271938238248,0.11200289594067087,39.274030361496834,0.3785166808044709,0.0799998722086449
Ausgrid,common,GBM,42,175,2000,369,0.8739926036070043,0.5205031040910849,0.12955427964201877,117.57089615224223,1.2081035548011925,0.091353050101326
Ausgrid,common,GBM,42,176,2000,615,0.32292235888840765,0.16535481266097804,0.08588155041193375,84.52769805917121,0.312265127166079,-0.04636018153018373
Ausgrid,common,GBM,42,177,2000,336,0.43000773923853886,0.20208492202914938,0.10952820663233287,50.067449436460464,0.49228680364405697,0.08035495639232926
Ausgrid,common,GBM,42,178,2000,384,0.2743969312104237,0.16165460707469873,0.0914467447428945,61.67199675061218,0.36575205458875376,0.14605538028205511
Ausgrid,common,GBM,42,179,2000,345,0.3545399997139198,0.18563426486837567,0.10348511375187384,45.34695275680914,0.4649429608710324,0.06712734468341375
Ausgrid,common,GBM,42,18,2000,292,0.35904802877923386,0.19625930405602537,0.13595926644043965,41.66871537047464,0.5013822864254303,0.1302075295586832
Ausgrid,common,GBM,42,180,2000,374,0.2767466548051254,0.1847238074139115,0.07491382567406357,76.91215462591906,0.421301498312799,0.05608812810660235
Ausgrid,common,GBM,42,181,2000,266,0.3946108163735075,0.26099123247156614,0.09564004274685106,34.154475659717086,0.5676542333724306,0.05567067139051485
Ausgrid,common,GBM,42,182,2000,98,0.20366651888195447,0.10495286966806804,0.10574585611731799,18.659678229652503,0.3560675548993013,0.09586009853920707
Ausgrid,common,GBM,42,183,2000,335,0.244244529189639,0.1520102245002634,0.10992103023836138,32.330866546394155,0.2812666183229277,0.08995411581916213
Ausgrid,common,GBM,42,184,2000,628,0.37448172123473805,0.19608995917817298,0.12214015695849254,83.56915713226171,0.3638713254773603,0.12688507018727846
Ausgrid,common,GBM,42,185,2000,195,0.4871546260495064,0.31173011404801837,0.09623757922748051,29.540290547481845,0.8053397924534226,0.031340373288067824
Ausgrid,common,GBM,42,186,2000,303,0.17989537556035812,0.09359760580783172,0.10362039949332268,39.69342375701792,0.2414787869324793,0.14221810766443843
Ausgrid,common,GBM,42,187,2000,249,0.36685026328598014,0.13538924354673026,0.21349853532950783,38.076961717678394,0.4169833171777558,0.14640304930037729
Ausgrid,common,GBM,42,188,2000,360,0.8313734719952803,0.38087902164302156,0.10913291721245102,83.61949145191855,1.1385105597222904,0.13245454761923092
Ausgrid,common,GBM,42,189,2000,642,0.6850280754711998,0.4042700930368835,0.1584246242995374,102.80284914561113,0.7100895069480664,0.1616060057160249
Ausgrid,common,GBM,42,19,2000,288,0.20537596819652526,0.10992231459931848,0.0838269257945001,38.000801372430125,0.2876502110973695,0.1081181464676636
Ausgrid,common,GBM,42,190,2000,291,0.43935702803353904,0.2565596531757152,0.12211145859742609,36.79677645204734,0.5710786695898782,0.10715974489212832
Ausgrid,common,GBM,42,191,2000,398,0.8096884700682505,0.5309866779292512,0.1452095534555686,46.28371877280199,0.9803043639519876,0.1364735481176763
Ausgrid,common,GBM,42,192,2000,334,0.38400924137861325,0.24278528991193488,0.09082526995709869,53.16597443119334,0.5328767754028363,0.04556292845815435
Ausgrid,common,GBM,42,193,2000,251,0.3777738960346534,0.22545149053648963,0.09646563487983162,36.30765695929152,0.6188401082376701,0.09464287195135179
Ausgrid,common,GBM,42,194,2000,612,0.4217855570931989,0.25089411225076946,0.093938667640651,93.8928344666148,0.4344362622554216,0.08188782165095299
Ausgrid,common,GBM,42,195,2000,239,0.33932598122896035,0.2084976987898238,0.09525715250615761,32.94979443922624,0.518283878364111,0.12040168517710614
Ausgrid,common,GBM,42,196,2000,187,0.322706559780617,0.1792586749561687,0.11768849461737102,29.47458489214312,0.5014366738746914,0.11708420915123685
Ausgrid,common,GBM,42,197,2000,297,0.4236066639365646,0.22726299876702594,0.08241374784758067,44.427240612412646,0.614804633728031,-0.015439760963714244
Ausgrid,common,GBM,42,198,2000,380,0.8599378950476245,0.4320355627013272,0.16225243302785367,123.91177473147572,0.9712085071166554,0.11058267732984695
Ausgrid,common,GBM,42,199,2000,224,0.37469739064074103,0.21708935401929805,0.09156827728268355,37.044249338940936,0.5085650550609828,-0.02179802659094121
Ausgrid,common,GBM,42,2,2000,249,0.3768105102354073,0.2024768423276555,0.09810755345525514,35.05475873793236,0.5969235096598818,0.04476636350338892
Ausgrid,common,GBM,42,20,2000,237,0.4887854158235006,0.269983661982072,0.08179140157689099,55.21077774839226,0.7182977475523702,-0.024605405629154253
Ausgrid,common,GBM,42,200,2000,296,0.426473889824424,0.22785996868626252,0.0755355809111626,39.53354150631558,0.6209462777695842,0.018138215649767697
Ausgrid,common,GBM,42,201,2000,295,0.5269345795836503,0.3143538773672035,0.08334895272304176,54.30919402863636,0.7478053016887393,-0.0038679810724475683
Ausgrid,common,GBM,42,202,2000,459,0.24936306591806048,0.14178816135251635,0.09784469108753992,71.73643627885315,0.2959970510355415,0.07271514794074485
Ausgrid,common,GBM,42,203,2000,335,0.4927191734917314,0.2703190838786802,0.10613800926096856,57.376870449035145,0.6908968460249737,0.08322125344905329
Ausgrid,common,GBM,42,204,2000,259,0.32008979877169835,0.1925340332105071,0.07243817298173645,35.442279860842675,0.6114865825256817,0.07066247481048293
Ausgrid,common,GBM,42,205,2000,268,0.42955564356301895,0.19649218878052188,0.09736075330077491,71.89483386949301,0.6523650116540192,0.06371018367223258
Ausgrid,common,GBM,42,206,2000,319,0.4030643997087227,0.23744918699897807,0.09752863682768603,62.43445728674012,0.5406745585709892,0.08525618751448716
Ausgrid,common,GBM,42,207,2000,339,0.39302885647458796,0.2451564630621358,0.056098814656928585,58.19886439592356,0.551685675471632,0.06995216165317297
Ausgrid,common,GBM,42,208,2000,417,0.32779748716351365,0.19753283591790757,0.1220292780053434,49.00393778739737,0.4108352007053276,0.1316534136340336
Ausgrid,common,GBM,42,209,2000,262,0.4221197168086712,0.23086823120293792,0.11666631201561892,47.598255302160084,0.5768665939277526,0.14360924855621138
Ausgrid,common,GBM,42,21,2000,283,0.5850167913006477,0.3672817533751336,0.09201053628817293,42.7999793542773,0.8378094180668176,0.0830457546278428
Ausgrid,common,GBM,42,210,2000,528,0.5783394810496668,0.29383802919347113,0.09898259768360372,68.90709923089446,0.6585410375146736,0.06880916342099641
Ausgrid,common,GBM,42,211,2000,73,0.17986054954125777,0.09579005195211948,0.0682629361934619,29.99178310385694,0.39468141132618156,-0.09315483759937715
Ausgrid,common,GBM,42,212,2000,386,0.7037256130715964,0.41636671042618995,0.1364338140891036,47.136124176727854,0.817538918623936,0.10653224558068441
Ausgrid,common,GBM,42,213,2000,84,0.311872401606556,0.1429506157844394,0.08406309511279174,26.061856452243866,0.8254244781106226,0.12954384042712497
Ausgrid,common,GBM,42,214,2000,211,0.4182115384760967,0.1929238324657714,0.10930777273290555,45.90682229050876,0.6163291142044477,0.04358278787957448
Ausgrid,common,GBM,42,215,2000,329,0.44460250238989396,0.2508352452033823,0.10555614966521701,56.89822011343598,0.6220643701092134,0.11321528212388254
Ausgrid,common,GBM,42,216,2000,235,0.26112935867649256,0.14342264896642673,0.10790469366797213,38.127867573221515,0.36794030719840404,0.12508123075253874
Ausgrid,common,GBM,42,217,2000,478,0.4210446391163791,0.24545247048316593,0.09732345850354583,62.30419968722053,0.4995542586055901,0.06634855283713159
Ausgrid,common,GBM,42,218,2000,556,0.39516991349782027,0.2159793653860943,0.075471717627544,90.97406734056584,0.5614955139185768,0.039213470391323946
Ausgrid,common,GBM,42,219,2000,510,0.28724280281029885,0.14566080831751732,0.13613402976791414,61.458286454872244,0.3001509365891199,0.10032483427191496
Ausgrid,common,GBM,42,22,2000,333,0.5748385567632893,0.32266081190102663,0.10213904704393911,103.31706288700744,0.8534531319083518,0.0905119509582002
Ausgrid,common,GBM,42,220,2000,524,0.656360576624122,0.39890257487360253,0.13201137904749033,102.35881497970354,0.7648098228498813,0.11666864522366915
Ausgrid,common,GBM,42,221,2000,198,0.43131502764270063,0.24846641876459166,0.06945491588449286,89.18747426827717,0.7018180569181305,0.04640319335453191
Ausgrid,common,GBM,42,222,2000,244,0.2907910643133012,0.1704794046225175,0.09837116442606086,27.851721893960608,0.3789392195855446,0.013364142323266881
Ausgrid,common,GBM,42,223,2000,671,0.4558708645462781,0.2628135546891773,0.09699380096729321,143.49908146677512,0.5017876858832415,0.10725398029026423
Ausgrid,common,GBM,42,224,2000,720,0.5365535683762727,0.3157430526236103,0.16016524429142467,292.7761599698409,0.5295383690621212,0.13889443350100683
Ausgrid,common,GBM,42,225,2000,283,0.32867889229175035,0.18632159661227937,0.09374754486359109,37.49789824684061,0.4364886891286084,0.05218039082228465
Ausgrid,common,GBM,42,226,2000,514,0.47922050841323105,0.2793763589770079,0.14142138594499976,75.85403931038198,0.5604111969661201,0.14194641054088708
Ausgrid,common,GBM,42,227,2000,420,0.24268851924631157,0.12687968660699128,0.10661300733468533,53.193917320967486,0.26991122430162745,0.07313693579803138
Ausgrid,common,GBM,42,228,2000,240,0.5537828486544768,0.3453981182463465,0.11165044317898598,35.74723256513772,0.7936575730829428,0.01320442545308953
Ausgrid,common,GBM,42,229,2000,304,0.4598865828908632,0.24790884482389927,0.0894379930786831,43.25352824019345,0.6420015127465396,0.025188451633742837
Ausgrid,common,GBM,42,23,2000,472,0.35163778360346265,0.19352355231528154,0.11419554815230334,72.66473438904146,0.35608865212829804,0.06156749826300212
Ausgrid,common,GBM,42,230,2000,157,0.30199219182430914,0.17507221945902138,0.07743389533956646,25.690784841441154,0.4941179250885528,0.07589531250532999
Ausgrid,common,GBM,42,231,2000,276,0.770657026753611,0.3890294825546806,0.15116850269784446,61.15260353419322,1.2161998316872762,0.13376939815549926
Ausgrid,common,GBM,42,232,2000,392,0.4764586613151761,0.2681290239794891,0.12578106159323552,67.94787860246734,0.5732053511958195,0.03879543001225971
Ausgrid,common,GBM,42,233,2000,226,0.22069522874212716,0.1191349174427701,0.08949341203224868,45.66078195777783,0.32686100368771204,0.13147972969252342
Ausgrid,common,GBM,42,234,2000,125,0.34729480524652984,0.17928264339946368,0.10536729082369466,25.3890624768592,0.5954858651511292,-0.03579400895721929
Ausgrid,common,GBM,42,235,2000,660,0.3734246155694673,0.19932142367816114,0.13516948120980854,105.31519748275532,0.3623131154412754,0.11595229550544395
Ausgrid,common,GBM,42,236,2000,402,0.40715704622466115,0.2429261613629224,0.127715510108112,46.987859963048365,0.48320091173757723,0.08843146227453902
Ausgrid,common,GBM,42,237,2000,514,0.3643043565682359,0.17951487870234417,0.08519746411792234,66.09127407898748,0.43477996674998354,0.13378782119743649
Ausgrid,common,GBM,42,238,2000,246,0.413188544232837,0.23043634447341851,0.14559145321805392,30.222829700306857,0.5378893006341833,0.10123266577795142
Ausgrid,common,GBM,42,239,2000,270,0.23193480611897985,0.1316562523134412,0.09512152160069759,35.24531985014259,0.38936001409061693,0.09141107583559771
Ausgrid,common,GBM,42,24,2000,160,0.27086908282576766,0.15584986203494366,0.07783616700788427,34.21058870550245,0.4780343859216508,0.05456812671749389
Ausgrid,common,GBM,42,240,2000,350,0.22093262187939167,0.15069713545085256,0.08438984792948498,88.40349797928549,0.29257094585565757,-0.06574615234817105
Ausgrid,common,GBM,42,241,2000,214,0.26683424276271295,0.1433565348472443,0.1053785292193249,31.16336454101522,0.3884216572049805,0.04954380123960744
Ausgrid,common,GBM,42,242,2000,328,0.6365343768295416,0.3672665684332305,0.10286426800302857,64.6126407991245,0.7973424070336603,0.029226239437535884
Ausgrid,common,GBM,42,243,2000,240,0.35603765259834835,0.19552756993497225,0.0560324784979766,55.21482836731055,0.6016508510697101,0.03943163315958176
Ausgrid,common,GBM,42,244,2000,262,0.2720595946093631,0.15940472305880626,0.1026639979657974,34.5232956129829,0.41323632366920227,0.11366074863558917
Ausgrid,common,GBM,42,245,2000,196,0.2395742664630894,0.12599777880487223,0.06829369055390233,54.20377672213231,0.41662176254894695,0.035050804070914765
Ausgrid,common,GBM,42,246,2000,348,0.40863309134484094,0.26333251874393554,0.09236524747289628,59.336276700657905,0.5557694482717137,0.09669942861229819
Ausgrid,common,GBM,42,247,2000,401,0.2420699366529391,0.1511781139060821,0.08030984561506846,54.15629716329197,0.3259696002083382,0.062342102951519096
Ausgrid,common,GBM,42,248,2000,313,0.7756062989205708,0.4328724241781893,0.1434183245045434,45.63902347122591,0.970480797168892,0.11456782128430831
Ausgrid,common,GBM,42,249,2000,303,0.4226928408165671,0.25364148048302954,0.11259348742500107,33.86902853325059,0.48785313855921975,0.06565154448305965
Ausgrid,common,GBM,42,25,2000,444,0.6367582985845458,0.31823262396590196,0.10227406016455926,78.0149252831169,0.664563334276679,0.03080835946246696
Ausgrid,common,GBM,42,250,2000,154,0.27803552347463667,0.17622826603302813,0.07382780761408303,41.41387169094556,0.5207113631314091,0.002242079983029499
Ausgrid,common,GBM,42,251,2000,285,0.7710318223762083,0.38920007322534,0.13041810256701766,75.3788751090996,1.0822319883919462,0.003692695141063962
Ausgrid,common,GBM,42,252,2000,441,0.2390452553061832,0.1500753767019027,0.10285674866663658,43.83971660822489,0.3202902520057782,0.12187441668853938
Ausgrid,common,GBM,42,253,2000,201,0.46950293248923947,0.3274087430983892,0.1132407472369526,28.408923224535172,0.6178368505907212,0.026165087313777202
Ausgrid,common,GBM,42,254,2000,315,0.7073439686379057,0.3764042879217858,0.10792553686876805,50.248278385680166,0.9272682430659434,0.06378285248402316
Ausgrid,common,GBM,42,255,2000,141,0.5700178417913572,0.3394052794441726,0.09226575619801831,20.977878130892822,0.9260602115842712,0.05838098743723252
Ausgrid,common,GBM,42,256,2000,244,0.6597944941929815,0.38279570876375485,0.09750969772820064,43.13813599426402,1.054553719768697,0.11932818593894201
Ausgrid,common,GBM,42,257,2000,210,0.49840714527820573,0.2621662457113385,0.08575454752017464,37.051315440585995,0.784899654218135,0.05967333018782339
Ausgrid,common,GBM,42,258,2000,316,0.34863167346043183,0.2131689515605157,0.11513595556817431,37.06725609947782,0.34719596593859675,-0.10012889629690847
Ausgrid,common,GBM,42,259,2000,385,0.1686222949590411,0.09499895121192786,0.08422734127495177,47.61790516223025,0.19104478094557298,0.08646585146412544
Ausgrid,common,GBM,42,26,2000,184,0.46434645365402,0.24373256497729937,0.08402939805537821,36.20015844499092,0.7948210551676319,0.04208351706783309
Ausgrid,common,GBM,42,260,2000,235,0.6887421310142144,0.31431715497026014,0.10836145089014153,91.94422370825808,1.0194267136459125,0.03333885352612864
Ausgrid,common,GBM,42,261,2000,227,0.2744504152310979,0.1391026249933305,0.08148620132393666,37.8185169177719,0.3479513309842282,0.019518914208971894
Ausgrid,common,GBM,42,262,2000,153,0.32068113906750323,0.19057047824708476,0.09504479521858424,22.875362431074315,0.5472570470976247,0.11225028166914197
Ausgrid,common,GBM,42,263,2000,353,0.29910920885859554,0.16982177929041023,0.11045391759918595,43.272934154073575,0.3429162529695185,0.04984234942445531
Ausgrid,common,GBM,42,264,2000,369,0.25535702484718337,0.1398042836324944,0.12011035872060688,86.54866219238586,0.3720953785299883,0.10513307524784576
Ausgrid,common,GBM,42,265,2000,232,0.2380974899977314,0.1500788995604971,0.07770805809325437,32.65722779441182,0.38664893153438706,0.03903186760524957
Ausgrid,common,GBM,42,266,2000,711,0.5165717180426608,0.32169759284467764,0.1291429295106652,447.893993086642,0.5382501765396743,0.13404457921694923
Ausgrid,common,GBM,42,267,2000,396,0.8735735738204704,0.5166011259648775,0.16436807328683428,75.43600154423564,1.0311775732121837,0.11547705109726947
Ausgrid,common,GBM,42,268,2000,463,0.49626938770420437,0.2320795738370872,0.08682109651927998,75.49518496068323,0.4990620248426477,0.048234332077575104
Ausgrid,common,GBM,42,269,2000,478,0.33327863250041884,0.21718020129052157,0.10827765838220234,76.32324990158148,0.3967168857750731,-0.03128966971260527
Ausgrid,common,GBM,42,27,2000,271,0.42407974437179674,0.2332287763966862,0.12842573130509266,56.705880757485936,0.5473678766616076,0.1237589843734127
Ausgrid,common,GBM,42,270,2000,208,0.4399311223704591,0.22780495146873472,0.15149143332316084,27.490856554792074,0.5997108399309637,0.10374313376464706
Ausgrid,common,GBM,42,271,2000,242,0.4395460603575938,0.23930309910737924,0.11150331312978026,39.12212379859615,0.7326964117336462,0.11984116337040662
Ausgrid,common,GBM,42,272,2000,273,0.39586743536062224,0.20381754751037273,0.15696505381050158,42.17199049737333,0.527988805487162,0.11322935462119821
Ausgrid,common,GBM,42,273,2000,430,0.6458191101342006,0.3143678285699581,0.10084510477465132,80.8765399917408,0.7320327221430694,0.04689472685059104
Ausgrid,common,GBM,42,274,2000,260,0.33455833261726603,0.21644929760700457,0.08934707425791168,30.22437046168303,0.510555748630818,0.10407803406762883
Ausgrid,common,GBM,42,275,2000,362,0.5045961414085125,0.2954268313519929,0.09563990549820175,45.37338647150856,0.641665887633838,0.016074719618129785
Ausgrid,common,GBM,42,276,2000,293,0.5642202003639711,0.3313770320958129,0.11041167096151223,50.49048428764101,0.7051498958240323,0.07212982282562685
Ausgrid,common,GBM,42,277,2000,296,0.2937925904791299,0.17873093724626032,0.06364533414191018,44.97029103350991,0.5020523884388837,0.007506308729786082
Ausgrid,common,GBM,42,278,2000,470,0.14242542550383894,0.10177478757026463,0.07092970323600743,61.44835961208751,0.20853941301417855,0.028502259732028246
Ausgrid,common,GBM,42,279,2000,323,0.5349640820532616,0.32850800947583375,0.11290926172504467,53.084714295171196,0.6835364723130601,0.07776884720660238
Ausgrid,common,GBM,42,28,2000,149,0.32055295909482934,0.16524279810381917,0.07181843336100246,36.23744318119932,0.7087585455453809,0.09948796986926023
Ausgrid,common,GBM,42,280,2000,235,0.41133156101103613,0.2355227774511789,0.11318694941815874,34.44767740707104,0.6215847913820574,0.10169674640602655
Ausgrid,common,GBM,42,281,2000,380,0.4061503502802543,0.267745493193381,0.1256653311510688,48.74779152488722,0.45992945320448625,0.06870516309053532
Ausgrid,common,GBM,42,282,2000,366,0.27789849391401505,0.15582957772407302,0.08651883372167343,44.53600230542497,0.3610965069876596,0.09552478210314519
Ausgrid,common,GBM,42,283,2000,536,0.19743788045641297,0.12260116491877414,0.06642193739113945,70.47085760498756,0.23453818859365227,0.028811489455827344
Ausgrid,common,GBM,42,284,2000,605,0.34004328219834334,0.16413058029778838,0.10843216906834928,92.93151429254232,0.36426236110654064,0.05264176471646953
Ausgrid,common,GBM,42,285,2000,217,0.4369845720210873,0.22584256702272343,0.14383955629397213,41.51674024341336,0.6173437282362203,0.05449614802275149
Ausgrid,common,GBM,42,286,2000,255,0.3867585159904378,0.23150986518797767,0.09301551611121639,32.93512535967344,0.5481293395533813,0.06763625521076189
Ausgrid,common,GBM,42,287,2000,346,0.4349981563024142,0.27783731203095935,0.11221820375362859,40.31219898540752,0.5956782302778403,0.12161262851827315
Ausgrid,common,GBM,42,288,2000,458,0.46156473844965074,0.2849845518845916,0.12386045271814958,113.3067416022725,0.5580366500021287,0.13864988158239466
Ausgrid,common,GBM,42,289,2000,225,0.6991461678978548,0.32945314383722646,0.18967611717250535,31.252595046972615,0.7534336094067909,0.07522012483801965
Ausgrid,common,GBM,42,29,2000,425,0.31289140368728874,0.1966175379882643,0.09765070226400074,56.88552757745647,0.357287020742833,0.0851450794675116
Ausgrid,common,GBM,42,290,2000,364,0.5188725683954528,0.26582896442182335,0.1481646397474166,42.47997081223618,0.6186015248596006,0.09500201134940289
Ausgrid,common,GBM,42,291,2000,280,0.22949822343195928,0.15565933056700737,0.13483715037952113,28.16567227843725,0.25266125352485325,0.1055792539153475
Ausgrid,common,GBM,42,292,2000,636,0.49996312471872906,0.252464068350006,0.12251956162177134,190.8539009690453,0.5124624562186694,0.11589039251499256
Ausgrid,common,GBM,42,293,2000,370,0.8630430946786655,0.4677494554301403,0.1051978418672191,64.00467942432205,1.1836015405868794,0.07656744985325803
Ausgrid,common,GBM,42,294,2000,187,0.5552207193133514,0.33090007589477716,0.13181628062936868,24.531850812136632,0.792712435542657,0.028846620946922363
Ausgrid,common,GBM,42,295,2000,378,0.29338453370743006,0.16584192959085925,0.10553400493073024,47.91716509100983,0.3916324355169561,0.0961318124429229
Ausgrid,common,GBM,42,296,2000,386,0.2599852028955001,0.13797879777419308,0.0813979971494991,64.47899320295119,0.3462283021343224,0.0946108690601245
Ausgrid,common,GBM,42,297,2000,247,0.2902058399347085,0.1687029096974998,0.07283259379572841,38.911647030986956,0.46699312040688784,0.08532658294509943
Ausgrid,common,GBM,42,298,2000,141,0.13358328532561037,0.07367409301453097,0.08008590247338751,21.820342991347996,0.26673586140055366,0.05421622399523307
Ausgrid,common,GBM,42,299,2000,377,0.6725472228354118,0.4160294937753787,0.10261034954265871,57.88251233044237,0.839570388421186,0.004368292341165758
Ausgrid,common,GBM,42,3,2000,135,0.2093786527352172,0.09478588079261732,0.08909729903626262,55.788891651747605,0.47581725423211635,0.05999747687538537
Ausgrid,common,GBM,42,30,2000,676,0.27145168434497363,0.15023942515751515,0.11034621314836328,113.19176600448695,0.24912509702899846,0.09491787422997522
Ausgrid,common,GBM,42,300,2000,287,0.5665470907960383,0.36072522388379136,0.10920000362287166,42.874928437566254,0.7808917476641866,0.036512656929319154
Ausgrid,common,GBM,42,31,2000,98,0.21577960620160536,0.12845305411430993,0.04531281104611621,45.49244143364156,0.5591174030325325,-0.06649110599363217
Ausgrid,common,GBM,42,32,2000,259,0.3971851361057404,0.22445138997045705,0.13134429104025805,49.450197986485946,0.555086064902679,0.1212435460995891
Ausgrid,common,GBM,42,33,2000,240,0.5948208091322656,0.3292503399671001,0.09210604043547005,44.36830894208324,0.7765506190013715,-0.02423668537507928
Ausgrid,common,GBM,42,34,2000,267,0.4351176984558982,0.24782847882484765,0.10330429687936804,46.55953912936231,0.582517200893759,0.062133159304594954
Ausgrid,common,GBM,42,35,2000,221,0.5755995878305119,0.30932824990247343,0.11060714600893774,31.807687588625434,0.9174239344877042,0.05244519497135458
Ausgrid,common,GBM,42,36,2000,453,0.25285076202164664,0.16262581629065267,0.11556250549435404,55.209264987735686,0.29726692306229036,0.10006639716196686
Ausgrid,common,GBM,42,37,2000,411,0.46819992403475746,0.270284770288114,0.10180140331033752,103.85299552805792,0.6872695171631843,0.09456806384260441
Ausgrid,common,GBM,42,38,2000,589,0.45538980326966466,0.25711837255103537,0.10775906371738396,130.43171286739405,0.4741482842183775,0.055550464657383225
Ausgrid,common,GBM,42,39,2000,435,0.3832997158599185,0.2232786346226512,0.10320401611737169,66.2957852663127,0.4556965565974592,0.11781948153975297
Ausgrid,common,GBM,42,4,2000,135,0.34600174960227503,0.15642372003337293,0.08767684142032595,39.448797456220554,0.7058957832297963,0.07661161009989859
Ausgrid,common,GBM,42,40,2000,421,0.1968695394913403,0.12703841212243389,0.07102075739225841,50.64173184785326,0.2706213797956173,0.04193877343125929
Ausgrid,common,GBM,42,41,2000,340,0.2720359943626896,0.1449744553630452,0.09708671135967263,46.13505237352944,0.33711097378233235,0.10239018065477579
Ausgrid,common,GBM,42,42,2000,181,0.4189881717453771,0.23098994381530152,0.10506222962521992,27.264282695661496,0.669141156367636,0.06682046850138201
Ausgrid,common,GBM,42,43,2000,488,0.3455293198380432,0.18956252250436814,0.09476942398190982,60.22828581719884,0.4344093089675583,0.05328354838330651
Ausgrid,common,GBM,42,44,2000,495,0.43099027173034754,0.21901828005928303,0.1098904313437908,78.36543061527159,0.5359051404116231,0.07228373687073864
Ausgrid,common,GBM,42,45,2000,399,0.3021767632826656,0.17242983401291992,0.08526360196800413,54.38178865064835,0.4305520146255341,0.06958498904856869
Ausgrid,common,GBM,42,46,2000,363,0.4615961601521653,0.31226130836419097,0.12914959770577536,48.09073503598705,0.5676943258912304,0.03249058122084958
Ausgrid,common,GBM,42,47,2000,337,0.38255773891082784,0.2145585635908808,0.09729193829972788,41.32383648399367,0.49660929183469954,0.04984580476887235
Ausgrid,common,GBM,42,48,2000,334,0.5006154657622529,0.2478866455019015,0.11674800973933136,93.08608811842147,0.7293804287577883,0.0996299758275746
Ausgrid,common,GBM,42,49,2000,295,0.47381518858810745,0.22920214724769017,0.07433351248130815,48.17247114019068,0.8293627069221354,0.13406495035717547
Ausgrid,common,GBM,42,5,2000,259,0.465740322127124,0.21329409687125417,0.16781862676906845,86.8877907959396,0.5242591549249774,0.07882459376705508
Ausgrid,common,GBM,42,50,2000,587,0.44899587764017196,0.257480980889467,0.1742915227707435,156.29642153984074,0.5382640504210202,0.16262682568284126
Ausgrid,common,GBM,42,51,2000,288,0.40024181338468323,0.22185286415505395,0.11205009347301717,49.77908949482764,0.5343255066017887,0.09267092086554818
Ausgrid,common,GBM,42,52,2000,283,0.6141648056584434,0.3156002096377224,0.14099283876456462,115.8056679018594,0.8705097246422333,0.05220716780373713
Ausgrid,common,GBM,42,53,2000,365,0.3871162209612329,0.2034767065805342,0.11054146800720528,66.12861960904533,0.5632112854666285,0.10081132854768682
Ausgrid,common,GBM,42,54,2000,248,0.36758188116135426,0.21080632766603985,0.08222958781648075,36.948735936933986,0.5539071285400924,0.04796581394466226
Ausgrid,common,GBM,42,55,2000,330,0.40087604978345015,0.28146659473391933,0.08147920312347799,41.05562517937942,0.6023620819986184,0.0859074651022319
Ausgrid,common,GBM,42,56,2000,245,0.5274875995124805,0.3323322250826005,0.0886548680671063,43.65081388209567,0.8687398703987605,0.06780700308153909
Ausgrid,common,GBM,42,57,2000,429,0.7547150336316198,0.39803119835440054,0.13066396011627768,81.16914357042732,0.8056275085624025,0.0920698546475277
Ausgrid,common,GBM,42,58,2000,346,1.0085987650504367,0.6075260949404119,0.18740222316061625,59.28704292027337,1.2294272871080136,0.00248655413968335
Ausgrid,common,GBM,42,59,2000,355,0.3858184558702431,0.21283991839550975,0.09713259951215558,40.81316134172873,0.47423024553712634,0.10971075841758926
Ausgrid,common,GBM,42,6,2000,233,0.3933170011550318,0.2373410244677261,0.1067635725176525,27.480959699838394,0.4706083185139451,0.10554684722636831
Ausgrid,common,GBM,42,60,2000,364,0.3603742715167677,0.20354240496542178,0.0679673174411171,69.07515622747165,0.5488942408747891,0.061551624983021025
Ausgrid,common,GBM,42,61,2000,214,0.38748329689607797,0.2291679018572636,0.07972907343540697,32.806916696837405,0.6974075169486539,0.1064454838413702
Ausgrid,common,GBM,42,62,2000,178,0.6792897485241891,0.3679784452024447,0.07708716081922522,45.05429075102095,1.3494767798741945,0.026084963907554437
Ausgrid,common,GBM,42,63,2000,253,0.2847798210272499,0.17815088643860322,0.10900412661422076,27.214407309746765,0.36785708202072326,0.12266288776714163
Ausgrid,common,GBM,42,64,2000,425,0.3248574239139471,0.1868300533278317,0.11651444656954539,54.909506061081835,0.40205314823391003,0.10946367174150051
Ausgrid,common,GBM,42,65,2000,210,0.433338063743001,0.2301155991023089,0.09745840192673182,32.31953504329994,0.6710105574416343,0.05325728416796749
Ausgrid,common,GBM,42,66,2000,290,0.24037859490609098,0.1347199378797532,0.11578930390466811,35.70422372339027,0.3093414317911246,0.1092196139718391
Ausgrid,common,GBM,42,67,2000,291,0.3341841223671904,0.21270429505759955,0.12477937509043041,31.65445931094737,0.40937232245268734,0.1015563952389883
Ausgrid,common,GBM,42,68,2000,240,0.37969005302129244,0.23986069501919588,0.14327439936805653,79.12339372441059,0.4943775745768601,-0.020526495989644955
Ausgrid,common,GBM,42,69,2000,127,0.31854741370718914,0.17952688843662087,0.08668546532612875,23.142818980549233,0.6143495706865357,0.11260335276633582
Ausgrid,common,GBM,42,7,2000,398,0.25696627199917516,0.15920571126981425,0.09718845385747925,46.13038771706574,0.33282960411982865,0.08605186733517933
Ausgrid,common,GBM,42,70,2000,221,0.5458847397051014,0.29114911717843267,0.08348750783129856,33.843235099860095,0.7801099463338059,0.034902724236451355
Ausgrid,common,GBM,42,71,2000,605,0.47234515563836593,0.29004013527164196,0.14650904331214823,79.95570518493072,0.46428074946564496,0.13996370310810813
Ausgrid,common,GBM,42,72,2000,486,0.37421770642246976,0.22331313607467626,0.16004247058577217,84.70859739294013,0.38713296708399025,0.15596223579219104
Ausgrid,common,GBM,42,73,2000,192,0.22101552334073307,0.11868576699394749,0.08911628791842718,27.278352393545745,0.376552381242254,0.13150066123254733
Ausgrid,common,GBM,42,74,2000,303,0.6555647295557996,0.31355879400000786,0.11773072936562781,61.97672827640609,0.801783030320334,0.06706346035199207
Ausgrid,common,GBM,42,75,2000,417,0.8661504885390869,0.5352913794886951,0.1508909886240102,67.45406192219117,1.042732733435896,0.09547106923980508
Ausgrid,common,GBM,42,76,2000,263,0.3926345541383066,0.20610041374130847,0.12464589020263701,39.71471506947487,0.5906719950023888,0.09928786729359029
Ausgrid,common,GBM,42,77,2000,380,0.3651109286196794,0.20705205073087565,0.11338214901641527,76.30664973482494,0.474895056501459,0.07316735444441702
Ausgrid,common,GBM,42,78,2000,173,0.6296694851075656,0.2999427708434659,0.11660546020510473,42.17682458772458,1.2959176352270176,0.1324154744514182
Ausgrid,common,GBM,42,79,2000,318,0.494048754613202,0.27494776347970656,0.11457371989564283,49.96596649919014,0.6558543735438779,0.08976813364437419
Ausgrid,common,GBM,42,8,2000,359,0.5091525873555204,0.3243198008701551,0.0670997084021508,50.40174870116867,0.7369014866164426,0.045927237834317736
Ausgrid,common,GBM,42,80,2000,646,0.8465108008994366,0.5653853908168854,0.19861820762539575,125.37007908399609,0.8116712968978825,0.1479612142771909
Ausgrid,common,GBM,42,81,2000,399,0.3693978094373615,0.1936279904635917,0.15340440591252558,162.76516302593905,0.42801392884297274,0.03393067365603486
Ausgrid,common,GBM,42,82,2000,356,0.8912979181846322,0.496160292262845,0.12876324845667672,59.29152617550346,1.1996571594976944,0.07350099647808517
Ausgrid,common,GBM,42,83,2000,759,0.3953217241429509,0.20027924117011658,0.12059845153842311,169.32060295309748,0.3763709222244268,0.11773784528379871
Ausgrid,common,GBM,42,84,2000,111,0.4396990008891774,0.23460232864383976,0.09488541236279184,21.83863074886067,0.8518689912271328,0.08094395650030617
Ausgrid,common,GBM,42,85,2000,470,0.7866310065703971,0.4809539698591358,0.09422987620632452,174.18489710792582,1.1803555038943019,0.0709526513055343
Ausgrid,common,GBM,42,86,2000,214,0.5775390899482328,0.26464829435563864,0.0995757051634884,49.28981730662631,1.0288470925043354,0.0809770006080589
Ausgrid,common,GBM,42,87,2000,135,0.16769829485506998,0.08208053183553485,0.08293766251647847,25.126628994759443,0.32095061649279355,0.05901633912171911
Ausgrid,common,GBM,42,88,2000,444,0.18023948344329851,0.1096369594847217,0.09003151084102412,44.36821701201513,0.20838270388485472,0.059241604143524196
Ausgrid,common,GBM,42,89,2000,323,0.46533654849369105,0.29430886054738087,0.10267388949549483,42.69373135934307,0.596391969459219,0.06995543795273029
Ausgrid,common,GBM,42,9,2000,347,0.17590506467785383,0.11636126082092761,0.05883151883218418,113.58660722734805,0.2676266031731917,0.02165321751535687
Ausgrid,common,GBM,42,90,2000,274,0.19348641115954962,0.12447657723637641,0.11421798641067658,30.932841575641962,0.2373799149826007,0.05995945173491235
Ausgrid,common,GBM,42,91,2000,402,0.563452276782518,0.3536183492564816,0.11427452887577959,51.59303738265947,0.6456172978313012,0.056309719220601684
Ausgrid,common,GBM,42,92,2000,394,0.2926038047537425,0.17780624911841872,0.093423947877951,42.73397146742216,0.3126226891347151,0.00845367626755611
Ausgrid,common,GBM,42,93,2000,208,0.346614609194163,0.2013501618941939,0.07573825498945963,37.47016729952524,0.662252663210052,0.08734615628460485
Ausgrid,common,GBM,42,94,2000,212,0.4221766563375732,0.2370774440282176,0.11502510866620472,36.46226797987283,0.5949359595906889,0.06929133061091841
Ausgrid,common,GBM,42,95,2000,300,0.7347761380370857,0.3679171711786297,0.17595214033455117,50.15255073222926,0.9728092411727386,0.09773661652367183
Ausgrid,common,GBM,42,96,2000,241,0.6221295891853884,0.3446063458921244,0.09140899047684227,44.061549918662685,0.9865093675009199,0.0871213160741715
Ausgrid,common,GBM,42,97,2000,219,0.27903954264325775,0.15054210784119937,0.0942064627424908,48.0556286087559,0.4643008798563087,0.13106199876355407
Ausgrid,common,GBM,42,98,2000,254,0.4037990174668346,0.2500446470162439,0.1458800938818484,27.47352772667922,0.4655874854818105,0.03304277945502154
Ausgrid,common,GBM,42,99,2000,438,0.2892598644316963,0.1702635692860044,0.1333793813951652,45.956494277771256,0.3355999437383336,0.1644428774004969
Ausgrid,common,GBM,7,1,2000,598,0.564600190887859,0.3588434320009867,0.17140260804124435,130.40868106670166,0.6004607119280025,0.09432043429892456
Ausgrid,common,GBM,7,10,2000,531,0.2616844256582296,0.14721815144955097,0.08101634839977129,114.86316871866703,0.3300025487912744,0.08861078457858274
Ausgrid,common,GBM,7,100,2000,268,0.3742517996166744,0.22229646137621284,0.06330375500958633,44.2526298476681,0.7346634780118981,0.13762927095041178
Ausgrid,common,GBM,7,101,2000,202,0.2715592286228304,0.15603801435135234,0.08507334718734276,37.51658112390172,0.45322692469851267,0.0792727129514409
Ausgrid,common,GBM,7,102,2000,233,0.3916936109252896,0.24689430912560123,0.1126145314288767,34.21668877054379,0.5625867913796883,0.08704446056636805
Ausgrid,common,GBM,7,103,2000,269,0.35909131366656877,0.20605827640330995,0.0800829871758341,51.196335992960705,0.5993838704863789,0.037305724969991516
Ausgrid,common,GBM,7,104,2000,227,0.8981855594331157,0.4789582547896839,0.11196529038059282,43.350732479206876,1.2595316256219167,0.01518541616268021
Ausgrid,common,GBM,7,105,2000,213,0.24490621923859227,0.15659782552383922,0.0660462822573803,30.416082748831613,0.43977756998554285,0.11015010944174508
Ausgrid,common,GBM,7,106,2000,289,0.5263134228946355,0.26823493564411605,0.09485585861820647,59.44560971239275,0.8539044815860884,0.06515787830155662
Ausgrid,common,GBM,7,107,2000,229,0.26058650702772573,0.16532622064733016,0.08857521364105968,27.5939295881936,0.40739456764490933,-0.028375222104995323
Ausgrid,common,GBM,7,108,2000,444,0.3929706542182493,0.21189556427960923,0.1101992860959757,56.62201600764129,0.4221129303561745,0.1372596143812368
Ausgrid,common,GBM,7,109,2000,160,0.46406674121094466,0.28008145664221346,0.12672494298496578,18.775747852944562,0.6256625205403143,0.052194887300819226
Ausgrid,common,GBM,7,11,2000,253,0.37651299332999444,0.2192422605358114,0.11361285254375207,33.44954134861812,0.5341868680883397,0.08806356921643588
Ausgrid,common,GBM,7,110,2000,684,0.3766186559211512,0.2655822355919933,0.09025735154075754,76.27493306828062,0.4567670727164136,0.1370153475004191
Ausgrid,common,GBM,7,111,2000,255,0.3938717894012916,0.19876489208124543,0.08882990288707523,46.75603926564389,0.6063281346994968,-0.017024314433498944
Ausgrid,common,GBM,7,112,2000,543,0.7029762598459628,0.40408747260872957,0.18693393001200972,85.59811976422537,0.7253635696389746,0.1605347335829843
Ausgrid,common,GBM,7,113,2000,225,0.29844789859525483,0.18746329910476767,0.09882380748187247,32.51798277291034,0.4470369835984728,0.07851267071276746
Ausgrid,common,GBM,7,114,2000,308,0.6892427832566911,0.4130752866660282,0.11498629213191748,63.49733710628887,1.0141177224734546,0.12092451209905997
Ausgrid,common,GBM,7,115,2000,272,0.22090251190969096,0.12757485821405518,0.09949129490780169,36.34575906386371,0.2980207629064845,0.10111475182074414
Ausgrid,common,GBM,7,116,2000,229,0.30689541423631334,0.19018102781791382,0.1123327846195536,31.47491950323584,0.40334749702632505,0.09411441797986009
Ausgrid,common,GBM,7,117,2000,414,0.2179062555155968,0.12023323145527821,0.09658023398232297,53.739131555310784,0.26880852844931896,0.1338477764947109
Ausgrid,common,GBM,7,118,2000,173,0.34156300533072875,0.1875897254422833,0.11719517901331543,24.511320866952918,0.49591289618453493,0.015350218383403558
Ausgrid,common,GBM,7,119,2000,363,0.34437132711842033,0.2006754839478661,0.10863448804997487,38.90870303722044,0.3794867591568651,0.11146893901027666
Ausgrid,common,GBM,7,12,2000,182,0.24471500708256083,0.14271642355745626,0.09030007419965921,20.760681225868822,0.4584215948106895,-0.05099489796148826
Ausgrid,common,GBM,7,120,2000,268,0.3761701954802706,0.20545367594683436,0.06836971928031091,61.23597924327148,0.7291673804861222,-0.02312232424571503
Ausgrid,common,GBM,7,121,2000,670,0.6218221419096451,0.32872929927833067,0.15166393705113299,169.66776441516677,0.5746176394720252,0.08679293809784083
Ausgrid,common,GBM,7,122,2000,127,0.29874101060267694,0.19077240197315487,0.049542456153014405,32.217908260053704,0.707017665159902,-0.06511346272928997
Ausgrid,common,GBM,7,123,2000,601,0.3374273884884933,0.21494717056359747,0.13527071530050366,89.01589270052325,0.36349363089837916,0.1391762779494552
Ausgrid,common,GBM,7,124,2000,351,0.6577733367062162,0.3142720287917314,0.12634908503769038,62.64851348410598,0.7817309465784216,0.11981263661668284
Ausgrid,common,GBM,7,125,2000,246,0.35496225762555395,0.21648897124643698,0.1159249698319902,34.63145364065781,0.49180650365381806,-0.022070842169586546
Ausgrid,common,GBM,7,126,2000,272,0.34341350125471676,0.18130409431764552,0.07804852301243562,50.01927721107038,0.6294740097177032,0.033630699349561644
Ausgrid,common,GBM,7,127,2000,349,0.3582030002451061,0.20510846774650227,0.11480497427810181,40.40574292484036,0.43726423937680176,0.136998284552578
Ausgrid,common,GBM,7,128,2000,141,0.251394128951199,0.16570926891798118,0.06990704674793925,28.589675216493387,0.5051210741631822,-0.039385309608610974
Ausgrid,common,GBM,7,129,2000,301,0.446598759454342,0.26072694140433783,0.10233702095654033,43.59385011564284,0.651862307148451,0.055920553449865906
Ausgrid,common,GBM,7,13,2000,302,0.41188237244853904,0.23099527399987482,0.08656628256589724,90.13994843537013,0.6235065081375946,0.05072670695524595
Ausgrid,common,GBM,7,130,2000,281,0.3893132408816972,0.21028439888337658,0.09880896252384382,48.17505226394709,0.6284796571071637,0.07536180591376773
Ausgrid,common,GBM,7,131,2000,140,0.4051202883686515,0.24395311344085668,0.06974671183683301,25.10818081839819,0.8486443002277338,0.09575856374687775
Ausgrid,common,GBM,7,132,2000,225,0.1684789852044005,0.10615288636580363,0.11353031348005425,28.73108159247612,0.22318472997527433,0.049102634341284146
Ausgrid,common,GBM,7,133,2000,474,0.5691966509896877,0.28198980683473074,0.11993136375103539,65.39811490819535,0.6367622243960378,0.1031295042349547
Ausgrid,common,GBM,7,134,2000,393,0.6123751913820611,0.38532221884168266,0.07635182002259987,60.85539895242819,0.9035332312293789,0.0645475035348344
Ausgrid,common,GBM,7,135,2000,282,0.24802681588088646,0.14103207685042451,0.1485190514256805,32.64725602915682,0.3154002908877384,0.11250304678946499
Ausgrid,common,GBM,7,136,2000,355,0.17889124104186388,0.1270648271399136,0.11452704292052746,34.09605747230267,0.20558662285897014,0.06481159639284273
Ausgrid,common,GBM,7,137,2000,305,0.4227757741984163,0.24383049919681438,0.11172721305454977,34.4543344123381,0.4874301722502206,0.06590296670511564
Ausgrid,common,GBM,7,138,2000,97,0.41892471888402105,0.2084674158657365,0.08883070551125438,229.9603680740872,0.7004584299590252,-0.09799392061633694
Ausgrid,common,GBM,7,139,2000,266,0.45079661691786316,0.27875739455703546,0.11103364948715842,28.13796868750452,0.584777116592505,0.1257372885678032
Ausgrid,common,GBM,7,14,2000,274,0.5128444399834405,0.2733715370423018,0.17221102752969794,44.74138233371901,0.6652588338670435,0.14171812664180217
Ausgrid,common,GBM,7,140,2000,315,0.24542170576240066,0.14688794566124905,0.08604283732624672,111.63071123920002,0.39866697761931474,0.11172638322770756
Ausgrid,common,GBM,7,141,2000,178,0.540579528818591,0.3412101062696379,0.08944068974496873,31.245288633310906,1.0027349861764163,-0.02105779982319933
Ausgrid,common,GBM,7,142,2000,327,0.3345559801170462,0.19096834661637127,0.0959162787032816,52.168786431413764,0.4659369569036014,0.13228470148517568
Ausgrid,common,GBM,7,143,2000,135,0.5438756515494172,0.2442500804792548,0.08516580618304471,41.956895373223425,1.0215780634884148,0.03616090274221839
Ausgrid,common,GBM,7,144,2000,231,0.29028748252226144,0.1596410953226204,0.12258761930838745,36.0563189895672,0.38006192668442296,0.12522528540933542
Ausgrid,common,GBM,7,145,2000,255,0.387812678423025,0.2662153663375651,0.10073056582416233,48.86839852091655,0.5952424838390302,0.03966962965388576
Ausgrid,common,GBM,7,146,2000,137,0.22069702857708695,0.09803664401680719,0.08468803859443093,51.12901935760068,0.43608226755468094,0.10132774861307514
Ausgrid,common,GBM,7,147,2000,216,0.49886751761300024,0.3043920539199378,0.07026303064971834,41.41578363547753,0.8323614918362843,0.04878660805888235
Ausgrid,common,GBM,7,148,2000,387,0.5299214744104797,0.3102200819789461,0.11988468425171334,61.65912307364528,0.5905214574608305,0.09389698287609516
Ausgrid,common,GBM,7,149,2000,388,0.7065945906080897,0.4016311069967113,0.14490205616650365,59.57558953816009,0.8315935358080527,0.11295605461199154
Ausgrid,common,GBM,7,15,2000,473,0.17699922163517842,0.1002742070332533,0.12123234358573864,55.68345876175975,0.22440384014071144,0.13461262800800555
Ausgrid,common,GBM,7,150,2000,503,0.1541978158925396,0.08560653853807705,0.09673639641941002,52.3463869262108,0.17709449863726368,0.11793969372709201
Ausgrid,common,GBM,7,151,2000,173,0.3098497571299825,0.1691545737278737,0.09533838680922539,28.324875557714403,0.5181715425380182,0.11144862349119922
Ausgrid,common,GBM,7,152,2000,232,0.758143114768555,0.3986744478942455,0.1045096232392905,35.70987585389528,1.1869871028640913,0.0782193706686638
Ausgrid,common,GBM,7,153,2000,499,0.2586025481438601,0.15615840600960793,0.1170152571477063,53.66646244575466,0.27739175299509355,0.1319205546372525
Ausgrid,common,GBM,7,154,2000,311,0.31743835076681975,0.1892244571440619,0.09925779857129195,39.375649788720295,0.456567407970785,0.09843429378633906
Ausgrid,common,GBM,7,155,2000,405,0.22383998431509547,0.1295553086951797,0.1345192213432064,51.15081574130419,0.23489044872865542,0.08144439529054792
Ausgrid,common,GBM,7,156,2000,414,0.7273576832270874,0.3841238846960765,0.13224685149583407,55.15677508482539,0.7130708469324085,0.11157656382589043
Ausgrid,common,GBM,7,157,2000,234,0.4957844900536281,0.2993175002409053,0.111362194531363,30.997861016238176,0.7070438147457182,0.07244386401577718
Ausgrid,common,GBM,7,158,2000,228,0.45319046618829184,0.2834407038730404,0.13876009375024245,52.356736134045136,0.6197736661506508,0.020368106813116627
Ausgrid,common,GBM,7,159,2000,268,0.748213431778303,0.4029821858469814,0.10881110251478301,47.880300536053326,0.9176315652200439,-0.0029520311016022482
Ausgrid,common,GBM,7,16,2000,185,0.4438725114910165,0.22575316796489625,0.10513298440577283,35.18153028502108,0.7668692725875277,-0.03588458870874267
Ausgrid,common,GBM,7,160,2000,277,0.4825075597199247,0.27833514802606696,0.09724054004835242,37.50303215507477,0.6850398074503846,0.028177535276324717
Ausgrid,common,GBM,7,161,2000,435,0.610580558398387,0.3476214891299759,0.11517649736069964,57.796800792463365,0.7106816286601836,0.10125685134477747
Ausgrid,common,GBM,7,162,2000,628,0.32790839412855394,0.19597461306799896,0.09894640740149485,91.75079484287086,0.3757157309424291,0.1300234925479743
Ausgrid,common,GBM,7,163,2000,497,0.22164964774386345,0.129280980159338,0.10195475977178632,55.16361978107318,0.2431382950381729,0.13809959210741862
Ausgrid,common,GBM,7,164,2000,173,0.2874414328836098,0.15912321087795317,0.09555835163450072,43.49407671839996,0.5419643229994193,0.045671484033994236
Ausgrid,common,GBM,7,165,2000,441,0.40732607963425266,0.22691817176138399,0.15084810225545078,114.56335630726622,0.5052938848507939,0.1701556734365285
Ausgrid,common,GBM,7,166,2000,270,0.5139562863247656,0.31826603896223343,0.11110166154880363,41.65338514531829,0.7212235250282325,0.05989035297335121
Ausgrid,common,GBM,7,167,2000,500,0.42720529984382943,0.25641101025003354,0.11182887144913176,75.78969303946246,0.49085231367498877,0.1203974820537701
Ausgrid,common,GBM,7,168,2000,313,0.19924164767393643,0.12703284906845766,0.051562505867874656,43.139433443425396,0.3193722430171593,0.03841264239395881
Ausgrid,common,GBM,7,169,2000,431,0.30216944582103133,0.1536395587783349,0.12527754801866972,47.177290431908204,0.28693743478496003,0.1296372778212278
Ausgrid,common,GBM,7,17,2000,244,0.5247937017237941,0.3086349185977947,0.09200450591230612,37.85256675584619,0.7338416588023223,0.01736665860141906
Ausgrid,common,GBM,7,170,2000,169,0.314621765119718,0.1666043679635876,0.12072883750689528,26.763017484289175,0.5090131643816845,0.14383144656304736
Ausgrid,common,GBM,7,171,2000,512,0.28162322388506916,0.14324000149047783,0.0950787386512725,74.85837066358953,0.3219347529568359,0.10896488263770143
Ausgrid,common,GBM,7,172,2000,189,0.3334885844385901,0.17229234918326392,0.10111291210261136,31.272318300548978,0.49761646535369053,0.09509850448650525
Ausgrid,common,GBM,7,173,2000,290,0.29758944153081157,0.1807167999113427,0.08909863518886574,37.92299353738245,0.4288287724460961,0.11797129742156798
Ausgrid,common,GBM,7,174,2000,219,0.26446632926178093,0.13667458017650932,0.11177829545424131,38.98806469789748,0.3558545985540703,0.08184475732953211
Ausgrid,common,GBM,7,175,2000,369,0.8790657134479658,0.5237166168067905,0.1303062803892541,122.89352363912953,1.235143401823685,0.08607878832328997
Ausgrid,common,GBM,7,176,2000,615,0.3214464355477466,0.16452141448386726,0.08548902700407356,84.3752714857963,0.2990301578162988,-0.04157777061266543
Ausgrid,common,GBM,7,177,2000,336,0.4278164496091023,0.20095653621925869,0.1089700584842339,49.26262805182764,0.4732379027405183,0.08504140378136649
Ausgrid,common,GBM,7,178,2000,384,0.272807329873828,0.15751185556952785,0.09091698711393928,59.67654922600541,0.3605703579578095,0.15100234343829166
Ausgrid,common,GBM,7,179,2000,345,0.3602329544924655,0.187553585776131,0.10514680516417557,45.60858063704969,0.4770977019655801,0.05214792953943981
Ausgrid,common,GBM,7,18,2000,292,0.3631620631482307,0.19870385039809793,0.13751711121352286,42.41589254156319,0.5118877294483343,0.12024129710377551
Ausgrid,common,GBM,7,180,2000,374,0.2770473287576649,0.18582093949608378,0.07499521649008313,77.9981243696069,0.4202887874760719,0.05506260635794369
Ausgrid,common,GBM,7,181,2000,266,0.3947692889221926,0.2578121310334092,0.09567845102331377,33.60225129354772,0.571882385449767,0.0552914362826733
Ausgrid,common,GBM,7,182,2000,98,0.20579558197369263,0.1052306890880921,0.1068512886675455,18.686932609737532,0.3682894160967337,0.08640851609681421
Ausgrid,common,GBM,7,183,2000,335,0.24615357645537697,0.15204050377179643,0.11078018742366201,32.01358260395159,0.2718529221954559,0.08284107786226025
Ausgrid,common,GBM,7,184,2000,628,0.3761454331708573,0.1984907343962946,0.12268278968390649,84.33633914566259,0.3553788378539814,0.12300607784142037
Ausgrid,common,GBM,7,185,2000,195,0.48239585386056644,0.3091893737767045,0.09529748199537068,29.61829623429021,0.8043327943169366,0.040802729274557414
Ausgrid,common,GBM,7,186,2000,303,0.18065083630650736,0.09444784453677275,0.10405554766805297,40.13277555653372,0.24021511823276848,0.13861589973442023
Ausgrid,common,GBM,7,187,2000,249,0.3701757467126265,0.13609832312804412,0.21543389128234808,38.30511612848454,0.4220281631008482,0.1386652260065867
Ausgrid,common,GBM,7,188,2000,360,0.8063198910980823,0.38117439838972855,0.10584417820160985,86.85188008744443,1.0829807801015894,0.15859817729393533
Ausgrid,common,GBM,7,189,2000,642,0.6826951479417712,0.40661593069542434,0.15788509434361037,105.04242127803643,0.7043120124336406,0.1644612353041368
Ausgrid,common,GBM,7,19,2000,288,0.2091685625988334,0.11079667043551755,0.08537492350972792,38.066097182995506,0.2934982678915523,0.09164812733674876
Ausgrid,common,GBM,7,190,2000,291,0.43956545673592906,0.2561646218349745,0.12216938764200364,37.05167447631484,0.5709661989849913,0.10673618609156321
Ausgrid,common,GBM,7,191,2000,398,0.8107527749731223,0.5264846913373776,0.14540042592774788,46.17418464715507,0.9841813495011782,0.1353384752196426
Ausgrid,common,GBM,7,192,2000,334,0.3871686610217327,0.24404173234915988,0.09157253098905693,53.38720446064532,0.532873480615588,0.03771033818942793
Ausgrid,common,GBM,7,193,2000,251,0.38012875740457497,0.22632445051597383,0.09706695540379559,36.64219683584851,0.6343674396456604,0.08899930962689373
Ausgrid,common,GBM,7,194,2000,612,0.4262749868630811,0.25160952988393226,0.09493853841374107,90.86435913041161,0.4283392865520831,0.07211555686792537
Ausgrid,common,GBM,7,195,2000,239,0.33594423007830415,0.20637436779288879,0.09430781174560275,32.6734919291408,0.5068012399370779,0.12916783565722656
Ausgrid,common,GBM,7,196,2000,187,0.32225702884788604,0.17858028344097798,0.11752455429092395,29.381487778700954,0.5049882207449151,0.11831411274927028
Ausgrid,common,GBM,7,197,2000,297,0.42692566219670774,0.22784815365357747,0.08305946735344509,44.26818169430777,0.6395255351837712,-0.02339582749156155
Ausgrid,common,GBM,7,198,2000,380,0.864784755268931,0.4353556859467245,0.16316693495640208,128.6023976336698,0.9788189855810852,0.10556966247584743
Ausgrid,common,GBM,7,199,2000,224,0.3765454992476036,0.2173402734748547,0.09201991672717587,37.202697654621694,0.5104024493039347,-0.026837810092472214
Ausgrid,common,GBM,7,2,2000,249,0.3701488101520496,0.19969441063674834,0.09637309255440979,34.57213160114151,0.565174549728526,0.06165410899620982
Ausgrid,common,GBM,7,20,2000,237,0.48433842738759636,0.2615483482367975,0.08104726027235548,52.45164648999096,0.7227425065549485,-0.015283506401614355
Ausgrid,common,GBM,7,200,2000,296,0.41576111775477415,0.22716658273849272,0.07363817175961285,39.65168878316307,0.5933501857956649,0.04280200339999585
Ausgrid,common,GBM,7,201,2000,295,0.528513409987143,0.31121611030759294,0.08359868744487836,51.922664401199505,0.7741439781989865,-0.006875825596263763
Ausgrid,common,GBM,7,202,2000,459,0.24789365755007012,0.14165179296506597,0.09726812692268197,70.89885793205272,0.28854023857201005,0.078179309668586
Ausgrid,common,GBM,7,203,2000,335,0.4951079445822052,0.27171888207354095,0.1066525810936949,56.93313983882607,0.7020252837110623,0.07877658256157372
Ausgrid,common,GBM,7,204,2000,259,0.3204602480237796,0.1919729330351495,0.07252200779030016,35.38905301761009,0.6095287734804957,0.06958692541010025
Ausgrid,common,GBM,7,205,2000,268,0.43682361239579376,0.19875130008716022,0.09900807171255524,74.37707008462216,0.6269490124287113,0.04786840553361915
Ausgrid,common,GBM,7,206,2000,319,0.4011128215955655,0.22884726414578782,0.0970564176161245,59.74322223339731,0.5356783052726821,0.08968524154377577
Ausgrid,common,GBM,7,207,2000,339,0.40180510647972106,0.25272840445638356,0.0573514891471353,61.926219657966605,0.578366235997658,0.04918439304890232
Ausgrid,common,GBM,7,208,2000,417,0.3281644279117001,0.19895417149263483,0.12216587915796173,49.58260952286858,0.41760646487492703,0.13068137523055634
Ausgrid,common,GBM,7,209,2000,262,0.42446225863956744,0.2299901590023137,0.11731374852538243,45.75817464467109,0.5635060116265806,0.13885673148826538
Ausgrid,common,GBM,7,21,2000,283,0.5866856073850425,0.36737934186477605,0.09227300510133321,42.35065493406188,0.8348792453460427,0.08043005535888836
Ausgrid,common,GBM,7,210,2000,528,0.5789842921690587,0.2916868054172818,0.09909295687868555,67.7700320342704,0.6517207449044284,0.06777094585955279
Ausgrid,common,GBM,7,211,2000,73,0.18998831687634232,0.09646119686960912,0.07210675373510975,29.272243506280347,0.4621284023394086,-0.15470929122840404
Ausgrid,common,GBM,7,212,2000,386,0.699517193035149,0.41670493508821105,0.1356179125698234,47.42347235385467,0.8092716262159736,0.1118753616045648
Ausgrid,common,GBM,7,213,2000,84,0.3169908666062002,0.14337796875587747,0.08544274271187428,25.906065620926356,0.8059114517480472,0.11525787166699342
Ausgrid,common,GBM,7,214,2000,211,0.4123238598536956,0.18928454102723283,0.10776891266432191,44.24409648989636,0.5951010643132478,0.05704745027128355
Ausgrid,common,GBM,7,215,2000,329,0.4452206638555904,0.2495398595125507,0.10570291164662642,55.944309202396624,0.6151144571454811,0.11198232428398547
Ausgrid,common,GBM,7,216,2000,235,0.26266328813534684,0.14191734805306677,0.10853854881625903,37.36016213056091,0.3619802952068932,0.11994177159308106
Ausgrid,common,GBM,7,217,2000,478,0.4182811081811941,0.24423044783196818,0.09668467495589589,62.22743917289779,0.4929781547644013,0.07247658397019563
Ausgrid,common,GBM,7,218,2000,556,0.3947153507688309,0.21641510220889526,0.07538490274423815,90.77786161361607,0.53805688719128,0.040318660164020415
Ausgrid,common,GBM,7,219,2000,510,0.2871737144559203,0.14609060119411196,0.13610128647200015,61.999679816903885,0.3006121961393626,0.10054122638363105
Ausgrid,common,GBM,7,22,2000,333,0.5650866549694961,0.32476835715481306,0.10040629974582374,105.74485961836824,0.8337184305194686,0.10594104497517742
Ausgrid,common,GBM,7,220,2000,524,0.6555686988028679,0.4026611828028015,0.1318521115854521,105.58082917481289,0.7547507036967678,0.11773435595276771
Ausgrid,common,GBM,7,221,2000,198,0.43309214535310403,0.24858964802124597,0.06974108620822932,89.62249426450367,0.6988756039327748,0.04247415387047848
Ausgrid,common,GBM,7,222,2000,244,0.2838703207131165,0.1676828604969013,0.0960299590377451,27.476599438937928,0.3779985481519249,0.036845791643729364
Ausgrid,common,GBM,7,223,2000,671,0.44706045843432923,0.2589042970333938,0.09511924647538919,145.72519779289973,0.4979876705174791,0.12450767119305328
Ausgrid,common,GBM,7,224,2000,720,0.5322779699568269,0.31667721408440985,0.15888894625576921,309.4525870331947,0.5143527940369332,0.14575626765158534
Ausgrid,common,GBM,7,225,2000,283,0.330902603236089,0.18883860564239138,0.09438180354708757,37.80151317635332,0.4256935164261362,0.04576781950232167
Ausgrid,common,GBM,7,226,2000,514,0.475184056610577,0.2770760165716876,0.14023020026281416,74.45055390305463,0.5314699715157266,0.14917375556711332
Ausgrid,common,GBM,7,227,2000,420,0.24369323736076723,0.1275553103750308,0.10705437975740402,52.969058269863304,0.2580485713532139,0.06929976989864883
Ausgrid,common,GBM,7,228,2000,240,0.5556794742663757,0.3487069911284469,0.11203282968775496,36.13838389442237,0.780071101959314,0.009824794312577545
Ausgrid,common,GBM,7,229,2000,304,0.4641538364013689,0.24686322471464614,0.09026788158627663,42.79278104318729,0.6622645108361149,0.0161432475408142
Ausgrid,common,GBM,7,23,2000,472,0.34955427292254093,0.19064772285687326,0.11351892107926577,71.82518286834156,0.35577832724378383,0.06712786245554292
Ausgrid,common,GBM,7,230,2000,157,0.306888840984331,0.17624304939030339,0.07868944640623872,25.728617415811815,0.5139267229005304,0.06091142694703855
Ausgrid,common,GBM,7,231,2000,276,0.7575853773598498,0.380164930192497,0.14860442867003723,58.99356528234551,1.1665997888063733,0.14846213737459968
Ausgrid,common,GBM,7,232,2000,392,0.49308962269854234,0.2718270196374926,0.13017149490457824,68.80206004216409,0.6220537090803538,0.00524423788815076
Ausgrid,common,GBM,7,233,2000,226,0.2231438195020928,0.12187008775555648,0.09048633219200443,51.331512910549,0.3342699084380103,0.12184358703172016
Ausgrid,common,GBM,7,234,2000,125,0.35807131320005114,0.18272089894351998,0.10863682273274955,25.526820194022225,0.6466938013907986,-0.06793454836958857
Ausgrid,common,GBM,7,235,2000,660,0.3725595733526647,0.19911925969386401,0.13485635962436757,104.51589611733951,0.3472075249647713,0.11800020170704506
Ausgrid,common,GBM,7,236,2000,402,0.41012055951590176,0.2436137861996601,0.12864509395103568,46.79255126166857,0.48227267332659396,0.0817965642604308
Ausgrid,common,GBM,7,237,2000,514,0.3649984606039852,0.18124743999206777,0.08535978966416867,66.76550247072458,0.4242926311984045,0.1321374391520891
Ausgrid,common,GBM,7,238,2000,246,0.41113123777161714,0.22970992591955502,0.14486653903157756,30.189028754549437,0.5238082664677113,0.10570771686452363
Ausgrid,common,GBM,7,239,2000,270,0.23022846384619722,0.13119403859688678,0.09442171342582878,35.045232899481526,0.3858320766106643,0.09809555634038447
Ausgrid,common,GBM,7,24,2000,160,0.2712303464511254,0.15651310331241156,0.07793997869279079,34.56463331271291,0.47189132067750283,0.053307184927800844
Ausgrid,common,GBM,7,240,2000,350,0.21509311282444424,0.14766098475414133,0.08215932499023845,88.72666243032234,0.2833495960381858,-0.03757722802195751
Ausgrid,common,GBM,7,241,2000,214,0.2671678176824011,0.14269331258019144,0.10551026506423461,31.11763733971418,0.39724508662485736,0.048355616594016215
Ausgrid,common,GBM,7,242,2000,328,0.6297963604534519,0.36298110997528477,0.1017754012464975,63.90812160090999,0.7936558774439878,0.039502337216775985
Ausgrid,common,GBM,7,243,2000,240,0.3552420722703509,0.20076843023901955,0.05590727169106559,60.30703979215707,0.5954327406582687,0.041578061467873684
Ausgrid,common,GBM,7,244,2000,262,0.2716557131287766,0.16071021947275935,0.10251158985991571,34.933818387328095,0.4078378503020526,0.1149765486155786
Ausgrid,common,GBM,7,245,2000,196,0.241585601722498,0.12391142045092475,0.068867047241305,52.47264631640841,0.42027999223714135,0.026949615366621438
Ausgrid,common,GBM,7,246,2000,348,0.4108909471408633,0.25644979200143964,0.09287560117105462,56.67096976855669,0.559447830636201,0.09170834376416248
Ausgrid,common,GBM,7,247,2000,401,0.24215978352118983,0.15209441463707385,0.08033965348058858,54.21341055666788,0.32706390323101453,0.06199408110830629
Ausgrid,common,GBM,7,248,2000,313,0.7779337618102304,0.43480809532396697,0.14384869855958402,46.226202600278505,0.9834845878545274,0.11191078956584577
Ausgrid,common,GBM,7,249,2000,303,0.42094664455415814,0.2517904532726409,0.11212834984061873,33.7798244906813,0.49262354424541654,0.06951145319989382
Ausgrid,common,GBM,7,25,2000,444,0.635287279073398,0.3185243866197685,0.10203778976443911,80.14140433859382,0.6519266334899124,0.03304735629445377
Ausgrid,common,GBM,7,250,2000,154,0.27987881557355326,0.17656603693035,0.07431726382728446,40.61991955998659,0.5261836135076008,-0.004372755659605598
Ausgrid,common,GBM,7,251,2000,285,0.7623635841836226,0.38763261327468684,0.12895189177666147,75.59670369092095,0.978963549304281,0.014893567505728122
Ausgrid,common,GBM,7,252,2000,441,0.23641721989389164,0.14975341130013822,0.10172595367326656,43.71702208476092,0.3139628455295319,0.1315284260367935
Ausgrid,common,GBM,7,253,2000,201,0.4710848316557256,0.32895110035344854,0.11362228999477235,28.237587209594544,0.6198469224950436,0.022883939252558716
Ausgrid,common,GBM,7,254,2000,315,0.7029195607931976,0.3728099041415783,0.10725046701147355,49.11044714380005,0.8986060816333937,0.06963885278299564
Ausgrid,common,GBM,7,255,2000,141,0.5676759822802576,0.3383683527828156,0.09188669185501094,20.930737654707386,0.9238374918301886,0.0622495320313321
Ausgrid,common,GBM,7,256,2000,244,0.6664521073576417,0.3826835374233125,0.09849361295179057,42.32079212357902,1.071991306426326,0.11044182463304852
Ausgrid,common,GBM,7,257,2000,210,0.5085716685001394,0.26294485931406975,0.08750342712174752,36.810939314656935,0.8278227754932136,0.040496293176898845
Ausgrid,common,GBM,7,258,2000,316,0.3548774346251359,0.21639534821033918,0.11719862438082426,37.06485745504205,0.3413599769818527,-0.11983778352582464
Ausgrid,common,GBM,7,259,2000,385,0.16811226619807815,0.09419942859392506,0.0839725803815592,47.37670678722897,0.18794891954233572,0.08922900143778856
Ausgrid,common,GBM,7,26,2000,184,0.4640972928403082,0.2359636297315062,0.08398430923639309,34.67047392964056,0.7853715646338513,0.042597519594345656
Ausgrid,common,GBM,7,260,2000,235,0.7019538951573837,0.3192689772914731,0.11044008942102969,97.13535200455784,1.017966231059628,0.014795920694690157
Ausgrid,common,GBM,7,261,2000,227,0.27782788694139854,0.14185962653941495,0.08248899572495702,38.709388812393044,0.36123668949409116,0.007452810658151732
Ausgrid,common,GBM,7,262,2000,153,0.3243846182691593,0.19056537474615007,0.09614244761978641,22.803275528470994,0.5483441815995291,0.10199784640689136
Ausgrid,common,GBM,7,263,2000,353,0.3019953872722619,0.17152182574831823,0.11151971465002283,43.418903309918484,0.345899137196043,0.040674044272180576
Ausgrid,common,GBM,7,264,2000,369,0.2515518314201154,0.13704973737772963,0.1183205385744803,85.13119477905077,0.354623953467413,0.1184679022110171
Ausgrid,common,GBM,7,265,2000,232,0.2336817063220573,0.14855146474927575,0.07626687543148084,32.79047172705906,0.3869882780456341,0.05685409408866271
Ausgrid,common,GBM,7,266,2000,711,0.518042147026973,0.3258045245325085,0.12951053675674326,456.87197445686536,0.5354202761941397,0.13157962439002513
Ausgrid,common,GBM,7,267,2000,396,0.8814091541296696,0.5216119010917624,0.16584238441196913,75.61654419920418,0.9849728070541335,0.10754325958942179
Ausgrid,common,GBM,7,268,2000,463,0.50307844034552,0.23419169334652523,0.08801232336345695,73.69138388097353,0.4781963643504344,0.03517565327197569
Ausgrid,common,GBM,7,269,2000,478,0.3293810683584596,0.2144174001041804,0.10701139322886927,75.2517989937672,0.38226182527365543,-0.019229137639221294
Ausgrid,common,GBM,7,27,2000,271,0.42604396015203067,0.2337397334060838,0.1290205624691965,56.39803218728407,0.5421920099771108,0.1197004872321934
Ausgrid,common,GBM,7,270,2000,208,0.44621203660059744,0.22894070493785387,0.1536542825759633,27.518546707755842,0.6159166224149523,0.09094723863755394
Ausgrid,common,GBM,7,271,2000,242,0.4331174729230774,0.23848109342531337,0.1098725197673966,39.3164015859781,0.7100353951439493,0.13271393950889
Ausgrid,common,GBM,7,272,2000,273,0.39692826760429917,0.20527404622106407,0.157385683484324,42.631770999805546,0.5385754226464121,0.11085301646014933
Ausgrid,common,GBM,7,273,2000,430,0.6492606593109581,0.316884352924016,0.10138250508051268,82.48344061423242,0.7339758388711991,0.04181565963703493
Ausgrid,common,GBM,7,274,2000,260,0.3374987295894451,0.21559013380202863,0.09013233602247686,29.82067368217514,0.5173775267579481,0.0962038728852499
Ausgrid,common,GBM,7,275,2000,362,0.5027891940924472,0.29473735529670103,0.09529742116991037,45.178042102895674,0.622398382322981,0.019598133688701336
Ausgrid,common,GBM,7,276,2000,293,0.5600039557454185,0.3297610418162149,0.10958659838662642,49.54416692293485,0.6968872924779053,0.0790635122587654
Ausgrid,common,GBM,7,277,2000,296,0.29052622797983146,0.17673382717570457,0.06293773041249882,44.663072429278685,0.49383689672598763,0.018540774128210202
Ausgrid,common,GBM,7,278,2000,470,0.13965471367734833,0.10024298549244667,0.06954985292550105,60.40473025543661,0.20240219938388335,0.047401555759034486
Ausgrid,common,GBM,7,279,2000,323,0.5352743453703952,0.32698912633967164,0.1129747457514553,52.96724238409679,0.6729745347051914,0.0772339804627803
Ausgrid,common,GBM,7,28,2000,149,0.3274885139331357,0.16691724906322639,0.07337231289586313,36.408801947748366,0.7174516426578472,0.08000429208583748
Ausgrid,common,GBM,7,280,2000,235,0.41787735727063896,0.23963576005908882,0.11498816960246976,35.071709485929766,0.6327135657255544,0.08740144151157259
Ausgrid,common,GBM,7,281,2000,380,0.41009499676908584,0.2703535868286378,0.12688582820825672,49.14857178768749,0.46731998320794954,0.059660165576814306
Ausgrid,common,GBM,7,282,2000,366,0.27988968090947625,0.15672031150035826,0.08713875495313705,44.82887606601816,0.36376893821358003,0.08904407302758477
Ausgrid,common,GBM,7,283,2000,536,0.1957189673330922,0.12068147993444027,0.06584366163375142,69.08290357469511,0.22651792630886922,0.037266749774331864
Ausgrid,common,GBM,7,284,2000,605,0.34217516546136884,0.16431912176519953,0.10911197878232423,90.83545600724902,0.3700054783413998,0.046702352672115977
Ausgrid,common,GBM,7,285,2000,217,0.43897708159760995,0.22808279855194183,0.14449541856405856,41.967510594245454,0.6197992390398931,0.05018495353139818
Ausgrid,common,GBM,7,286,2000,255,0.3886057275009817,0.23191322505189016,0.09345977092375703,33.01296073146837,0.5610390265874592,0.06318315858798174
Ausgrid,common,GBM,7,287,2000,346,0.43540737186477646,0.2793636865770025,0.11232377071912261,40.851772043266216,0.6021120373177217,0.12078630367761589
Ausgrid,common,GBM,7,288,2000,458,0.462423162267367,0.2874649240111215,0.12409080992230587,117.8519297956229,0.553216679143427,0.13704793196309317
Ausgrid,common,GBM,7,289,2000,225,0.6906395141431595,0.3296367090333315,0.18736828924122614,30.982904370509356,0.7718530722165599,0.0864721098427671
Ausgrid,common,GBM,7,29,2000,425,0.31180566200000864,0.1951168409528112,0.09731185166922324,56.552649071899786,0.35483102996879357,0.08831965094288574
Ausgrid,common,GBM,7,290,2000,364,0.5170311861524188,0.26625709697684885,0.1476388309972641,42.63248964040602,0.5918861272720044,0.0982136808956191
Ausgrid,common,GBM,7,291,2000,280,0.2299394304297305,0.15552191970063234,0.13509637284066847,28.054335390830875,0.24470105288400848,0.1038597430353807
Ausgrid,common,GBM,7,292,2000,636,0.5009842565831026,0.2566065992567803,0.12276979733355801,197.4393910517392,0.5059966738938046,0.11408467435865921
Ausgrid,common,GBM,7,293,2000,370,0.8585164070628446,0.4608131218523242,0.10464607594622678,62.4473894361057,1.1606033774905689,0.08141088202317937
Ausgrid,common,GBM,7,294,2000,187,0.5581525072271206,0.3329447953304101,0.13251232341909946,24.83107589228251,0.8255113882486103,0.023718541896404988
Ausgrid,common,GBM,7,295,2000,378,0.28866727175862517,0.1643073665521978,0.10383714811461338,47.81630302324534,0.3775190656108073,0.11066489963064152
Ausgrid,common,GBM,7,296,2000,386,0.2597558860755336,0.1389347471263372,0.08132620102552712,66.6587094624999,0.34921859498987207,0.09540945664906042
Ausgrid,common,GBM,7,297,2000,247,0.2890565294506513,0.16978084950331493,0.07254415279244142,39.395565201747914,0.43158407807452087,0.08894899022658675
Ausgrid,common,GBM,7,298,2000,141,0.1370770701294738,0.07406059945163891,0.08218049767954064,21.999120970884,0.2957305811050719,0.02947985839162026
Ausgrid,common,GBM,7,299,2000,377,0.6840157214253362,0.42427660387315064,0.10436009529892006,58.89061010140557,0.8363678084532187,-0.012609550177059559
Ausgrid,common,GBM,7,3,2000,135,0.2126380827727007,0.09337268720063872,0.09048429054157475,54.55280049168441,0.4739138063209488,0.04536431146354536
Ausgrid,common,GBM,7,30,2000,676,0.26941210428355383,0.14912349672800543,0.10951711556242026,112.47810632092484,0.24461641981701318,0.1017183015771933
Ausgrid,common,GBM,7,300,2000,287,0.564451143506134,0.35831140037289116,0.10879601698986416,42.63954734604255,0.7976914885807033,0.040077089115756914
Ausgrid,common,GBM,7,31,2000,98,0.21564104709114074,0.1214549376958612,0.04528371421485526,41.635343553670246,0.5548634712575011,-0.06580627733180378
Ausgrid,common,GBM,7,32,2000,259,0.39945662425103173,0.22401550470437764,0.13209544452745758,48.73792002262559,0.5527497111111049,0.11621796813561014
Ausgrid,common,GBM,7,33,2000,240,0.5843346628497703,0.32126651353601166,0.09048229526939769,42.85159213445658,0.7698753679072285,-0.006180330342024476
Ausgrid,common,GBM,7,34,2000,267,0.44029981053194456,0.25188319963073674,0.10453461788507708,46.70419694602938,0.6003135586189217,0.05096346637291638
Ausgrid,common,GBM,7,35,2000,221,0.5654687823818435,0.30387345165086005,0.10866041167983159,31.686618838091384,0.9197205960429321,0.06912257554050605
Ausgrid,common,GBM,7,36,2000,453,0.2531656972621017,0.162643641847955,0.11570644298999164,55.22271259308563,0.29407292208618846,0.09894549563358179
Ausgrid,common,GBM,7,37,2000,411,0.47035752706209005,0.27088714626227345,0.10227053413393156,108.1207073046511,0.7006809449894708,0.09039556703897023
Ausgrid,common,GBM,7,38,2000,589,0.45218580461118396,0.2562924977433437,0.10700090028660292,136.89764705528614,0.47350404165816473,0.06219535442547619
Ausgrid,common,GBM,7,39,2000,435,0.38290543024352036,0.22520565608008952,0.1030978541312656,67.61650132320094,0.45004240763057995,0.11872694657325855
Ausgrid,common,GBM,7,4,2000,135,0.35238743967068425,0.15786932906102355,0.08929497524806189,38.56064270168669,0.6881370017548601,0.05956986948024168
Ausgrid,common,GBM,7,40,2000,421,0.19966704619119569,0.1280696131374666,0.0720299589434328,50.908428793187234,0.2754708273012812,0.028324769420671414
Ausgrid,common,GBM,7,41,2000,340,0.2729604259030498,0.14513504989089435,0.09741663100262646,46.645486220710495,0.34105996263300864,0.09933992684596016
Ausgrid,common,GBM,7,42,2000,181,0.42072735301814207,0.23220298875805884,0.1054983332542984,27.142731188184726,0.6651445547992924,0.06294692629958387
Ausgrid,common,GBM,7,43,2000,488,0.34438127931172113,0.1890794396128241,0.09445454726048305,60.50879541140441,0.44308251954739164,0.05642906684148319
Ausgrid,common,GBM,7,44,2000,495,0.4386996684460811,0.22136800719500546,0.11185611128150971,77.73721480813579,0.5429090471678417,0.05568908687229013
Ausgrid,common,GBM,7,45,2000,399,0.2987530536641622,0.17006332848287453,0.08429755212686188,53.79745045873345,0.42452720734255145,0.08012673550051053
Ausgrid,common,GBM,7,46,2000,363,0.4583635887774787,0.3058877713509502,0.12824515930564145,47.24178931246742,0.5626254677416771,0.039266077903608365
Ausgrid,common,GBM,7,47,2000,337,0.3885530699685962,0.21610618474442872,0.09881666860846386,41.43871632952266,0.5115092176986317,0.03495527093061723
Ausgrid,common,GBM,7,48,2000,334,0.49906599245059297,0.2496199097550181,0.11638665868717185,94.42347856568047,0.724293046384727,0.10241674415273927
Ausgrid,common,GBM,7,49,2000,295,0.4641009072003332,0.22991118887632758,0.07280950760730487,48.381453759589895,0.7800462892434746,0.15181857442489022
Ausgrid,common,GBM,7,5,2000,259,0.46976392552837265,0.21528518169202981,0.1692684381025106,81.97599716523936,0.5143566610382553,0.07086641552571782
Ausgrid,common,GBM,7,50,2000,587,0.44364532137224433,0.25608572926818635,0.17221454022803293,158.78920171925205,0.5231741429772256,0.17260556381733194
Ausgrid,common,GBM,7,51,2000,288,0.40123395380779575,0.22228329082213588,0.11232784912829968,49.05325653755309,0.533011763206393,0.0904217859017068
Ausgrid,common,GBM,7,52,2000,283,0.6241710829771948,0.32905979105197114,0.14328996395252408,125.95992155731037,0.8491395333300414,0.03676525737138503
Ausgrid,common,GBM,7,53,2000,365,0.3902041092013501,0.20242612646186586,0.11142321793299546,63.62372394652061,0.5438850352932981,0.0936388207221821
Ausgrid,common,GBM,7,54,2000,248,0.36886293854831853,0.21098536521960945,0.08251616565477493,37.0548571563339,0.5501145373729313,0.04464788537093756
Ausgrid,common,GBM,7,55,2000,330,0.40420801050057736,0.28210258619251327,0.08215643366448167,41.112851381747504,0.6050064810828601,0.07830980388065523
Ausgrid,common,GBM,7,56,2000,245,0.5307010428656697,0.3307267213353066,0.08919495165728247,43.08135982971379,0.8713778968845528,0.06212810296596161
Ausgrid,common,GBM,7,57,2000,429,0.7506225112959742,0.39823535589437997,0.12995542093074347,83.38507259198752,0.8229402603385506,0.09699320218067697
Ausgrid,common,GBM,7,58,2000,346,1.03168872740486,0.6228288987411559,0.19169244284742848,58.87609044023172,1.2059988905571928,-0.02034963078445151
Ausgrid,common,GBM,7,59,2000,355,0.38663802097462063,0.21411726057397787,0.09733893098190884,41.16319961818601,0.48831452003380243,0.10781958399578018
Ausgrid,common,GBM,7,6,2000,233,0.3928987508776827,0.23602656520127524,0.10665004095485414,27.329987308019916,0.46906089210109403,0.10649800183734304
Ausgrid,common,GBM,7,60,2000,364,0.36091664728300266,0.2051036251557309,0.06806961060905306,71.55132620755718,0.5322692947639401,0.06013922765973401
Ausgrid,common,GBM,7,61,2000,214,0.39161008054020346,0.2289878915411499,0.08057820587246985,32.88449613993897,0.727055119302988,0.09692892869704128
Ausgrid,common,GBM,7,62,2000,178,0.6789541563221402,0.3633837498647279,0.0770490771441731,44.830429499768755,1.3900588932406746,0.026566111006095183
Ausgrid,common,GBM,7,63,2000,253,0.28608956693530097,0.17787200334873232,0.10950545324712146,27.203044423758833,0.3686096802249278,0.11862788034076088
Ausgrid,common,GBM,7,64,2000,425,0.32456823043323063,0.18548092000726754,0.11641072347172839,54.25320009273932,0.40133744727894044,0.1102564419893548
Ausgrid,common,GBM,7,65,2000,210,0.4366111769373896,0.23161852653385023,0.09819453015533716,32.54336037937546,0.6645454250079937,0.046106294365421685
Ausgrid,common,GBM,7,66,2000,290,0.24125152303609915,0.13475304233810392,0.1162097895164254,35.873319281201056,0.3153900036901755,0.10598476996700046
Ausgrid,common,GBM,7,67,2000,291,0.334220450876271,0.2120058584603821,0.12479293961476787,31.30989473029532,0.39653637515363527,0.1014587271737829
Ausgrid,common,GBM,7,68,2000,240,0.38307186103503515,0.24066304994430615,0.14455050999590038,79.4840522196549,0.5207533551800086,-0.029616080125210997
Ausgrid,common,GBM,7,69,2000,127,0.3162128078532275,0.17808895402037098,0.08605015520871623,22.845140956023947,0.6044250058324895,0.1191070043995649
Ausgrid,common,GBM,7,7,2000,398,0.2556395622744274,0.15791270963571566,0.09668667256975319,45.5648720180157,0.32102614677596575,0.09077055615798857
Ausgrid,common,GBM,7,70,2000,221,0.551716282592226,0.29414953128173416,0.08437938288668184,34.36780426602444,0.8188394808592965,0.024592844248044532
Ausgrid,common,GBM,7,71,2000,605,0.4772530761335516,0.290976959394581,0.1480313511580495,79.43245395454483,0.46370243605271955,0.1310274629080478
Ausgrid,common,GBM,7,72,2000,486,0.3772509762496958,0.22317936010315068,0.16133971544824396,85.2165756536776,0.39810562245115616,0.14912077896299303
Ausgrid,common,GBM,7,73,2000,192,0.2190369660305311,0.11770461509473161,0.08831850828623711,26.784625141750805,0.3600631837271493,0.13927557083912168
Ausgrid,common,GBM,7,74,2000,303,0.6639049555113468,0.3133208316552241,0.11922852331419187,61.67768940678583,0.8296190144932156,0.055194454604652776
Ausgrid,common,GBM,7,75,2000,417,0.8572643374087601,0.5279923449948367,0.14934294339762125,67.5206563832323,1.0066502187791508,0.1047509586895532
Ausgrid,common,GBM,7,76,2000,263,0.39188935032541955,0.20888537700311327,0.12440931756362525,40.053966084518514,0.5786385655221249,0.10099738090753985
Ausgrid,common,GBM,7,77,2000,380,0.37159826683766495,0.2089322985869407,0.11539673770958944,76.55486220529724,0.47211122354158624,0.05669927208402148
Ausgrid,common,GBM,7,78,2000,173,0.6221147277882862,0.3007333735619816,0.11520643107190484,42.42332552808954,1.2345923128413765,0.1428247299410057
Ausgrid,common,GBM,7,79,2000,318,0.4969141364403981,0.2754007945063639,0.11523822406005521,49.25657297421393,0.6671678450870789,0.08448897480825446
Ausgrid,common,GBM,7,8,2000,359,0.5072416593109155,0.3225935874405623,0.06684787286648859,49.89360138038322,0.7377665594212807,0.04950801979063735
Ausgrid,common,GBM,7,80,2000,646,0.8461718518017346,0.5658456289871463,0.19853867944667636,129.26175938253536,0.8094084282706938,0.1483023768203281
Ausgrid,common,GBM,7,81,2000,399,0.36308032970422593,0.18969402181827982,0.15078086781736957,169.40535886737806,0.47700323397129507,0.05045249169084598
Ausgrid,common,GBM,7,82,2000,356,0.8853209246243822,0.4917294175962825,0.12789976937620276,58.707923490279846,1.182891057116976,0.0797140465308751
Ausgrid,common,GBM,7,83,2000,759,0.3995035151491748,0.2022274017755812,0.12187416569529433,176.97414966376556,0.3754646434943075,0.10840510256210145
Ausgrid,common,GBM,7,84,2000,111,0.4288301700794016,0.23007433126806776,0.09253995901583979,21.394983688405887,0.8656387401058847,0.10366191724458773
Ausgrid,common,GBM,7,85,2000,470,0.7676952830764788,0.4806779567542441,0.09196158158558683,176.95536963238675,1.127061990250649,0.09331661046897455
Ausgrid,common,GBM,7,86,2000,214,0.5683774188839614,0.2608179941471534,0.09799610670413128,48.72044023813857,0.9946884291295544,0.09555573054594713
Ausgrid,common,GBM,7,87,2000,135,0.16596068510328016,0.08093934351928041,0.08207830201252204,24.92160140349406,0.3162135988673268,0.06876636303716832
Ausgrid,common,GBM,7,88,2000,444,0.1795084838479104,0.10937585087192743,0.08966636888244948,44.29567463436685,0.2083689459096357,0.06305705009127838
Ausgrid,common,GBM,7,89,2000,323,0.4697893527616315,0.2930205397320533,0.10365637568711573,41.96599075777562,0.5975505544786344,0.0610558438661184
Ausgrid,common,GBM,7,9,2000,347,0.1741679555577271,0.11394476617501438,0.05825054199617634,115.53813943446521,0.2705945955737422,0.03131465120751975
Ausgrid,common,GBM,7,90,2000,274,0.19374309524475708,0.12491558385462179,0.11436951095020555,30.75965231117858,0.22580363635157658,0.05871236959233039
Ausgrid,common,GBM,7,91,2000,402,0.5580490255646302,0.35006233768978096,0.11317868808719063,51.54450985653104,0.6436205902945441,0.06535928006015834
Ausgrid,common,GBM,7,92,2000,394,0.2909539093308385,0.17500276676424395,0.09289716134445673,42.22152495300073,0.31616262409873275,0.014044675818981167
Ausgrid,common,GBM,7,93,2000,208,0.3442403852041389,0.19855467511331404,0.07521946675264354,36.48485561512808,0.65746696607338,0.09359760845326681
Ausgrid,common,GBM,7,94,2000,212,0.42318333888276655,0.23854584783924915,0.11529938666669334,36.78394262073152,0.5976833968616472,0.06707205070031874
Ausgrid,common,GBM,7,95,2000,300,0.7510326298655393,0.3712304655619598,0.1798449784160774,50.91691227209372,1.036357399932828,0.07777456745689126
Ausgrid,common,GBM,7,96,2000,241,0.6111215447904979,0.3369108199727328,0.08979158753900938,42.67161135853549,0.9670382266789216,0.10327391394845498
Ausgrid,common,GBM,7,97,2000,219,0.2787691393110738,0.1510195579213978,0.09411517194837062,48.675072297721385,0.4639621354561281,0.13190404333103678
Ausgrid,common,GBM,7,98,2000,254,0.4063894361154482,0.25254673173260983,0.14681593200751714,27.298465422160163,0.45451356944929483,0.026839634058024586
Ausgrid,common,GBM,7,99,2000,438,0.2885898311899278,0.16972999808200206,0.13307042522706056,45.461280668537704,0.3336838060815127,0.16637833792018575
Ausgrid,common,GBM,123,1,2000,598,0.5572575669287011,0.3546259319214703,0.16917351758612661,125.93945238903486,0.5740086432851044,0.10609879460726745
Ausgrid,common,GBM,123,10,2000,531,0.26409523823934195,0.14960980885375136,0.08176272538230153,117.77284355743443,0.3293927462686653,0.08021445536907257
Ausgrid,common,GBM,123,100,2000,268,0.3668198481375898,0.22175473879276578,0.062046659021919796,44.340559915423846,0.7157572718150722,0.15475436539710197
Ausgrid,common,GBM,123,101,2000,202,0.2736863985470764,0.1573159308459236,0.08573974127900957,37.96559884865113,0.4603729858703647,0.07206049849872376
Ausgrid,common,GBM,123,102,2000,233,0.3916933424348367,0.24879049019143912,0.11261445423607677,34.32661986937037,0.5437212730519974,0.08704508636122255
Ausgrid,common,GBM,123,103,2000,269,0.3592454481620352,0.20749752593595605,0.08011736158243771,51.53560668289602,0.5774863076460539,0.036892503065916404
Ausgrid,common,GBM,123,104,2000,227,0.9128893482365339,0.48710782655606694,0.113798223415175,43.690070983156666,1.2293388608193097,-0.0009365371455085647
Ausgrid,common,GBM,123,105,2000,213,0.24428129210303184,0.1570696157733355,0.06587775197622271,30.50377162398207,0.4311089932423726,0.11242073917468609
Ausgrid,common,GBM,123,106,2000,289,0.5321488795507603,0.269926794181499,0.09590756512514247,59.418319689904955,0.8443569328308679,0.05479289340056703
Ausgrid,common,GBM,123,107,2000,229,0.2581368985438243,0.16409642184179443,0.08774257423361934,27.682790711186794,0.38418667880941,-0.01870811885611401
Ausgrid,common,GBM,123,108,2000,444,0.3974289301565621,0.2126846614623713,0.11144950368944534,55.698313988140946,0.421494392150422,0.1274717723097556
Ausgrid,common,GBM,123,109,2000,160,0.464266446305501,0.2810498885003757,0.12677947741821438,18.843223530862648,0.656054759160297,0.05178701168112132
Ausgrid,common,GBM,123,11,2000,253,0.37739703880404457,0.21951927193855514,0.11387961339892717,33.46807565832953,0.5380572435468122,0.08592235951441363
Ausgrid,common,GBM,123,110,2000,684,0.37604177135814626,0.2661497081625984,0.09011910009733336,76.6103126203425,0.45831157137775996,0.13833722180566166
Ausgrid,common,GBM,123,111,2000,255,0.38966724285212545,0.19530418988664597,0.08788165152280682,45.65154096627834,0.6003733974213662,-0.006167669741658166
Ausgrid,common,GBM,123,112,2000,543,0.7029333654403465,0.40331598995710166,0.18692252362423334,84.56824423134833,0.724468601758952,0.1605859563136729
Ausgrid,common,GBM,123,113,2000,225,0.2968650148164854,0.18653995384150715,0.09829967378029318,32.27036917536779,0.44426581138236043,0.08339998053379727
Ausgrid,common,GBM,123,114,2000,308,0.6934929725154841,0.413751363891472,0.11569535070401939,62.48611850215825,1.008212353494539,0.11550372672835063
Ausgrid,common,GBM,123,115,2000,272,0.21962743980554783,0.12642518615417372,0.0989170208823715,35.98528028915348,0.2995394102067443,0.10630321027180833
Ausgrid,common,GBM,123,116,2000,229,0.30561536802198763,0.18991439508372573,0.11186424990372953,31.39410184367599,0.38022422454148663,0.0978928237692156
Ausgrid,common,GBM,123,117,2000,414,0.22036447681123844,0.12084749267987613,0.09766976483287905,53.99819045692814,0.272380912312426,0.12407663047574924
Ausgrid,common,GBM,123,118,2000,173,0.3334830761920637,0.1847942309565292,0.11442283913153033,24.33518433611271,0.482477296197858,0.03864284767198989
Ausgrid,common,GBM,123,119,2000,363,0.3468227619422737,0.20265590125408262,0.10940781133825668,39.24070897548843,0.38853936721289584,0.10514385961643802
Ausgrid,common,GBM,123,12,2000,182,0.2431490549108416,0.14323497024586115,0.0897222363343596,20.907055421578967,0.45241938623645267,-0.04426949210040276
Ausgrid,common,GBM,123,120,2000,268,0.36136202212453716,0.19992338414444158,0.06567830282161709,59.5864883687535,0.6934678464499328,0.017153521431553798
Ausgrid,common,GBM,123,121,2000,670,0.616754253396908,0.32462338992802375,0.1504278666821727,166.56779289479303,0.6041303095571182,0.09423563154158254
Ausgrid,common,GBM,123,122,2000,127,0.30170343680531886,0.18771054964434306,0.05003373744698489,31.494482731132234,0.7215583403217365,-0.07567552123076737
Ausgrid,common,GBM,123,123,2000,601,0.3371648684762821,0.21412644991659813,0.13516547408107693,89.07768434478332,0.3604144956564476,0.13984600264203784
Ausgrid,common,GBM,123,124,2000,351,0.6556563275343464,0.3137503990598159,0.1259424370984146,62.26378846398482,0.7781567241919783,0.1226454737313295
Ausgrid,common,GBM,123,125,2000,246,0.3586414465283927,0.21559953221421005,0.11712653381070956,34.245497979795246,0.47285379520808374,-0.032664621140849004
Ausgrid,common,GBM,123,126,2000,272,0.3433737964870871,0.18074773530143914,0.07803949920161071,49.6888302543672,0.6283834314921933,0.03374242899439672
Ausgrid,common,GBM,123,127,2000,349,0.3615301548467092,0.20784343825152224,0.11587133580548971,40.60034251880471,0.45149148500945074,0.12898232676669263
Ausgrid,common,GBM,123,128,2000,141,0.2541268143198847,0.1687423984343252,0.070666945018488,28.620878573152197,0.4924907551431253,-0.05068355686618986
Ausgrid,common,GBM,123,129,2000,301,0.4485211786196907,0.2619278185944568,0.10277753863879255,43.80667586095308,0.630983161203422,0.05185668989619807
Ausgrid,common,GBM,123,13,2000,302,0.4154421486634629,0.23214661881314907,0.0873144490675626,90.82745674077805,0.625555970432948,0.04252242166390252
Ausgrid,common,GBM,123,130,2000,281,0.3852112092560289,0.21092920635327309,0.09776785360020603,48.35554145742708,0.6145085072863912,0.08510433382227811
Ausgrid,common,GBM,123,131,2000,140,0.40619728187799536,0.24513667478379705,0.06993213023749822,25.114058783003408,0.8208927296966819,0.09335467980009748
Ausgrid,common,GBM,123,132,2000,225,0.17082541758833614,0.10794172735711359,0.115111467377585,28.85458065300725,0.2253860926715929,0.03585934248578193
Ausgrid,common,GBM,123,133,2000,474,0.5625729308868822,0.2792731389682379,0.11853572696425287,64.99254251265174,0.606234201003078,0.11356635259322045
Ausgrid,common,GBM,123,134,2000,393,0.6106631827050292,0.3858159891547842,0.07613836431729794,61.21476975579932,0.8851319803618104,0.06716273487248081
Ausgrid,common,GBM,123,135,2000,282,0.24716931266374464,0.14168810153146313,0.14800557644535609,32.640275298272876,0.31591521916733767,0.11557139038722775
Ausgrid,common,GBM,123,136,2000,355,0.17957662289365967,0.12673487046011672,0.11496582771681156,34.15014072541307,0.2052446987333411,0.06122863080934482
Ausgrid,common,GBM,123,137,2000,305,0.42282110389151967,0.24602286687012526,0.11173919236033819,34.526939496756995,0.4641661481960465,0.0658028135401707
Ausgrid,common,GBM,123,138,2000,97,0.4179222467488272,0.20738484756475506,0.08861813675364595,216.49913095830206,0.7074320825532453,-0.09536645973753699
Ausgrid,common,GBM,123,139,2000,266,0.4567430802618367,0.2819595717180087,0.11249829563099427,28.432319306635833,0.5850915947239104,0.1142048791143363
Ausgrid,common,GBM,123,14,2000,274,0.5121158567165512,0.27305720383832227,0.17196637230240136,44.47619352264792,0.6680545073102989,0.14293746288189746
Ausgrid,common,GBM,123,140,2000,315,0.24418241328386467,0.1457345133564338,0.08560835154676337,110.00918808010738,0.3929259619310071,0.11621184961597242
Ausgrid,common,GBM,123,141,2000,178,0.5414110400694776,0.3458054275210565,0.0895782660604695,31.61626781511582,0.9714625126323796,-0.02262837547968788
Ausgrid,common,GBM,123,142,2000,327,0.33320543465796537,0.1912787958135981,0.09552908103726072,51.834636188471116,0.456925330158622,0.1357875202235349
Ausgrid,common,GBM,123,143,2000,135,0.5464311564213765,0.24683206628127563,0.08556597418469196,41.948013380142854,1.0186935462561466,0.031632118447848634
Ausgrid,common,GBM,123,144,2000,231,0.2910806183670528,0.16156813445789242,0.12292255843203244,36.90707063120881,0.3853567700997535,0.12283518861208287
Ausgrid,common,GBM,123,145,2000,255,0.3901354560542174,0.26441458821955915,0.1013338846894071,46.82727914844095,0.6041959496564145,0.033917796289733904
Ausgrid,common,GBM,123,146,2000,137,0.21815031356394365,0.09832732758290044,0.08371078801379266,51.05115986171099,0.43086004869091726,0.11169790234490462
Ausgrid,common,GBM,123,147,2000,216,0.4952906948846843,0.2998886410779714,0.06975925280065975,40.623899345892895,0.8217897752843188,0.05560669868344936
Ausgrid,common,GBM,123,148,2000,387,0.5344280054890622,0.31186127181457296,0.12090420144721375,62.219468216934374,0.6031206204307203,0.08619134797686989
Ausgrid,common,GBM,123,149,2000,388,0.7116052555647419,0.4079511457029122,0.14592959821767543,60.866212356156765,0.8415599821425029,0.1066657715115491
Ausgrid,common,GBM,123,15,2000,473,0.1748897766902389,0.0999078225719901,0.11978751828098555,55.61972113444572,0.2138671541284807,0.14492615933542363
Ausgrid,common,GBM,123,150,2000,503,0.15279743143828878,0.08509700787524908,0.09585786163004313,51.76007188330409,0.173236194179989,0.12595033598856953
Ausgrid,common,GBM,123,151,2000,173,0.31090766526312946,0.16824526305392581,0.09566389700403982,27.983677991853188,0.5112553854564009,0.10841487663067384
Ausgrid,common,GBM,123,152,2000,232,0.7481593791300716,0.39688755063236986,0.10313337061656885,35.580172972543785,1.0944078583820007,0.09035799455200322
Ausgrid,common,GBM,123,153,2000,499,0.2609647704523053,0.15715386647550428,0.11808414085688383,53.88292593384422,0.27843141885083766,0.12399102476194013
Ausgrid,common,GBM,123,154,2000,311,0.31663753627882435,0.1891779142840613,0.09900739693283078,39.361169300739654,0.4493163685180019,0.1007087098349092
Ausgrid,common,GBM,123,155,2000,405,0.2227910147943327,0.12959588122427118,0.13388883100620957,51.26152804319254,0.2330940480643892,0.08574897400741233
Ausgrid,common,GBM,123,156,2000,414,0.729049007299439,0.3812560105748664,0.13255436496353434,54.6363480360975,0.7202010163186316,0.10951071372394894
Ausgrid,common,GBM,123,157,2000,234,0.4931061479203125,0.29835045668903165,0.1107605902785967,30.8131898210194,0.6877275946601105,0.07745473613836673
Ausgrid,common,GBM,123,158,2000,228,0.4504432615596359,0.2808466631486068,0.13791894107765948,52.06306956342176,0.6274786454285328,0.026306557579695355
Ausgrid,common,GBM,123,159,2000,268,0.7554817981649302,0.4049759952018304,0.10986812572022134,47.99237994683843,0.9049257938686949,-0.012695003521827841
Ausgrid,common,GBM,123,16,2000,185,0.43806414164810614,0.22755371670290694,0.10375724871521068,36.08302415472208,0.7449552576620203,-0.02232934333979575
Ausgrid,common,GBM,123,160,2000,277,0.48011764771869175,0.27943250282283794,0.09675889716217083,37.85172689705446,0.6625223493941611,0.0329910767944287
Ausgrid,common,GBM,123,161,2000,435,0.6121745454631068,0.349445115340673,0.11547717815445807,57.82288083556989,0.6973629137766567,0.09891058444558276
Ausgrid,common,GBM,123,162,2000,628,0.33009826905112155,0.19849070056746165,0.09960720248977717,93.84791464318452,0.3855288249554788,0.12421351704565375
Ausgrid,common,GBM,123,163,2000,497,0.2218605778617401,0.12802921205735998,0.10205178374505065,54.24429453531741,0.25171753532992786,0.13727937535325163
Ausgrid,common,GBM,123,164,2000,173,0.2914889078096494,0.16373521214888956,0.09690391280963902,44.76988732298102,0.5497274506929468,0.03223354399581935
Ausgrid,common,GBM,123,165,2000,441,0.4062026397981898,0.2261719075742797,0.15043205040966565,112.17451913551564,0.49703351934836826,0.1724444543931254
Ausgrid,common,GBM,123,166,2000,270,0.516138637979978,0.32297739186085334,0.111573419364457,42.5911048239321,0.7205211239760693,0.05589847681800575
Ausgrid,common,GBM,123,167,2000,500,0.42260195981099213,0.25521145172052695,0.11062386223937476,75.51807584993435,0.48417950769088064,0.12987561700510752
Ausgrid,common,GBM,123,168,2000,313,0.20168818697721588,0.12905958173717774,0.052195655104764024,43.7428954417053,0.3242097552459292,0.02660506455375833
Ausgrid,common,GBM,123,169,2000,431,0.3055538774268852,0.15418767085342516,0.1266807120343637,46.97568359367069,0.2911026349428435,0.11988882990156768
Ausgrid,common,GBM,123,17,2000,244,0.5390615333714441,0.3165846312411539,0.09450587892206246,38.0582460844509,0.7684533467579768,-0.00934869076422884
Ausgrid,common,GBM,123,170,2000,169,0.31081402122379215,0.1649962151179461,0.11926770371055995,26.47743179050587,0.4762595416629546,0.15419331895923316
Ausgrid,common,GBM,123,171,2000,512,0.2846816197702553,0.1457067183151586,0.09611128283938394,75.39802268169262,0.32539507959880787,0.09928834354087845
Ausgrid,common,GBM,123,172,2000,189,0.32901441386280506,0.1702688016613768,0.09975635467524688,31.163990428868622,0.4640962241836761,0.10723890099220901
Ausgrid,common,GBM,123,173,2000,290,0.2965049881048507,0.18025588205438078,0.08877394853438644,38.11980194678839,0.42376100139824724,0.12118552116346759
Ausgrid,common,GBM,123,174,2000,219,0.2645393913470235,0.13575527582189909,0.11180917558697326,38.5933635198135,0.368233695309188,0.08159110561971661
Ausgrid,common,GBM,123,175,2000,369,0.8624799983218643,0.5138080930345993,0.1278477351262372,119.32998742317547,1.1693584261416066,0.10332213729331974
Ausgrid,common,GBM,123,176,2000,615,0.3150037715076255,0.1607465862531433,0.08377559353835302,82.3816025030332,0.29673894137307216,-0.02070170883185596
Ausgrid,common,GBM,123,177,2000,336,0.42462406345544407,0.20037671734506138,0.10815691886282325,49.333411187358294,0.45017676230480247,0.09186886718630982
Ausgrid,common,GBM,123,178,2000,384,0.27023048358920604,0.1575559870308926,0.0900582158317969,60.01580195375589,0.352475098695576,0.15902168975855224
Ausgrid,common,GBM,123,179,2000,345,0.356441291823807,0.18735414019585056,0.10404007350373817,45.893775642112,0.46299181638845277,0.06212462730169621
Ausgrid,common,GBM,123,18,2000,292,0.35762606962163435,0.19588601982217996,0.13542081891119734,42.04664911922664,0.49171993672604997,0.13365222015553824
Ausgrid,common,GBM,123,180,2000,374,0.2763264333379082,0.18591571067999252,0.07480007399109642,78.49744490993515,0.4207426122370008,0.05752139577160842
Ausgrid,common,GBM,123,181,2000,266,0.40090547324383435,0.2645322206691602,0.09716565032569907,34.42373198558422,0.5800059535857777,0.04060714842170576
Ausgrid,common,GBM,123,182,2000,98,0.20668527052654287,0.10626044791848767,0.10731322457245215,19.0213692707352,0.38657652353127187,0.08245890805656952
Ausgrid,common,GBM,123,183,2000,335,0.24499321573429142,0.15199212588834146,0.11025797287771892,32.21262398186641,0.2772425704243152,0.08716453805149182
Ausgrid,common,GBM,123,184,2000,628,0.37282234756914345,0.19635507044783213,0.12159893919411073,84.16892562201801,0.3471690431478413,0.130753947730331
Ausgrid,common,GBM,123,185,2000,195,0.4843988236709481,0.3103767745698729,0.09569316943321772,29.62219821668828,0.8010084330224092,0.036820018477837224
Ausgrid,common,GBM,123,186,2000,303,0.17806290424159155,0.09359364018420627,0.10256488925844764,39.69301414570512,0.22872133129914307,0.15095574591981897
Ausgrid,common,GBM,123,187,2000,249,0.3689861099860635,0.13431560606760323,0.2147415496811172,37.282241291408916,0.39600877804702567,0.14143330438586488
Ausgrid,common,GBM,123,188,2000,360,0.8262293885841311,0.3839528393961911,0.10845766253094721,87.38650239299868,1.122466367684648,0.13782244342098104
Ausgrid,common,GBM,123,189,2000,642,0.681151002878843,0.40194047573652825,0.15752798401453352,102.15356657752825,0.6899450475978858,0.16635108769620366
Ausgrid,common,GBM,123,19,2000,288,0.2057606192761288,0.1100525387546165,0.0839839262351546,37.7785403919884,0.2878660872207246,0.10644773039682265
Ausgrid,common,GBM,123,190,2000,291,0.4383287151648724,0.2527288926743933,0.12182565735543979,36.58380194796231,0.5619622358272125,0.10924943292579958
Ausgrid,common,GBM,123,191,2000,398,0.8094466730140322,0.526523436424906,0.14516618956492686,45.98396183372425,0.9643192989982768,0.13673142279420125
Ausgrid,common,GBM,123,192,2000,334,0.38646480434831615,0.2424680242032295,0.09140605590073704,53.138721572580494,0.5196515079093527,0.03945974114584927
Ausgrid,common,GBM,123,193,2000,251,0.3794957156337058,0.22649515174622104,0.09690530639370429,36.48192066507376,0.6237428569681833,0.09051643107341201
Ausgrid,common,GBM,123,194,2000,612,0.42536485032979626,0.2533147578400885,0.09473583585109982,94.05063296373496,0.4250931458483706,0.07409667599615699
Ausgrid,common,GBM,123,195,2000,239,0.3346396219040369,0.2060347437740729,0.09394157612943546,32.70954259319516,0.49709952233032356,0.13254963137894982
Ausgrid,common,GBM,123,196,2000,187,0.3217792046648569,0.17848230205755397,0.11735029564297235,29.37078832234421,0.5001712037057781,0.1196214258597712
Ausgrid,common,GBM,123,197,2000,297,0.42330045153181584,0.22781642142743175,0.08235417344976963,44.175521919809874,0.5994139351472494,-0.014705730369878323
Ausgrid,common,GBM,123,198,2000,380,0.8560900424410417,0.4262356710651026,0.16152642310208337,115.2064582968743,0.9332078440294057,0.1145624377091552
Ausgrid,common,GBM,123,199,2000,224,0.37220867498916477,0.21558933590601423,0.09096008675199532,37.18333699631351,0.529166549953628,-0.01501131068353101
Ausgrid,common,GBM,123,2,2000,249,0.369939043217894,0.1996072822135089,0.09631847698465577,34.774984795540526,0.5613974365730787,0.06218587874754988
Ausgrid,common,GBM,123,20,2000,237,0.4815548001061084,0.2590771966032126,0.08058145918776914,52.45976981813531,0.7185244865494559,-0.009448390484613878
Ausgrid,common,GBM,123,200,2000,296,0.4174992640715976,0.22571866002432472,0.07394602622592944,38.99456807364553,0.5742015868913457,0.03880030602808715
Ausgrid,common,GBM,123,201,2000,295,0.5180071476168326,0.306957594398672,0.08193683794870221,51.954208008755074,0.7607515004419613,0.013139752813174588
Ausgrid,common,GBM,123,202,2000,459,0.24824189125697632,0.14132956069464955,0.0974047663217568,71.25988843280294,0.29316336535520615,0.07688436312066105
Ausgrid,common,GBM,123,203,2000,335,0.4874534293315599,0.26828703078768956,0.10500370064765142,56.55263101601341,0.6621072188608239,0.09301896904556439
Ausgrid,common,GBM,123,204,2000,259,0.31819186870032956,0.19246569226181537,0.07200866042824484,35.45803314961381,0.5931622383207646,0.0761728585911502
Ausgrid,common,GBM,123,205,2000,268,0.4267999245720635,0.194352859917982,0.09673615697462908,71.62537426734929,0.6008621417870404,0.06971674339634915
Ausgrid,common,GBM,123,206,2000,319,0.4049927175524972,0.2293244542650415,0.0979952278012618,59.20412178173298,0.5313426607582616,0.0808799220408486
Ausgrid,common,GBM,123,207,2000,339,0.39096055932009566,0.24494072209677484,0.055803597100217664,58.138679340318944,0.5518848646055132,0.07484649769467644
Ausgrid,common,GBM,123,208,2000,417,0.3269473591112746,0.19813065827918347,0.12171280055664631,49.46128928891929,0.4065514995383376,0.13390543148360146
Ausgrid,common,GBM,123,209,2000,262,0.4219834493753832,0.2277229138576843,0.11662865014327203,45.61414969456451,0.5648478225448321,0.14388570607511886
Ausgrid,common,GBM,123,21,2000,283,0.5849435093561683,0.36703846964546333,0.09199901061726563,42.76845159309682,0.8471219302454139,0.08316061661317153
Ausgrid,common,GBM,123,210,2000,528,0.5681870308072097,0.2893406558687817,0.09724500941446455,67.49232334082723,0.6308774781849878,0.0851557365746084
Ausgrid,common,GBM,123,211,2000,73,0.18299296785162167,0.09363630258091662,0.06945179095787234,27.56372170869274,0.44116602996452214,-0.11219302155963295
Ausgrid,common,GBM,123,212,2000,386,0.7020696875174104,0.41588198268477333,0.1361127738498275,46.853205153444414,0.8094801758675119,0.10863465035166664
Ausgrid,common,GBM,123,213,2000,84,0.30893060201696165,0.14024333510579293,0.08327015294340152,25.181873302675147,0.7629526253910319,0.13775459443998517
Ausgrid,common,GBM,123,214,2000,211,0.4120311813333967,0.18734983341641687,0.10769241540339694,43.29788095489845,0.5763374995698481,0.05771678324916307
Ausgrid,common,GBM,123,215,2000,329,0.4424912645143767,0.2483186636542978,0.10505490610502771,55.57883312078516,0.6038308684982602,0.11742626490905839
Ausgrid,common,GBM,123,216,2000,235,0.2609339944676629,0.1421148002707052,0.10782396465605908,37.78223823887775,0.3626795906847183,0.12573580216500102
Ausgrid,common,GBM,123,217,2000,478,0.4161913170614811,0.2426152148254939,0.09620162475070315,62.223039320650905,0.4845431405880224,0.07711062112901768
Ausgrid,common,GBM,123,218,2000,556,0.3933156714113535,0.21661785057594518,0.07511758430316148,92.25156988466847,0.5456115986521481,0.0437217357183618
Ausgrid,common,GBM,123,219,2000,510,0.2865335998094116,0.1457292553975278,0.1357979146016169,61.751815606748714,0.2945782644752222,0.10254613388713785
Ausgrid,common,GBM,123,22,2000,333,0.565615693043855,0.32314310375930777,0.10050030082513413,104.03010508453025,0.8239856872432912,0.10510402073514258
Ausgrid,common,GBM,123,220,2000,524,0.6551906796288853,0.39706251632550654,0.13177608198489246,102.71371299117659,0.7389180217348637,0.11824309490050122
Ausgrid,common,GBM,123,221,2000,198,0.4328481132180417,0.2470017080046079,0.06970178956812265,88.39268753378119,0.6942984739222682,0.043013685882581476
Ausgrid,common,GBM,123,222,2000,244,0.2870541529591137,0.16804482940846083,0.09710701168417214,27.537997499209155,0.39013409726078224,0.026043248360130278
Ausgrid,common,GBM,123,223,2000,671,0.44642349498327105,0.25750011249069404,0.09498372233686617,143.1854439586272,0.4877388145867319,0.12575505642834073
Ausgrid,common,GBM,123,224,2000,720,0.5213220472428156,0.3057877029277681,0.15561852156501957,285.53429944576754,0.4813774635223805,0.163339239028922
Ausgrid,common,GBM,123,225,2000,283,0.32900221550207837,0.18797687378969766,0.09383976483230985,37.75431203453729,0.43341398338296094,0.051248015528226554
Ausgrid,common,GBM,123,226,2000,514,0.47376707265014373,0.27819366941093393,0.13981203820165816,74.99547776199474,0.5251331932223084,0.15171089275575667
Ausgrid,common,GBM,123,227,2000,420,0.24424179935341994,0.12657941290587915,0.1072953629070307,52.54992572287356,0.26273026766689017,0.06720473115930581
Ausgrid,common,GBM,123,228,2000,240,0.5520571617601508,0.34829869421486637,0.11130252032979014,35.94773429216684,0.7752357842053894,0.01627945783177731
Ausgrid,common,GBM,123,229,2000,304,0.4580414505504453,0.24638433231085016,0.08907915474847088,42.84088935419737,0.6399402172673396,0.029099538368209
Ausgrid,common,GBM,123,23,2000,472,0.3504460115866512,0.19113531307646095,0.1138085161976092,72.77122785998908,0.34896906803754846,0.06474803700879783
Ausgrid,common,GBM,123,230,2000,157,0.29883019425601665,0.17368046878257826,0.07662312673231196,25.64056751536289,0.46503939751055684,0.08557111490622715
Ausgrid,common,GBM,123,231,2000,276,0.7604680512380178,0.38428059455992114,0.14916988058807723,59.74290024446841,1.168390595765296,0.14522196666088316
Ausgrid,common,GBM,123,232,2000,392,0.48024596228224486,0.2694379813100476,0.1267808770544469,68.19388384706487,0.579211929769766,0.031154953947837072
Ausgrid,common,GBM,123,233,2000,226,0.2201046205309386,0.11894160462894014,0.08925391639704722,47.16657533044828,0.3295224368146752,0.13380399925716668
Ausgrid,common,GBM,123,234,2000,125,0.35761922348723885,0.182735724781449,0.10849966125630744,25.354125202578352,0.6238685108371483,-0.06658620739538423
Ausgrid,common,GBM,123,235,2000,660,0.3690504597542463,0.1964214649986456,0.13358615663070267,103.42979681435622,0.3394454703102127,0.12630769856758706
Ausgrid,common,GBM,123,236,2000,402,0.4090328735625796,0.24361291179817512,0.12830391266078406,47.05715181678654,0.4851769371431716,0.08423174327346283
Ausgrid,common,GBM,123,237,2000,514,0.36433658288428056,0.17980794929217286,0.08520500067452771,66.17286124697236,0.4347627776429572,0.1337111961806544
Ausgrid,common,GBM,123,238,2000,246,0.4157918549676078,0.23204333270394528,0.14650875791670465,30.43457464178831,0.5441211508023499,0.0955699467072042
Ausgrid,common,GBM,123,239,2000,270,0.22925049223894012,0.13144655883185813,0.09402062594387123,35.27886261100294,0.37542009815885213,0.10192669400087528
Ausgrid,common,GBM,123,24,2000,160,0.2700421095791984,0.15696342658749807,0.07759853033462681,34.56137939974578,0.47037863840495314,0.057454564909339534
Ausgrid,common,GBM,123,240,2000,350,0.21680908116317757,0.14753812855542242,0.08281477508142765,86.80861945334891,0.28472278067689205,-0.04585480441153522
Ausgrid,common,GBM,123,241,2000,214,0.2690036487106927,0.14288575782039634,0.10623527386240678,30.86590742857634,0.3954963288837808,0.04181643720440509
Ausgrid,common,GBM,123,242,2000,328,0.6313431413932165,0.35970828935184795,0.10202536180624358,63.25424876983868,0.7934917844369015,0.037143353312182104
Ausgrid,common,GBM,123,243,2000,240,0.3597430033929219,0.19927820193749737,0.056615619037212274,57.68654680315877,0.6165981936363706,0.029434817554998438
Ausgrid,common,GBM,123,244,2000,262,0.26912791351329163,0.15870133866194533,0.10155770321256288,34.25502737457086,0.39974204184998297,0.12321183258711144
Ausgrid,common,GBM,123,245,2000,196,0.23931566510546545,0.12046314658120522,0.06821997294910645,50.03388231137128,0.41695142879459934,0.036092389946515646
Ausgrid,common,GBM,123,246,2000,348,0.41075968608305535,0.2576997217314694,0.09284593162068099,56.11147783552495,0.5618358318916793,0.09199850183268476
Ausgrid,common,GBM,123,247,2000,401,0.2395835732634137,0.15054542890318987,0.0794849622664103,54.17522827134963,0.3214824644478449,0.07197303151438006
Ausgrid,common,GBM,123,248,2000,313,0.7966217141941115,0.4412983026524886,0.14730431105660344,46.987180077849196,1.0309617816278684,0.09057662245293852
Ausgrid,common,GBM,123,249,2000,303,0.421030921915122,0.2522250731489924,0.11215079895985047,33.68329830228042,0.4864917357464075,0.06932516089861074
Ausgrid,common,GBM,123,25,2000,444,0.6490199380325029,0.3250245620734554,0.10424348506786103,81.76350978228733,0.6469758927207416,0.012145267864505871
Ausgrid,common,GBM,123,250,2000,154,0.2795530386134706,0.17263376282481982,0.07423075905827684,38.05788521284712,0.5218960624633849,-0.003203672881910924
Ausgrid,common,GBM,123,251,2000,285,0.7806672981131048,0.3924205066367399,0.132047919166628,74.11589780044314,1.0420168590642873,-0.008758016468835006
Ausgrid,common,GBM,123,252,2000,441,0.23896017635638825,0.1503246493717143,0.10282014076933838,44.25106664277196,0.3150738446107515,0.12218695166155324
Ausgrid,common,GBM,123,253,2000,201,0.4662398820551033,0.32606140462808775,0.11245372282482731,28.095564954955428,0.6031900922780966,0.03293325043848894
Ausgrid,common,GBM,123,254,2000,315,0.7058124622436299,0.37344422504547425,0.10769186180098106,49.069731974498495,0.9203666470152643,0.06580990383587448
Ausgrid,common,GBM,123,255,2000,141,0.569838884459012,0.33845568441187457,0.09223678932648299,20.899179315171317,0.8976871853162319,0.05867660910767736
Ausgrid,common,GBM,123,256,2000,244,0.672012028951429,0.3883500194790811,0.09931530255177098,43.31380580139395,1.0757360610348672,0.10302062563982728
Ausgrid,common,GBM,123,257,2000,210,0.5057874686025573,0.26397900800423635,0.08702438542925815,37.180259932461915,0.8091680683640684,0.04574914206276981
Ausgrid,common,GBM,123,258,2000,316,0.34756836930754975,0.2110531671983231,0.11478479831821325,37.154111518184784,0.3528020923734945,-0.09677357400927122
Ausgrid,common,GBM,123,259,2000,385,0.16714806223178197,0.09339812527257453,0.08349095761306577,47.201127001589974,0.1833578285046987,0.09445270717361232
Ausgrid,common,GBM,123,26,2000,184,0.4619643272907065,0.23397909483889084,0.08359832198528892,34.535636143454255,0.7867179514825996,0.04699768856605113
Ausgrid,common,GBM,123,260,2000,235,0.6862047160747625,0.31182205482761605,0.1079622333136816,95.62762798302468,1.000373992803073,0.036900158002796224
Ausgrid,common,GBM,123,261,2000,227,0.27623898405734154,0.1399767617006839,0.08201723961489456,38.094949404462,0.34963492004611224,0.013129206606268262
Ausgrid,common,GBM,123,262,2000,153,0.3263845379038873,0.1916498138763024,0.09673519202841946,22.880603365666573,0.5417997848165963,0.0964614182353537
Ausgrid,common,GBM,123,263,2000,353,0.3004895093426102,0.1700895470271116,0.11096362974247051,42.90704839001197,0.33978122209874606,0.045457653045549495
Ausgrid,common,GBM,123,264,2000,369,0.24972175129088042,0.1363779642355907,0.1174597375804939,83.92927876785052,0.34931764332916165,0.1248811903446746
Ausgrid,common,GBM,123,265,2000,232,0.2352280800172507,0.14971434917441245,0.07677156658526459,33.00425999052808,0.3742910827196328,0.05061288658215546
Ausgrid,common,GBM,123,266,2000,711,0.5081117821006376,0.3149113767397437,0.1270279455251594,433.92462637459363,0.5100301670607583,0.1482263997320773
Ausgrid,common,GBM,123,267,2000,396,0.8825258613181494,0.5187552854581835,0.16605249952361703,74.73719682748799,0.9676556210402176,0.10641255558804585
Ausgrid,common,GBM,123,268,2000,463,0.5051645835069252,0.23308103810059522,0.08837728892703377,73.85165153873243,0.4969870501055054,0.031174762851186588
Ausgrid,common,GBM,123,269,2000,478,0.3342839407957012,0.21647186451273956,0.10860426926436036,75.28529646715391,0.3857190098494249,-0.03440047238249977
Ausgrid,common,GBM,123,27,2000,271,0.4238693331416112,0.23274701028976638,0.12836201164748107,54.12597715923836,0.5422287070068255,0.12419373975252224
Ausgrid,common,GBM,123,270,2000,208,0.4429785652939285,0.22740782035994794,0.1525408282692591,27.332820111191246,0.5877744001403413,0.09753468088251671
Ausgrid,common,GBM,123,271,2000,242,0.4321728205340835,0.23824034135843794,0.1096328819213809,39.288905195068764,0.6935355248391314,0.1346055368241743
Ausgrid,common,GBM,123,272,2000,273,0.3986875876070144,0.205141694631355,0.1580832699343045,42.2116914202605,0.5311293849508313,0.10691201703741471
Ausgrid,common,GBM,123,273,2000,430,0.6463181465426873,0.3170265270249416,0.1009230296581218,82.87263977088209,0.7202245627828937,0.046158244722765196
Ausgrid,common,GBM,123,274,2000,260,0.34117091012400547,0.21673456392706728,0.09111302774323926,30.13578520684374,0.5397841039363517,0.08637005054986169
Ausgrid,common,GBM,123,275,2000,362,0.5096314341326379,0.29746866462549715,0.09659428243605724,45.572288552530296,0.6279336492482508,0.006256269973309969
Ausgrid,common,GBM,123,276,2000,293,0.5626938915161682,0.3295840617403791,0.11011298915221056,49.903494069635975,0.7004923247609034,0.07463986493351338
Ausgrid,common,GBM,123,277,2000,296,0.28740308280172955,0.1754350200651451,0.062261152360922285,44.232857545003974,0.495555833646096,0.02909142103571727
Ausgrid,common,GBM,123,278,2000,470,0.14000962062830155,0.10118093941852435,0.06972660117546031,60.43578287378739,0.2023125647381748,0.04498070077730121
Ausgrid,common,GBM,123,279,2000,323,0.5376274979358063,0.32812887284614284,0.11347140099953698,52.42080917973817,0.6658315215290167,0.07317735184807306
Ausgrid,common,GBM,123,28,2000,149,0.32364106123301833,0.1651996816248198,0.07251030860760684,35.977836105711404,0.7075734530514224,0.09081273213767216
Ausgrid,common,GBM,123,280,2000,235,0.4192053640405404,0.23791631372120078,0.11535359994951713,34.66410238739831,0.6186835819237205,0.0845012196096474
Ausgrid,common,GBM,123,281,2000,380,0.40409902670469383,0.2664034749755607,0.12503063945070972,48.33967456046266,0.4487537843508767,0.07340880806691397
Ausgrid,common,GBM,123,282,2000,366,0.276635781474734,0.15605957701877743,0.08612571029723971,44.88207776081424,0.3564075109541415,0.09963452768893155
Ausgrid,common,GBM,123,283,2000,536,0.19753516533825996,0.12193880430099313,0.06645466591474498,69.89915539395126,0.23105803154129714,0.028332949272550256
Ausgrid,common,GBM,123,284,2000,605,0.338561888678345,0.16266161620972325,0.10795978593059471,91.07903666911503,0.35290087638769024,0.056768916830145066
Ausgrid,common,GBM,123,285,2000,217,0.43760542676656355,0.22646314648219426,0.14404391927799984,41.569181072464296,0.6288168039667204,0.05315280413614443
Ausgrid,common,GBM,123,286,2000,255,0.38619183026586185,0.22910522118108953,0.09287922805816783,32.73045281667885,0.5528362882784119,0.06900237179886393
Ausgrid,common,GBM,123,287,2000,346,0.4302196429134286,0.27417881212275735,0.11098547165728422,39.96146076382593,0.5741833432264212,0.13126183220920373
Ausgrid,common,GBM,123,288,2000,458,0.46318165630121017,0.28707955555222897,0.12429435106526965,115.4831638415299,0.5581177038674772,0.13563246654416994
Ausgrid,common,GBM,123,289,2000,225,0.6933218862268773,0.3323594503098579,0.18809600820045505,31.373683197134973,0.7845196225977099,0.08292406247496553
Ausgrid,common,GBM,123,29,2000,425,0.31286495988010915,0.19538444702869,0.0976424493803766,56.7202368160152,0.35798082725906694,0.08522239781768282
Ausgrid,common,GBM,123,290,2000,364,0.5151778359546747,0.2653744018206514,0.14710960478431603,42.223921180426046,0.5728114141392645,0.10144622449762608
Ausgrid,common,GBM,123,291,2000,280,0.22823288305097053,0.15410588989894428,0.13409372461926358,27.860813784048027,0.2415760396868346,0.11051065020543915
Ausgrid,common,GBM,123,292,2000,636,0.49026585599059,0.24956449938913017,0.12014317613500468,188.70583127902117,0.47743020205597936,0.13303855409937926
Ausgrid,common,GBM,123,293,2000,370,0.8638440495071457,0.46396428650219557,0.10529547166103677,62.212715014417,1.1566295045191135,0.07571045005292798
Ausgrid,common,GBM,123,294,2000,187,0.5687633354924652,0.33427740370498277,0.1350314655686656,24.60408303243105,0.8679998613630859,0.005158820751298476
Ausgrid,common,GBM,123,295,2000,378,0.2910179718151875,0.1655651092877664,0.10468272367452788,48.47918956320728,0.38624904250327746,0.10342278985489528
Ausgrid,common,GBM,123,296,2000,386,0.25959951258050445,0.13835597137554997,0.08127724251111598,65.86181563327212,0.34218824269072146,0.09595402172887924
Ausgrid,common,GBM,123,297,2000,247,0.28558977114431855,0.1692566282219067,0.07167410483072602,39.510621869772336,0.43430887907821275,0.09987555072195875
Ausgrid,common,GBM,123,298,2000,141,0.13590463707794842,0.0731193045416756,0.08147760016663574,21.615383465396917,0.28922297568303745,0.037780808288769285
Ausgrid,common,GBM,123,299,2000,377,0.6852244199531858,0.4230115958376907,0.10454450610937806,58.91440390346927,0.8492547905252584,-0.014398894536038709
Ausgrid,common,GBM,123,3,2000,135,0.20768329392871931,0.09202356325280404,0.08837586975690183,52.893413411061886,0.44615341448236945,0.06760876644521974
Ausgrid,common,GBM,123,30,2000,676,0.27024726908716035,0.1499296709637199,0.10985661345006519,114.02598734960722,0.24899457193031282,0.09893367072238579
Ausgrid,common,GBM,123,300,2000,287,0.5587962820859746,0.3558237305142302,0.10770606189592732,42.836164116947906,0.7943605559256949,0.04969391972640724
Ausgrid,common,GBM,123,31,2000,98,0.21001503080846803,0.11908643005921282,0.04410227442428981,40.5102717535112,0.54510733534709,-0.03799968136443588
Ausgrid,common,GBM,123,32,2000,259,0.39603938595845417,0.2221500357945078,0.13096540540954174,48.21635170609992,0.5465396864161881,0.12377847312721357
Ausgrid,common,GBM,123,33,2000,240,0.5775092567361987,0.3212791051584395,0.08942540364450273,43.00767825393365,0.766920260894484,0.005572505515049508
Ausgrid,common,GBM,123,34,2000,267,0.4365453128984783,0.24956310148448627,0.10364323668055042,46.28041026581177,0.5862317154576329,0.05905603269782822
Ausgrid,common,GBM,123,35,2000,221,0.5624327858305903,0.30524233478172935,0.10807701495591666,31.870906568236425,0.8840936848748234,0.0741204476394649
Ausgrid,common,GBM,123,36,2000,453,0.2530520600117166,0.16300560553076307,0.11565450640389241,55.305557026633146,0.2902317045878785,0.09934994756933246
Ausgrid,common,GBM,123,37,2000,411,0.4625235064074126,0.26618790607402204,0.10056717141371647,103.83216047004638,0.6684336016645853,0.10554544666333143
Ausgrid,common,GBM,123,38,2000,589,0.4525396744666165,0.25637541973980577,0.10708463664614684,135.89169745259227,0.4637369067286702,0.061461450815567864
Ausgrid,common,GBM,123,39,2000,435,0.38564315814549643,0.22545127838436124,0.10383499142312773,68.14665420629925,0.4558493555354284,0.11242594993789712
Ausgrid,common,GBM,123,4,2000,135,0.34309114670928054,0.15627589131795513,0.08693929466346717,38.86623779112507,0.6637380531802806,0.08437924977828215
Ausgrid,common,GBM,123,40,2000,421,0.19547604467919086,0.12723913059066128,0.07051805363607173,50.30840779405993,0.26553281920739913,0.04872018487964547
Ausgrid,common,GBM,123,41,2000,340,0.2726967497504156,0.14580571286717514,0.09732252782858435,46.512473937964636,0.3386849816009621,0.10020995253607567
Ausgrid,common,GBM,123,42,2000,181,0.4195044413330278,0.23087362199770348,0.10519168538942522,27.28305834299712,0.6456556704192168,0.06567062169323956
Ausgrid,common,GBM,123,43,2000,488,0.35020739142818125,0.19075766623268248,0.0960524935348824,60.88015190996609,0.45304794046454644,0.04046609098692633
Ausgrid,common,GBM,123,44,2000,495,0.42794229986691995,0.21937058392111713,0.10911328400482406,77.97417438444242,0.5226551616706927,0.07884456492820191
Ausgrid,common,GBM,123,45,2000,399,0.2989975465250545,0.17071020343274126,0.08436653937044962,54.16711834604617,0.4267085637340432,0.07937393166022366
Ausgrid,common,GBM,123,46,2000,363,0.4644114023006186,0.31086906228816064,0.12993727191605745,47.70598215621719,0.5688045501461149,0.02658981009252237
Ausgrid,common,GBM,123,47,2000,337,0.3859326450360621,0.2151990091089716,0.09815024313872686,41.61312662996085,0.5010063806122363,0.04146358977948994
Ausgrid,common,GBM,123,48,2000,334,0.4957373154667248,0.24674535426739766,0.11561038140548618,92.39793493992946,0.7112852728695676,0.10840345687217989
Ausgrid,common,GBM,123,49,2000,295,0.47142813461605065,0.22809526811597977,0.07395902447311621,47.6152554505141,0.8060137664860245,0.13842748188756504
Ausgrid,common,GBM,123,5,2000,259,0.4665988007016533,0.21319771488546746,0.16812795943502742,82.14420108606527,0.52493139128087,0.07712663180829116
Ausgrid,common,GBM,123,50,2000,587,0.4352359311776283,0.25122174673379716,0.16895017746751867,151.458683489916,0.5000637555100973,0.18828899903804586
Ausgrid,common,GBM,123,51,2000,288,0.4023147302910976,0.22234366039638542,0.11263041897964354,49.02756655590459,0.5246483915415967,0.08797171722184616
Ausgrid,common,GBM,123,52,2000,283,0.63129505551126,0.33048735525602263,0.14492540300993112,127.42915607035476,0.8951864926554015,0.025771383996776476
Ausgrid,common,GBM,123,53,2000,365,0.39328933549897976,0.20262101629135842,0.11230420773814387,62.966569073050195,0.5416694728278173,0.08647249602308571
Ausgrid,common,GBM,123,54,2000,248,0.37299671152016917,0.21202315778698955,0.08344090777353289,36.6678803688061,0.5675645914747958,0.03394144583110115
Ausgrid,common,GBM,123,55,2000,330,0.39978106839740213,0.28129828710326477,0.08125664502648411,41.184056812766755,0.5911152127477862,0.08840428253839261
Ausgrid,common,GBM,123,56,2000,245,0.5263951944965027,0.32840881496877766,0.08847126749970556,42.82320318912807,0.837941225100715,0.06973753624788126
Ausgrid,common,GBM,123,57,2000,429,0.7551993867916408,0.4001563658331568,0.130747816272791,82.0959475524547,0.8011637013398809,0.09148717268760476
Ausgrid,common,GBM,123,58,2000,346,1.025216575617442,0.6177279081028432,0.1904898877029807,58.79368868244212,1.2076155427171031,-0.01394861319915286
Ausgrid,common,GBM,123,59,2000,355,0.38890701909928954,0.2161639767580056,0.09791016774568724,41.36217833026851,0.48123621057282534,0.1025837934605478
Ausgrid,common,GBM,123,6,2000,233,0.39731927480654694,0.23937838328412747,0.107849966016978,27.64251158428769,0.4660456045889035,0.09644516518529767
Ausgrid,common,GBM,123,60,2000,364,0.36402619212511134,0.2068938297616777,0.06865607706375153,71.56704742025181,0.5305429633935945,0.05204168148409494
Ausgrid,common,GBM,123,61,2000,214,0.3912604579341365,0.23141868197852006,0.08050626706463715,33.29324288654186,0.7123093000381822,0.09773517469810711
Ausgrid,common,GBM,123,62,2000,178,0.6708009467385057,0.3608709280877168,0.07612383459527264,43.552689494743106,1.3471680188073687,0.038255575513937545
Ausgrid,common,GBM,123,63,2000,253,0.2833595545407835,0.17659141314497023,0.10846049642526186,27.16411706343752,0.363842080748706,0.12703838211692675
Ausgrid,common,GBM,123,64,2000,425,0.32392944563784043,0.18605419480965607,0.11618161478763182,54.389188958511944,0.391035875074257,0.11200755193592893
Ausgrid,common,GBM,123,65,2000,210,0.44556954612336946,0.23262906412590195,0.10020928126488446,32.36917210891081,0.639598173204721,0.02653434469798943
Ausgrid,common,GBM,123,66,2000,290,0.23849067784084,0.13297753319381844,0.1148799026208285,35.45363375327715,0.3057018528089721,0.11621574227864795
Ausgrid,common,GBM,123,67,2000,291,0.3348482910771808,0.21329172222368245,0.12502736579687146,31.60668011355273,0.4082918562789551,0.09977079834783031
Ausgrid,common,GBM,123,68,2000,240,0.38386030789290115,0.23913443634489762,0.1448480270077249,74.4698565595432,0.5269115703654947,-0.03173525839372071
Ausgrid,common,GBM,123,69,2000,127,0.30974520977071,0.17569989891050636,0.08429014484542145,22.631104869367686,0.5730097820769423,0.13712418051563435
Ausgrid,common,GBM,123,7,2000,398,0.25530435102907706,0.1582646721523546,0.09655989070691265,45.8910130392948,0.3284194197616839,0.09196279702817245
Ausgrid,common,GBM,123,70,2000,221,0.5524333979277412,0.29409581904063886,0.08448905836913277,34.1722386511486,0.7971572154415857,0.023325019730568997
Ausgrid,common,GBM,123,71,2000,605,0.47314094073239304,0.2897281387448561,0.14675587491699538,79.17074241915317,0.45819634897785005,0.13851475405629898
Ausgrid,common,GBM,123,72,2000,486,0.374194986251962,0.2215745537648586,0.16003275380284665,82.59432813080579,0.3865210559052671,0.15601348051308128
Ausgrid,common,GBM,123,73,2000,192,0.21996549796622059,0.11889111656980786,0.08869290424753251,27.213601431876967,0.36968313369866834,0.13562682544793248
Ausgrid,common,GBM,123,74,2000,303,0.6640121694571605,0.3153547546599802,0.11924777751666761,62.14022990231736,0.8081792743291989,0.05504187805027161
Ausgrid,common,GBM,123,75,2000,417,0.8541443703729755,0.5316127258031828,0.14879941785935377,67.44708923442406,1.0183355775535625,0.1080091689939141
Ausgrid,common,GBM,123,76,2000,263,0.39210594795223525,0.20774177618481043,0.12447807871499532,39.810506992415114,0.573740075521125,0.10050050128160759
Ausgrid,common,GBM,123,77,2000,380,0.3723536385426757,0.2072093977318991,0.11563131208276446,75.44384319785836,0.46540816173178473,0.05478176400399848
Ausgrid,common,GBM,123,78,2000,173,0.6158898793428155,0.29702437211412713,0.11405368135978063,41.76748810725278,1.203407262083187,0.15140158226258993
Ausgrid,common,GBM,123,79,2000,318,0.4942673520047808,0.2743662279419341,0.1146244143181645,49.12186639837171,0.6519020950117359,0.0893653913849124
Ausgrid,common,GBM,123,8,2000,359,0.5114533732383701,0.3246023118098642,0.0674029221452781,49.747656023531235,0.7317438520823145,0.04161592292221361
Ausgrid,common,GBM,123,80,2000,646,0.8459023798797243,0.5666486672563569,0.1984754528108222,127.11778683565842,0.7995672539572912,0.14857360847971401
Ausgrid,common,GBM,123,81,2000,399,0.3548776713617416,0.1839773662333895,0.1473744482399259,153.41613785972078,0.4396544755393802,0.07190453178611156
Ausgrid,common,GBM,123,82,2000,356,0.8874523990897268,0.49501659147992216,0.12820769736589135,58.03387358603863,1.1652477315258265,0.07749839121755797
Ausgrid,common,GBM,123,83,2000,759,0.39602403828328997,0.20071319370858012,0.12081270234389567,176.274387951386,0.3628217027770058,0.11617045055464104
Ausgrid,common,GBM,123,84,2000,111,0.44254604247293844,0.23379858438810228,0.09549979336921416,21.670311247189776,0.8122097910444865,0.0749930883646972
Ausgrid,common,GBM,123,85,2000,470,0.7738470618878235,0.4792745355224198,0.09269849806993571,176.94637779957833,1.1469507976650823,0.08605107714178928
Ausgrid,common,GBM,123,86,2000,214,0.5599293113501718,0.25740312177090807,0.0965395364396848,47.59099632633843,0.9627095275618619,0.10899898531435581
Ausgrid,common,GBM,123,87,2000,135,0.1644796094480945,0.0801497121567668,0.08134581422570632,24.85279382519679,0.30897340111558563,0.07707693049558373
Ausgrid,common,GBM,123,88,2000,444,0.17921616340895746,0.10952308300571374,0.08952035175975324,44.45971358267783,0.2072239737260041,0.06458281404694322
Ausgrid,common,GBM,123,89,2000,323,0.4673797866553839,0.2927469866184124,0.10312471849206885,42.114754780198645,0.5933084326978522,0.06587172145248721
Ausgrid,common,GBM,123,9,2000,347,0.17572518271252954,0.1144496328677325,0.05877135723734934,113.87616166643224,0.26789253661405266,0.022653682978499234
Ausgrid,common,GBM,123,90,2000,274,0.19452113825525183,0.12513441687653995,0.11482880163355141,31.011958514242572,0.23394268616136973,0.05493230062636989
Ausgrid,common,GBM,123,91,2000,402,0.5647757484618872,0.35578992828140826,0.11454294398185386,52.34558430161419,0.6571888716886554,0.05409312091730023
Ausgrid,common,GBM,123,92,2000,394,0.2955324775606308,0.1778464572569668,0.09435902859534828,42.476677189802544,0.316241890754984,-0.0014707153770749937
Ausgrid,common,GBM,123,93,2000,208,0.34734616223070036,0.2023054917654174,0.07589810558129821,37.82474820494324,0.6718804846670635,0.08541994004048947
Ausgrid,common,GBM,123,94,2000,212,0.4225991069507183,0.237442728005572,0.11514020841640091,36.52116539587088,0.5840345858823116,0.0683600179906193
Ausgrid,common,GBM,123,95,2000,300,0.7506081870148169,0.3731877660152533,0.17974333980239868,49.84586004346788,1.0202401348877004,0.07829575918150034
Ausgrid,common,GBM,123,96,2000,241,0.622094343056015,0.34090001182357144,0.09140381179195048,42.44987390541116,0.9543106829792015,0.08717303430258438
Ausgrid,common,GBM,123,97,2000,219,0.2772501269164587,0.14909934816349718,0.09360233859434797,46.396719351386714,0.4671822959665613,0.1366342961888466
Ausgrid,common,GBM,123,98,2000,254,0.39846407063342437,0.24702605272745645,0.14395274262231625,26.92246406951771,0.44870754722537476,0.045818108612956654
Ausgrid,common,GBM,123,99,2000,438,0.2935731953592295,0.17279277267158863,0.13536828300789777,46.179574407605685,0.34441770239158154,0.15198337360549297
PVDAQ,n/a,Persistence,0,1199,2000,105,1.311700975186526,0.8355534415952502,0.014234033310785673,19.784564897400134,3.2277060006195413,0.0
PVDAQ,n/a,Persistence,0,1239,2000,103,1.4985480155804152,0.403286,0.09756171976434994,32.48416367200917,4.795455642119317,0.0
PVDAQ,n/a,Persistence,0,1283,2000,106,19.92195899367557,8.042913917381359,0.055211278776720836,69.61310315480344,55.46352978070915,0.0
PVDAQ,n/a,Persistence,0,1367,2000,218,5.326611844048138,3.0134444493741483,0.02806301596394977,34.21172847179042,9.633154362548295,0.0
PVDAQ,n/a,Persistence,0,1422,2000,111,0.35751905799963607,0.12704449098440232,0.058413527927226316,47.638889119858945,0.8474562600820034,0.0
PVDAQ,n/a,Persistence,0,34,2000,241,16.019880946152252,7.320248470833982,0.15752095325616766,65.47047957186254,29.33287392466851,0.0
PVDAQ,n/a,Persistence,0,4,2000,143,0.059225814530221826,0.024102158078952107,0.06527386936967262,31.05611671033665,0.1424542558386489,0.0
PVDAQ,common,GBM,42,1199,2000,105,1.64982906776742,1.1205168307622,0.01790325870907011,24.50207409323026,3.8650239376522935,-0.2577783343744269
PVDAQ,common,GBM,42,1239,2000,103,1.331297746983062,0.3904834463905462,0.08667303040254311,91.11379084435598,3.8133305500577404,0.11160821465742232
PVDAQ,common,GBM,42,1283,2000,106,18.054643670932144,6.622591544137449,0.050036242181135095,55.891816813840755,49.327383602400786,0.09373151121012868
PVDAQ,common,GBM,42,1367,2000,218,5.422501415758193,3.0338727376908317,0.028568205878375844,34.51895719852072,9.267792010470075,-0.018001982220123613
PVDAQ,common,GBM,42,1422,2000,111,0.3305287924722668,0.11295321306339313,0.054003702509897535,44.700681125453116,0.8517299917662382,0.0754932217554588
PVDAQ,common,GBM,42,34,2000,241,14.539453143293585,7.26146898192642,0.14296414103533514,57.7291011993091,25.56393326969448,0.09241191041524222
PVDAQ,common,GBM,42,4,2000,143,0.05392965443301792,0.019185163072087796,0.05943687303474918,23.626975268535748,0.13114015421929706,0.08942317027149327
PVDAQ,common,GBM,7,1199,2000,105,1.7182245897412385,1.17216064277023,0.01864545846076692,23.685726728134018,3.8543702338358417,-0.309920951684056
PVDAQ,common,GBM,7,1239,2000,103,1.3008814862320768,0.3826717735766248,0.08469280509323417,75.92890244613868,3.6968798512890486,0.1319053692595753
PVDAQ,common,GBM,7,1283,2000,106,18.073346773800516,6.625941251126726,0.050088075548866795,55.08083890525517,49.99705503681627,0.09279269274984026
PVDAQ,common,GBM,7,1367,2000,218,5.684117971023793,3.1557648311773736,0.02994652098407584,32.922241803436464,9.851407565846513,-0.06711698495078555
PVDAQ,common,GBM,7,1422,2000,111,0.33155910559303814,0.11557077106935593,0.054172041016355636,43.77367494606387,0.8507382933981418,0.07261138064036954
PVDAQ,common,GBM,7,34,2000,241,14.205949247713495,7.265079564588264,0.13968485002668135,57.71025376688167,25.350929650962684,0.11323003613671911
PVDAQ,common,GBM,7,4,2000,143,0.05211402597469935,0.01844297802407127,0.05743583521446438,23.17891348366816,0.12800184386391353,0.12007920215083678
PVDAQ,common,GBM,123,1199,2000,105,1.6642620296195936,1.1659118834715532,0.018059879206930092,25.783074746862756,3.676503517141116,-0.26878157529991364
PVDAQ,common,GBM,123,1239,2000,103,1.305946206164649,0.3891209160377607,0.08502253946384435,77.23846222409212,3.865122353153358,0.12852561774016158
PVDAQ,common,GBM,123,1283,2000,106,17.872367945998295,6.4176988781214055,0.04953108724799089,53.29533499685054,48.78825358061298,0.10288099921940097
PVDAQ,common,GBM,123,1367,2000,218,5.616603778385331,2.9881113739900558,0.029590825483581776,31.32458585645363,9.47663189531892,-0.05444209993660887
PVDAQ,common,GBM,123,1422,2000,111,0.3288999506152692,0.11320324706516618,0.05373757292275016,42.934372012990714,0.8534349090226845,0.08004917988007221
PVDAQ,common,GBM,123,34,2000,241,14.731761572744738,7.457284705735672,0.144855079378021,57.661923583014655,25.491645361443965,0.08040754970260267
PVDAQ,common,GBM,123,4,2000,143,0.05340629792733169,0.01886228912410855,0.058860072116823446,24.09143646839397,0.13063802290971388,0.09825979851945388
PVDAQ,common+weather,GBM,42,1199,2000,105,1.5435642156691423,1.0438927769529263,0.016750116740629088,24.068370176693485,3.662456604761462,-0.17676531836811726
PVDAQ,common+weather,GBM,42,1239,2000,103,0.7608147157343055,0.28510077251161314,0.049532208055618844,84.57931518832218,1.3196488034939438,0.4922987399642127
PVDAQ,common+weather,GBM,42,1283,2000,106,8.888942350606158,3.7642888475537664,0.02463461923123708,41.73590581202931,15.296868688432252,0.5538118337946563
PVDAQ,common+weather,GBM,42,1367,2000,218,6.007689669089092,3.690269892858502,0.031651243985139854,30.79589259580839,9.835012886381854,-0.12786323557666002
PVDAQ,common+weather,GBM,42,1422,2000,111,0.16117543718848948,0.062365784276126976,0.026333773517053526,32.11975946413694,0.23522307162613032,0.5491836488653605
PVDAQ,common+weather,GBM,42,34,2000,241,17.07615754186016,7.769655265764066,0.1679071538039347,59.14370898431558,26.284648174300315,-0.06593535864956657
PVDAQ,common+weather,GBM,42,4,2000,143,0.03127544444808593,0.011629729967587946,0.03446924776933359,15.51485631641429,0.06603219218749459,0.4719288422428255
PVDAQ,common+weather,GBM,7,1199,2000,105,1.7098855409670406,1.1724544886012807,0.01855496657254116,26.47212964044569,3.8305060632978956,-0.30356352043108914
PVDAQ,common+weather,GBM,7,1239,2000,103,0.8226632389042589,0.30349680127730433,0.053558804616162685,85.52728009685087,1.535151238609567,0.4510264400265972
PVDAQ,common+weather,GBM,7,1283,2000,106,9.053144921321044,3.8631961221885476,0.025089686622474655,39.304078166319535,14.88193074911526,0.5455695434271771
PVDAQ,common+weather,GBM,7,1367,2000,218,5.784928985647557,3.363106378911774,0.030477639300100653,31.5796476083761,9.661753207454492,-0.08604290213328292
PVDAQ,common+weather,GBM,7,1422,2000,111,0.16030232439649544,0.0630928937325771,0.026191119307948926,31.11844116450516,0.27203035290884525,0.5516257922209601
PVDAQ,common+weather,GBM,7,34,2000,241,16.591317835545485,7.661173286744812,0.16313980172611095,57.84750944837575,25.87078094077467,-0.035670482902713685
PVDAQ,common+weather,GBM,7,4,2000,143,0.0307397946900555,0.011245207293863278,0.033878898229848006,14.682741036303575,0.06316775201140289,0.48097303627002785
PVDAQ,common+weather,GBM,123,1199,2000,105,1.6708201094424504,1.1739750623413079,0.01813104476098486,27.35484437466799,3.753026170780904,-0.2737812512526774
PVDAQ,common+weather,GBM,123,1239,2000,103,0.7633081530495495,0.2837109996997896,0.049694541214163376,85.12784920488618,1.2099723944565928,0.49063483778068584
PVDAQ,common+weather,GBM,123,1283,2000,106,9.166030470323077,3.923532492473744,0.025402535148957073,39.374367628032225,14.982992757146508,0.5399031554460619
PVDAQ,common+weather,GBM,123,1367,2000,218,5.902017696946279,3.4855982219298194,0.03109451593210941,30.770048970737978,9.619220398144218,-0.10802473875416507
PVDAQ,common+weather,GBM,123,1422,2000,111,0.15545293068852026,0.06168275347581795,0.025398797364677265,30.818596582335424,0.2585174992237243,0.5651898067803744
PVDAQ,common+weather,GBM,123,34,2000,241,17.055318487276203,7.745993270143602,0.16770224667921535,58.56447290132416,26.322717960641157,-0.06463453408950892
PVDAQ,common+weather,GBM,123,4,2000,143,0.03095343932888489,0.011391286336919354,0.034114359951347255,15.596250864574449,0.06440190557268537,0.47736574710863744
