Dataset,Rule,ClipPct,ClipTol,ClipRun,DropFrac,N_rare,Prevalence_pct,Persist_overall_RMSE,Persist_rare_RMSE,Persist_pct_worse,MLP_overall_RMSE,MLP_rare_RMSE,MLP_pct_worse,IsBaseline
DKASC,clipping,99,0.005,2,0.3,0,0,2.77967166891617,NaN,NaN,2.85615510431063,NaN,NaN,0
DKASC,cloud,99,0.005,2,0.3,643,12.86,2.77967166891617,5.41100122388324,94.6633224489084,2.85615510431063,4.70038283094131,64.5702932535875,0
DKASC,combined,99,0.005,2,0.3,643,12.86,2.77967166891617,5.41100122388324,94.6633224489084,2.85615510431063,4.70038283094131,64.5702932535875,0
DKASC,clipping,99,0.005,2,0.4,0,0,2.77967166891617,NaN,NaN,2.85615510431063,NaN,NaN,0
DKASC,cloud,99,0.005,2,0.4,469,9.38,2.77967166891617,5.73093669258408,106.17315191109,2.85615510431063,4.88543070638394,71.0492087425728,0
DKASC,combined,99,0.005,2,0.4,469,9.38,2.77967166891617,5.73093669258408,106.17315191109,2.85615510431063,4.88543070638394,71.0492087425728,0
DKASC,clipping,99,0.005,2,0.5,0,0,2.77967166891617,NaN,NaN,2.85615510431063,NaN,NaN,0
DKASC,cloud,99,0.005,2,0.5,376,7.52,2.77967166891617,6.08119949411789,118.774021483229,2.85615510431063,5.09181977271227,78.2753242296779,0
DKASC,combined,99,0.005,2,0.5,376,7.52,2.77967166891617,6.08119949411789,118.774021483229,2.85615510431063,5.09181977271227,78.2753242296779,0
DKASC,clipping,99,0.005,2,0.6,0,0,2.77967166891617,NaN,NaN,2.85615510431063,NaN,NaN,0
DKASC,cloud,99,0.005,2,0.6,324,6.48,2.77967166891617,6.35355513047906,128.572144024348,2.85615510431063,5.2397799763844,83.4557222917025,0
DKASC,combined,99,0.005,2,0.6,324,6.48,2.77967166891617,6.35355513047906,128.572144024348,2.85615510431063,5.2397799763844,83.4557222917025,0
DKASC,clipping,99,0.005,2,0.7,0,0,2.77967166891617,NaN,NaN,2.85615510431063,NaN,NaN,0
DKASC,cloud,99,0.005,2,0.7,209,4.18,2.77967166891617,5.61331157099139,101.941532655189,2.85615510431063,4.56716347997601,59.9060034618936,0
DKASC,combined,99,0.005,2,0.7,209,4.18,2.77967166891617,5.61331157099139,101.941532655189,2.85615510431063,4.56716347997601,59.9060034618936,0
DKASC,clipping,99,0.005,3,0.3,0,0,2.77967166891617,NaN,NaN,2.85615510431063,NaN,NaN,0
DKASC,cloud,99,0.005,3,0.3,643,12.86,2.77967166891617,5.41100122388324,94.6633224489084,2.85615510431063,4.70038283094131,64.5702932535875,0
DKASC,combined,99,0.005,3,0.3,643,12.86,2.77967166891617,5.41100122388324,94.6633224489084,2.85615510431063,4.70038283094131,64.5702932535875,0
DKASC,clipping,99,0.005,3,0.4,0,0,2.77967166891617,NaN,NaN,2.85615510431063,NaN,NaN,0
DKASC,cloud,99,0.005,3,0.4,469,9.38,2.77967166891617,5.73093669258408,106.17315191109,2.85615510431063,4.88543070638394,71.0492087425728,0
DKASC,combined,99,0.005,3,0.4,469,9.38,2.77967166891617,5.73093669258408,106.17315191109,2.85615510431063,4.88543070638394,71.0492087425728,0
DKASC,clipping,99,0.005,3,0.5,0,0,2.77967166891617,NaN,NaN,2.85615510431063,NaN,NaN,0
DKASC,cloud,99,0.005,3,0.5,376,7.52,2.77967166891617,6.08119949411789,118.774021483229,2.85615510431063,5.09181977271227,78.2753242296779,0
DKASC,combined,99,0.005,3,0.5,376,7.52,2.77967166891617,6.08119949411789,118.774021483229,2.85615510431063,5.09181977271227,78.2753242296779,0
DKASC,clipping,99,0.005,3,0.6,0,0,2.77967166891617,NaN,NaN,2.85615510431063,NaN,NaN,0
DKASC,cloud,99,0.005,3,0.6,324,6.48,2.77967166891617,6.35355513047906,128.572144024348,2.85615510431063,5.2397799763844,83.4557222917025,0
DKASC,combined,99,0.005,3,0.6,324,6.48,2.77967166891617,6.35355513047906,128.572144024348,2.85615510431063,5.2397799763844,83.4557222917025,0
DKASC,clipping,99,0.005,3,0.7,0,0,2.77967166891617,NaN,NaN,2.85615510431063,NaN,NaN,0
DKASC,cloud,99,0.005,3,0.7,209,4.18,2.77967166891617,5.61331157099139,101.941532655189,2.85615510431063,4.56716347997601,59.9060034618936,0
DKASC,combined,99,0.005,3,0.7,209,4.18,2.77967166891617,5.61331157099139,101.941532655189,2.85615510431063,4.56716347997601,59.9060034618936,0
DKASC,clipping,99,0.005,5,0.3,0,0,2.77967166891617,NaN,NaN,2.85615510431063,NaN,NaN,0
DKASC,cloud,99,0.005,5,0.3,643,12.86,2.77967166891617,5.41100122388324,94.6633224489084,2.85615510431063,4.70038283094131,64.5702932535875,0
DKASC,combined,99,0.005,5,0.3,643,12.86,2.77967166891617,5.41100122388324,94.6633224489084,2.85615510431063,4.70038283094131,64.5702932535875,0
DKASC,clipping,99,0.005,5,0.4,0,0,2.77967166891617,NaN,NaN,2.85615510431063,NaN,NaN,0
DKASC,cloud,99,0.005,5,0.4,469,9.38,2.77967166891617,5.73093669258408,106.17315191109,2.85615510431063,4.88543070638394,71.0492087425728,0
DKASC,combined,99,0.005,5,0.4,469,9.38,2.77967166891617,5.73093669258408,106.17315191109,2.85615510431063,4.88543070638394,71.0492087425728,0
DKASC,clipping,99,0.005,5,0.5,0,0,2.77967166891617,NaN,NaN,2.85615510431063,NaN,NaN,0
DKASC,cloud,99,0.005,5,0.5,376,7.52,2.77967166891617,6.08119949411789,118.774021483229,2.85615510431063,5.09181977271227,78.2753242296779,0
DKASC,combined,99,0.005,5,0.5,376,7.52,2.77967166891617,6.08119949411789,118.774021483229,2.85615510431063,5.09181977271227,78.2753242296779,0
DKASC,clipping,99,0.005,5,0.6,0,0,2.77967166891617,NaN,NaN,2.85615510431063,NaN,NaN,0
DKASC,cloud,99,0.005,5,0.6,324,6.48,2.77967166891617,6.35355513047906,128.572144024348,2.85615510431063,5.2397799763844,83.4557222917025,0
DKASC,combined,99,0.005,5,0.6,324,6.48,2.77967166891617,6.35355513047906,128.572144024348,2.85615510431063,5.2397799763844,83.4557222917025,0
DKASC,clipping,99,0.005,5,0.7,0,0,2.77967166891617,NaN,NaN,2.85615510431063,NaN,NaN,0
DKASC,cloud,99,0.005,5,0.7,209,4.18,2.77967166891617,5.61331157099139,101.941532655189,2.85615510431063,4.56716347997601,59.9060034618936,0
DKASC,combined,99,0.005,5,0.7,209,4.18,2.77967166891617,5.61331157099139,101.941532655189,2.85615510431063,4.56716347997601,59.9060034618936,0
DKASC,clipping,99,0.01,2,0.3,0,0,2.77967166891617,NaN,NaN,2.85615510431063,NaN,NaN,0
DKASC,cloud,99,0.01,2,0.3,643,12.86,2.77967166891617,5.41100122388324,94.6633224489084,2.85615510431063,4.70038283094131,64.5702932535875,0
DKASC,combined,99,0.01,2,0.3,643,12.86,2.77967166891617,5.41100122388324,94.6633224489084,2.85615510431063,4.70038283094131,64.5702932535875,0
DKASC,clipping,99,0.01,2,0.4,0,0,2.77967166891617,NaN,NaN,2.85615510431063,NaN,NaN,0
DKASC,cloud,99,0.01,2,0.4,469,9.38,2.77967166891617,5.73093669258408,106.17315191109,2.85615510431063,4.88543070638394,71.0492087425728,0
DKASC,combined,99,0.01,2,0.4,469,9.38,2.77967166891617,5.73093669258408,106.17315191109,2.85615510431063,4.88543070638394,71.0492087425728,0
DKASC,clipping,99,0.01,2,0.5,0,0,2.77967166891617,NaN,NaN,2.85615510431063,NaN,NaN,0
DKASC,cloud,99,0.01,2,0.5,376,7.52,2.77967166891617,6.08119949411789,118.774021483229,2.85615510431063,5.09181977271227,78.2753242296779,0
DKASC,combined,99,0.01,2,0.5,376,7.52,2.77967166891617,6.08119949411789,118.774021483229,2.85615510431063,5.09181977271227,78.2753242296779,0
DKASC,clipping,99,0.01,2,0.6,0,0,2.77967166891617,NaN,NaN,2.85615510431063,NaN,NaN,0
DKASC,cloud,99,0.01,2,0.6,324,6.48,2.77967166891617,6.35355513047906,128.572144024348,2.85615510431063,5.2397799763844,83.4557222917025,0
DKASC,combined,99,0.01,2,0.6,324,6.48,2.77967166891617,6.35355513047906,128.572144024348,2.85615510431063,5.2397799763844,83.4557222917025,0
DKASC,clipping,99,0.01,2,0.7,0,0,2.77967166891617,NaN,NaN,2.85615510431063,NaN,NaN,0
DKASC,cloud,99,0.01,2,0.7,209,4.18,2.77967166891617,5.61331157099139,101.941532655189,2.85615510431063,4.56716347997601,59.9060034618936,0
DKASC,combined,99,0.01,2,0.7,209,4.18,2.77967166891617,5.61331157099139,101.941532655189,2.85615510431063,4.56716347997601,59.9060034618936,0
DKASC,clipping,99,0.01,3,0.3,0,0,2.77967166891617,NaN,NaN,2.85615510431063,NaN,NaN,0
DKASC,cloud,99,0.01,3,0.3,643,12.86,2.77967166891617,5.41100122388324,94.6633224489084,2.85615510431063,4.70038283094131,64.5702932535875,0
DKASC,combined,99,0.01,3,0.3,643,12.86,2.77967166891617,5.41100122388324,94.6633224489084,2.85615510431063,4.70038283094131,64.5702932535875,0
DKASC,clipping,99,0.01,3,0.4,0,0,2.77967166891617,NaN,NaN,2.85615510431063,NaN,NaN,0
DKASC,cloud,99,0.01,3,0.4,469,9.38,2.77967166891617,5.73093669258408,106.17315191109,2.85615510431063,4.88543070638394,71.0492087425728,0
DKASC,combined,99,0.01,3,0.4,469,9.38,2.77967166891617,5.73093669258408,106.17315191109,2.85615510431063,4.88543070638394,71.0492087425728,0
DKASC,clipping,99,0.01,3,0.5,0,0,2.77967166891617,NaN,NaN,2.85615510431063,NaN,NaN,0
DKASC,cloud,99,0.01,3,0.5,376,7.52,2.77967166891617,6.08119949411789,118.774021483229,2.85615510431063,5.09181977271227,78.2753242296779,0
DKASC,combined,99,0.01,3,0.5,376,7.52,2.77967166891617,6.08119949411789,118.774021483229,2.85615510431063,5.09181977271227,78.2753242296779,0
DKASC,clipping,99,0.01,3,0.6,0,0,2.77967166891617,NaN,NaN,2.85615510431063,NaN,NaN,0
DKASC,cloud,99,0.01,3,0.6,324,6.48,2.77967166891617,6.35355513047906,128.572144024348,2.85615510431063,5.2397799763844,83.4557222917025,0
DKASC,combined,99,0.01,3,0.6,324,6.48,2.77967166891617,6.35355513047906,128.572144024348,2.85615510431063,5.2397799763844,83.4557222917025,0
DKASC,clipping,99,0.01,3,0.7,0,0,2.77967166891617,NaN,NaN,2.85615510431063,NaN,NaN,0
DKASC,cloud,99,0.01,3,0.7,209,4.18,2.77967166891617,5.61331157099139,101.941532655189,2.85615510431063,4.56716347997601,59.9060034618936,0
DKASC,combined,99,0.01,3,0.7,209,4.18,2.77967166891617,5.61331157099139,101.941532655189,2.85615510431063,4.56716347997601,59.9060034618936,0
DKASC,clipping,99,0.01,5,0.3,0,0,2.77967166891617,NaN,NaN,2.85615510431063,NaN,NaN,0
DKASC,cloud,99,0.01,5,0.3,643,12.86,2.77967166891617,5.41100122388324,94.6633224489084,2.85615510431063,4.70038283094131,64.5702932535875,0
DKASC,combined,99,0.01,5,0.3,643,12.86,2.77967166891617,5.41100122388324,94.6633224489084,2.85615510431063,4.70038283094131,64.5702932535875,0
DKASC,clipping,99,0.01,5,0.4,0,0,2.77967166891617,NaN,NaN,2.85615510431063,NaN,NaN,0
DKASC,cloud,99,0.01,5,0.4,469,9.38,2.77967166891617,5.73093669258408,106.17315191109,2.85615510431063,4.88543070638394,71.0492087425728,0
DKASC,combined,99,0.01,5,0.4,469,9.38,2.77967166891617,5.73093669258408,106.17315191109,2.85615510431063,4.88543070638394,71.0492087425728,0
DKASC,clipping,99,0.01,5,0.5,0,0,2.77967166891617,NaN,NaN,2.85615510431063,NaN,NaN,0
DKASC,cloud,99,0.01,5,0.5,376,7.52,2.77967166891617,6.08119949411789,118.774021483229,2.85615510431063,5.09181977271227,78.2753242296779,0
DKASC,combined,99,0.01,5,0.5,376,7.52,2.77967166891617,6.08119949411789,118.774021483229,2.85615510431063,5.09181977271227,78.2753242296779,0
DKASC,clipping,99,0.01,5,0.6,0,0,2.77967166891617,NaN,NaN,2.85615510431063,NaN,NaN,0
DKASC,cloud,99,0.01,5,0.6,324,6.48,2.77967166891617,6.35355513047906,128.572144024348,2.85615510431063,5.2397799763844,83.4557222917025,0
DKASC,combined,99,0.01,5,0.6,324,6.48,2.77967166891617,6.35355513047906,128.572144024348,2.85615510431063,5.2397799763844,83.4557222917025,0
DKASC,clipping,99,0.01,5,0.7,0,0,2.77967166891617,NaN,NaN,2.85615510431063,NaN,NaN,0
DKASC,cloud,99,0.01,5,0.7,209,4.18,2.77967166891617,5.61331157099139,101.941532655189,2.85615510431063,4.56716347997601,59.9060034618936,0
DKASC,combined,99,0.01,5,0.7,209,4.18,2.77967166891617,5.61331157099139,101.941532655189,2.85615510431063,4.56716347997601,59.9060034618936,0
DKASC,clipping,99,0.02,2,0.3,0,0,2.77967166891617,NaN,NaN,2.85615510431063,NaN,NaN,0
DKASC,cloud,99,0.02,2,0.3,643,12.86,2.77967166891617,5.41100122388324,94.6633224489084,2.85615510431063,4.70038283094131,64.5702932535875,0
DKASC,combined,99,0.02,2,0.3,643,12.86,2.77967166891617,5.41100122388324,94.6633224489084,2.85615510431063,4.70038283094131,64.5702932535875,0
DKASC,clipping,99,0.02,2,0.4,0,0,2.77967166891617,NaN,NaN,2.85615510431063,NaN,NaN,0
DKASC,cloud,99,0.02,2,0.4,469,9.38,2.77967166891617,5.73093669258408,106.17315191109,2.85615510431063,4.88543070638394,71.0492087425728,0
DKASC,combined,99,0.02,2,0.4,469,9.38,2.77967166891617,5.73093669258408,106.17315191109,2.85615510431063,4.88543070638394,71.0492087425728,0
DKASC,clipping,99,0.02,2,0.5,0,0,2.77967166891617,NaN,NaN,2.85615510431063,NaN,NaN,0
DKASC,cloud,99,0.02,2,0.5,376,7.52,2.77967166891617,6.08119949411789,118.774021483229,2.85615510431063,5.09181977271227,78.2753242296779,0
DKASC,combined,99,0.02,2,0.5,376,7.52,2.77967166891617,6.08119949411789,118.774021483229,2.85615510431063,5.09181977271227,78.2753242296779,0
DKASC,clipping,99,0.02,2,0.6,0,0,2.77967166891617,NaN,NaN,2.85615510431063,NaN,NaN,0
DKASC,cloud,99,0.02,2,0.6,324,6.48,2.77967166891617,6.35355513047906,128.572144024348,2.85615510431063,5.2397799763844,83.4557222917025,0
DKASC,combined,99,0.02,2,0.6,324,6.48,2.77967166891617,6.35355513047906,128.572144024348,2.85615510431063,5.2397799763844,83.4557222917025,0
DKASC,clipping,99,0.02,2,0.7,0,0,2.77967166891617,NaN,NaN,2.85615510431063,NaN,NaN,0
DKASC,cloud,99,0.02,2,0.7,209,4.18,2.77967166891617,5.61331157099139,101.941532655189,2.85615510431063,4.56716347997601,59.9060034618936,0
DKASC,combined,99,0.02,2,0.7,209,4.18,2.77967166891617,5.61331157099139,101.941532655189,2.85615510431063,4.56716347997601,59.9060034618936,0
DKASC,clipping,99,0.02,3,0.3,0,0,2.77967166891617,NaN,NaN,2.85615510431063,NaN,NaN,0
DKASC,cloud,99,0.02,3,0.3,643,12.86,2.77967166891617,5.41100122388324,94.6633224489084,2.85615510431063,4.70038283094131,64.5702932535875,0
DKASC,combined,99,0.02,3,0.3,643,12.86,2.77967166891617,5.41100122388324,94.6633224489084,2.85615510431063,4.70038283094131,64.5702932535875,0
DKASC,clipping,99,0.02,3,0.4,0,0,2.77967166891617,NaN,NaN,2.85615510431063,NaN,NaN,0
DKASC,cloud,99,0.02,3,0.4,469,9.38,2.77967166891617,5.73093669258408,106.17315191109,2.85615510431063,4.88543070638394,71.0492087425728,0
DKASC,combined,99,0.02,3,0.4,469,9.38,2.77967166891617,5.73093669258408,106.17315191109,2.85615510431063,4.88543070638394,71.0492087425728,0
DKASC,clipping,99,0.02,3,0.5,0,0,2.77967166891617,NaN,NaN,2.85615510431063,NaN,NaN,0
DKASC,cloud,99,0.02,3,0.5,376,7.52,2.77967166891617,6.08119949411789,118.774021483229,2.85615510431063,5.09181977271227,78.2753242296779,0
DKASC,combined,99,0.02,3,0.5,376,7.52,2.77967166891617,6.08119949411789,118.774021483229,2.85615510431063,5.09181977271227,78.2753242296779,0
DKASC,clipping,99,0.02,3,0.6,0,0,2.77967166891617,NaN,NaN,2.85615510431063,NaN,NaN,0
DKASC,cloud,99,0.02,3,0.6,324,6.48,2.77967166891617,6.35355513047906,128.572144024348,2.85615510431063,5.2397799763844,83.4557222917025,0
DKASC,combined,99,0.02,3,0.6,324,6.48,2.77967166891617,6.35355513047906,128.572144024348,2.85615510431063,5.2397799763844,83.4557222917025,0
DKASC,clipping,99,0.02,3,0.7,0,0,2.77967166891617,NaN,NaN,2.85615510431063,NaN,NaN,0
DKASC,cloud,99,0.02,3,0.7,209,4.18,2.77967166891617,5.61331157099139,101.941532655189,2.85615510431063,4.56716347997601,59.9060034618936,0
DKASC,combined,99,0.02,3,0.7,209,4.18,2.77967166891617,5.61331157099139,101.941532655189,2.85615510431063,4.56716347997601,59.9060034618936,0
DKASC,clipping,99,0.02,5,0.3,0,0,2.77967166891617,NaN,NaN,2.85615510431063,NaN,NaN,0
DKASC,cloud,99,0.02,5,0.3,643,12.86,2.77967166891617,5.41100122388324,94.6633224489084,2.85615510431063,4.70038283094131,64.5702932535875,0
DKASC,combined,99,0.02,5,0.3,643,12.86,2.77967166891617,5.41100122388324,94.6633224489084,2.85615510431063,4.70038283094131,64.5702932535875,0
DKASC,clipping,99,0.02,5,0.4,0,0,2.77967166891617,NaN,NaN,2.85615510431063,NaN,NaN,0
DKASC,cloud,99,0.02,5,0.4,469,9.38,2.77967166891617,5.73093669258408,106.17315191109,2.85615510431063,4.88543070638394,71.0492087425728,0
DKASC,combined,99,0.02,5,0.4,469,9.38,2.77967166891617,5.73093669258408,106.17315191109,2.85615510431063,4.88543070638394,71.0492087425728,0
DKASC,clipping,99,0.02,5,0.5,0,0,2.77967166891617,NaN,NaN,2.85615510431063,NaN,NaN,0
DKASC,cloud,99,0.02,5,0.5,376,7.52,2.77967166891617,6.08119949411789,118.774021483229,2.85615510431063,5.09181977271227,78.2753242296779,0
DKASC,combined,99,0.02,5,0.5,376,7.52,2.77967166891617,6.08119949411789,118.774021483229,2.85615510431063,5.09181977271227,78.2753242296779,0
DKASC,clipping,99,0.02,5,0.6,0,0,2.77967166891617,NaN,NaN,2.85615510431063,NaN,NaN,0
DKASC,cloud,99,0.02,5,0.6,324,6.48,2.77967166891617,6.35355513047906,128.572144024348,2.85615510431063,5.2397799763844,83.4557222917025,0
DKASC,combined,99,0.02,5,0.6,324,6.48,2.77967166891617,6.35355513047906,128.572144024348,2.85615510431063,5.2397799763844,83.4557222917025,0
DKASC,clipping,99,0.02,5,0.7,0,0,2.77967166891617,NaN,NaN,2.85615510431063,NaN,NaN,0
DKASC,cloud,99,0.02,5,0.7,209,4.18,2.77967166891617,5.61331157099139,101.941532655189,2.85615510431063,4.56716347997601,59.9060034618936,0
DKASC,combined,99,0.02,5,0.7,209,4.18,2.77967166891617,5.61331157099139,101.941532655189,2.85615510431063,4.56716347997601,59.9060034618936,0
DKASC,clipping,99.5,0.005,2,0.3,0,0,2.77967166891617,NaN,NaN,2.85615510431063,NaN,NaN,0
DKASC,cloud,99.5,0.005,2,0.3,643,12.86,2.77967166891617,5.41100122388324,94.6633224489084,2.85615510431063,4.70038283094131,64.5702932535875,0
DKASC,combined,99.5,0.005,2,0.3,643,12.86,2.77967166891617,5.41100122388324,94.6633224489084,2.85615510431063,4.70038283094131,64.5702932535875,0
DKASC,clipping,99.5,0.005,2,0.4,0,0,2.77967166891617,NaN,NaN,2.85615510431063,NaN,NaN,0
DKASC,cloud,99.5,0.005,2,0.4,469,9.38,2.77967166891617,5.73093669258408,106.17315191109,2.85615510431063,4.88543070638394,71.0492087425728,0
DKASC,combined,99.5,0.005,2,0.4,469,9.38,2.77967166891617,5.73093669258408,106.17315191109,2.85615510431063,4.88543070638394,71.0492087425728,0
DKASC,clipping,99.5,0.005,2,0.5,0,0,2.77967166891617,NaN,NaN,2.85615510431063,NaN,NaN,0
DKASC,cloud,99.5,0.005,2,0.5,376,7.52,2.77967166891617,6.08119949411789,118.774021483229,2.85615510431063,5.09181977271227,78.2753242296779,0
DKASC,combined,99.5,0.005,2,0.5,376,7.52,2.77967166891617,6.08119949411789,118.774021483229,2.85615510431063,5.09181977271227,78.2753242296779,0
DKASC,clipping,99.5,0.005,2,0.6,0,0,2.77967166891617,NaN,NaN,2.85615510431063,NaN,NaN,0
DKASC,cloud,99.5,0.005,2,0.6,324,6.48,2.77967166891617,6.35355513047906,128.572144024348,2.85615510431063,5.2397799763844,83.4557222917025,0
DKASC,combined,99.5,0.005,2,0.6,324,6.48,2.77967166891617,6.35355513047906,128.572144024348,2.85615510431063,5.2397799763844,83.4557222917025,0
DKASC,clipping,99.5,0.005,2,0.7,0,0,2.77967166891617,NaN,NaN,2.85615510431063,NaN,NaN,0
DKASC,cloud,99.5,0.005,2,0.7,209,4.18,2.77967166891617,5.61331157099139,101.941532655189,2.85615510431063,4.56716347997601,59.9060034618936,0
DKASC,combined,99.5,0.005,2,0.7,209,4.18,2.77967166891617,5.61331157099139,101.941532655189,2.85615510431063,4.56716347997601,59.9060034618936,0
DKASC,clipping,99.5,0.005,3,0.3,0,0,2.77967166891617,NaN,NaN,2.85615510431063,NaN,NaN,0
DKASC,cloud,99.5,0.005,3,0.3,643,12.86,2.77967166891617,5.41100122388324,94.6633224489084,2.85615510431063,4.70038283094131,64.5702932535875,0
DKASC,combined,99.5,0.005,3,0.3,643,12.86,2.77967166891617,5.41100122388324,94.6633224489084,2.85615510431063,4.70038283094131,64.5702932535875,0
DKASC,clipping,99.5,0.005,3,0.4,0,0,2.77967166891617,NaN,NaN,2.85615510431063,NaN,NaN,0
DKASC,cloud,99.5,0.005,3,0.4,469,9.38,2.77967166891617,5.73093669258408,106.17315191109,2.85615510431063,4.88543070638394,71.0492087425728,0
DKASC,combined,99.5,0.005,3,0.4,469,9.38,2.77967166891617,5.73093669258408,106.17315191109,2.85615510431063,4.88543070638394,71.0492087425728,0
DKASC,clipping,99.5,0.005,3,0.5,0,0,2.77967166891617,NaN,NaN,2.85615510431063,NaN,NaN,0
DKASC,cloud,99.5,0.005,3,0.5,376,7.52,2.77967166891617,6.08119949411789,118.774021483229,2.85615510431063,5.09181977271227,78.2753242296779,0
DKASC,combined,99.5,0.005,3,0.5,376,7.52,2.77967166891617,6.08119949411789,118.774021483229,2.85615510431063,5.09181977271227,78.2753242296779,0
DKASC,clipping,99.5,0.005,3,0.6,0,0,2.77967166891617,NaN,NaN,2.85615510431063,NaN,NaN,0
DKASC,cloud,99.5,0.005,3,0.6,324,6.48,2.77967166891617,6.35355513047906,128.572144024348,2.85615510431063,5.2397799763844,83.4557222917025,0
DKASC,combined,99.5,0.005,3,0.6,324,6.48,2.77967166891617,6.35355513047906,128.572144024348,2.85615510431063,5.2397799763844,83.4557222917025,0
DKASC,clipping,99.5,0.005,3,0.7,0,0,2.77967166891617,NaN,NaN,2.85615510431063,NaN,NaN,0
DKASC,cloud,99.5,0.005,3,0.7,209,4.18,2.77967166891617,5.61331157099139,101.941532655189,2.85615510431063,4.56716347997601,59.9060034618936,0
DKASC,combined,99.5,0.005,3,0.7,209,4.18,2.77967166891617,5.61331157099139,101.941532655189,2.85615510431063,4.56716347997601,59.9060034618936,0
DKASC,clipping,99.5,0.005,5,0.3,0,0,2.77967166891617,NaN,NaN,2.85615510431063,NaN,NaN,0
DKASC,cloud,99.5,0.005,5,0.3,643,12.86,2.77967166891617,5.41100122388324,94.6633224489084,2.85615510431063,4.70038283094131,64.5702932535875,0
DKASC,combined,99.5,0.005,5,0.3,643,12.86,2.77967166891617,5.41100122388324,94.6633224489084,2.85615510431063,4.70038283094131,64.5702932535875,0
DKASC,clipping,99.5,0.005,5,0.4,0,0,2.77967166891617,NaN,NaN,2.85615510431063,NaN,NaN,0
DKASC,cloud,99.5,0.005,5,0.4,469,9.38,2.77967166891617,5.73093669258408,106.17315191109,2.85615510431063,4.88543070638394,71.0492087425728,0
DKASC,combined,99.5,0.005,5,0.4,469,9.38,2.77967166891617,5.73093669258408,106.17315191109,2.85615510431063,4.88543070638394,71.0492087425728,0
DKASC,clipping,99.5,0.005,5,0.5,0,0,2.77967166891617,NaN,NaN,2.85615510431063,NaN,NaN,0
DKASC,cloud,99.5,0.005,5,0.5,376,7.52,2.77967166891617,6.08119949411789,118.774021483229,2.85615510431063,5.09181977271227,78.2753242296779,0
DKASC,combined,99.5,0.005,5,0.5,376,7.52,2.77967166891617,6.08119949411789,118.774021483229,2.85615510431063,5.09181977271227,78.2753242296779,0
DKASC,clipping,99.5,0.005,5,0.6,0,0,2.77967166891617,NaN,NaN,2.85615510431063,NaN,NaN,0
DKASC,cloud,99.5,0.005,5,0.6,324,6.48,2.77967166891617,6.35355513047906,128.572144024348,2.85615510431063,5.2397799763844,83.4557222917025,0
DKASC,combined,99.5,0.005,5,0.6,324,6.48,2.77967166891617,6.35355513047906,128.572144024348,2.85615510431063,5.2397799763844,83.4557222917025,0
DKASC,clipping,99.5,0.005,5,0.7,0,0,2.77967166891617,NaN,NaN,2.85615510431063,NaN,NaN,0
DKASC,cloud,99.5,0.005,5,0.7,209,4.18,2.77967166891617,5.61331157099139,101.941532655189,2.85615510431063,4.56716347997601,59.9060034618936,0
DKASC,combined,99.5,0.005,5,0.7,209,4.18,2.77967166891617,5.61331157099139,101.941532655189,2.85615510431063,4.56716347997601,59.9060034618936,0
DKASC,clipping,99.5,0.01,2,0.3,0,0,2.77967166891617,NaN,NaN,2.85615510431063,NaN,NaN,0
DKASC,cloud,99.5,0.01,2,0.3,643,12.86,2.77967166891617,5.41100122388324,94.6633224489084,2.85615510431063,4.70038283094131,64.5702932535875,0
DKASC,combined,99.5,0.01,2,0.3,643,12.86,2.77967166891617,5.41100122388324,94.6633224489084,2.85615510431063,4.70038283094131,64.5702932535875,0
DKASC,clipping,99.5,0.01,2,0.4,0,0,2.77967166891617,NaN,NaN,2.85615510431063,NaN,NaN,0
DKASC,cloud,99.5,0.01,2,0.4,469,9.38,2.77967166891617,5.73093669258408,106.17315191109,2.85615510431063,4.88543070638394,71.0492087425728,0
DKASC,combined,99.5,0.01,2,0.4,469,9.38,2.77967166891617,5.73093669258408,106.17315191109,2.85615510431063,4.88543070638394,71.0492087425728,0
DKASC,clipping,99.5,0.01,2,0.5,0,0,2.77967166891617,NaN,NaN,2.85615510431063,NaN,NaN,0
DKASC,cloud,99.5,0.01,2,0.5,376,7.52,2.77967166891617,6.08119949411789,118.774021483229,2.85615510431063,5.09181977271227,78.2753242296779,0
DKASC,combined,99.5,0.01,2,0.5,376,7.52,2.77967166891617,6.08119949411789,118.774021483229,2.85615510431063,5.09181977271227,78.2753242296779,0
DKASC,clipping,99.5,0.01,2,0.6,0,0,2.77967166891617,NaN,NaN,2.85615510431063,NaN,NaN,0
DKASC,cloud,99.5,0.01,2,0.6,324,6.48,2.77967166891617,6.35355513047906,128.572144024348,2.85615510431063,5.2397799763844,83.4557222917025,0
DKASC,combined,99.5,0.01,2,0.6,324,6.48,2.77967166891617,6.35355513047906,128.572144024348,2.85615510431063,5.2397799763844,83.4557222917025,0
DKASC,clipping,99.5,0.01,2,0.7,0,0,2.77967166891617,NaN,NaN,2.85615510431063,NaN,NaN,0
DKASC,cloud,99.5,0.01,2,0.7,209,4.18,2.77967166891617,5.61331157099139,101.941532655189,2.85615510431063,4.56716347997601,59.9060034618936,0
DKASC,combined,99.5,0.01,2,0.7,209,4.18,2.77967166891617,5.61331157099139,101.941532655189,2.85615510431063,4.56716347997601,59.9060034618936,0
DKASC,clipping,99.5,0.01,3,0.3,0,0,2.77967166891617,NaN,NaN,2.85615510431063,NaN,NaN,0
DKASC,cloud,99.5,0.01,3,0.3,643,12.86,2.77967166891617,5.41100122388324,94.6633224489084,2.85615510431063,4.70038283094131,64.5702932535875,0
DKASC,combined,99.5,0.01,3,0.3,643,12.86,2.77967166891617,5.41100122388324,94.6633224489084,2.85615510431063,4.70038283094131,64.5702932535875,0
DKASC,clipping,99.5,0.01,3,0.4,0,0,2.77967166891617,NaN,NaN,2.85615510431063,NaN,NaN,0
DKASC,cloud,99.5,0.01,3,0.4,469,9.38,2.77967166891617,5.73093669258408,106.17315191109,2.85615510431063,4.88543070638394,71.0492087425728,0
DKASC,combined,99.5,0.01,3,0.4,469,9.38,2.77967166891617,5.73093669258408,106.17315191109,2.85615510431063,4.88543070638394,71.0492087425728,0
DKASC,clipping,99.5,0.01,3,0.5,0,0,2.77967166891617,NaN,NaN,2.85615510431063,NaN,NaN,0
DKASC,cloud,99.5,0.01,3,0.5,376,7.52,2.77967166891617,6.08119949411789,118.774021483229,2.85615510431063,5.09181977271227,78.2753242296779,0
DKASC,combined,99.5,0.01,3,0.5,376,7.52,2.77967166891617,6.08119949411789,118.774021483229,2.85615510431063,5.09181977271227,78.2753242296779,1
DKASC,clipping,99.5,0.01,3,0.6,0,0,2.77967166891617,NaN,NaN,2.85615510431063,NaN,NaN,0
DKASC,cloud,99.5,0.01,3,0.6,324,6.48,2.77967166891617,6.35355513047906,128.572144024348,2.85615510431063,5.2397799763844,83.4557222917025,0
DKASC,combined,99.5,0.01,3,0.6,324,6.48,2.77967166891617,6.35355513047906,128.572144024348,2.85615510431063,5.2397799763844,83.4557222917025,0
DKASC,clipping,99.5,0.01,3,0.7,0,0,2.77967166891617,NaN,NaN,2.85615510431063,NaN,NaN,0
DKASC,cloud,99.5,0.01,3,0.7,209,4.18,2.77967166891617,5.61331157099139,101.941532655189,2.85615510431063,4.56716347997601,59.9060034618936,0
DKASC,combined,99.5,0.01,3,0.7,209,4.18,2.77967166891617,5.61331157099139,101.941532655189,2.85615510431063,4.56716347997601,59.9060034618936,0
DKASC,clipping,99.5,0.01,5,0.3,0,0,2.77967166891617,NaN,NaN,2.85615510431063,NaN,NaN,0
DKASC,cloud,99.5,0.01,5,0.3,643,12.86,2.77967166891617,5.41100122388324,94.6633224489084,2.85615510431063,4.70038283094131,64.5702932535875,0
DKASC,combined,99.5,0.01,5,0.3,643,12.86,2.77967166891617,5.41100122388324,94.6633224489084,2.85615510431063,4.70038283094131,64.5702932535875,0
DKASC,clipping,99.5,0.01,5,0.4,0,0,2.77967166891617,NaN,NaN,2.85615510431063,NaN,NaN,0
DKASC,cloud,99.5,0.01,5,0.4,469,9.38,2.77967166891617,5.73093669258408,106.17315191109,2.85615510431063,4.88543070638394,71.0492087425728,0
DKASC,combined,99.5,0.01,5,0.4,469,9.38,2.77967166891617,5.73093669258408,106.17315191109,2.85615510431063,4.88543070638394,71.0492087425728,0
DKASC,clipping,99.5,0.01,5,0.5,0,0,2.77967166891617,NaN,NaN,2.85615510431063,NaN,NaN,0
DKASC,cloud,99.5,0.01,5,0.5,376,7.52,2.77967166891617,6.08119949411789,118.774021483229,2.85615510431063,5.09181977271227,78.2753242296779,0
DKASC,combined,99.5,0.01,5,0.5,376,7.52,2.77967166891617,6.08119949411789,118.774021483229,2.85615510431063,5.09181977271227,78.2753242296779,0
DKASC,clipping,99.5,0.01,5,0.6,0,0,2.77967166891617,NaN,NaN,2.85615510431063,NaN,NaN,0
DKASC,cloud,99.5,0.01,5,0.6,324,6.48,2.77967166891617,6.35355513047906,128.572144024348,2.85615510431063,5.2397799763844,83.4557222917025,0
DKASC,combined,99.5,0.01,5,0.6,324,6.48,2.77967166891617,6.35355513047906,128.572144024348,2.85615510431063,5.2397799763844,83.4557222917025,0
DKASC,clipping,99.5,0.01,5,0.7,0,0,2.77967166891617,NaN,NaN,2.85615510431063,NaN,NaN,0
DKASC,cloud,99.5,0.01,5,0.7,209,4.18,2.77967166891617,5.61331157099139,101.941532655189,2.85615510431063,4.56716347997601,59.9060034618936,0
DKASC,combined,99.5,0.01,5,0.7,209,4.18,2.77967166891617,5.61331157099139,101.941532655189,2.85615510431063,4.56716347997601,59.9060034618936,0
DKASC,clipping,99.5,0.02,2,0.3,0,0,2.77967166891617,NaN,NaN,2.85615510431063,NaN,NaN,0
DKASC,cloud,99.5,0.02,2,0.3,643,12.86,2.77967166891617,5.41100122388324,94.6633224489084,2.85615510431063,4.70038283094131,64.5702932535875,0
DKASC,combined,99.5,0.02,2,0.3,643,12.86,2.77967166891617,5.41100122388324,94.6633224489084,2.85615510431063,4.70038283094131,64.5702932535875,0
DKASC,clipping,99.5,0.02,2,0.4,0,0,2.77967166891617,NaN,NaN,2.85615510431063,NaN,NaN,0
DKASC,cloud,99.5,0.02,2,0.4,469,9.38,2.77967166891617,5.73093669258408,106.17315191109,2.85615510431063,4.88543070638394,71.0492087425728,0
DKASC,combined,99.5,0.02,2,0.4,469,9.38,2.77967166891617,5.73093669258408,106.17315191109,2.85615510431063,4.88543070638394,71.0492087425728,0
DKASC,clipping,99.5,0.02,2,0.5,0,0,2.77967166891617,NaN,NaN,2.85615510431063,NaN,NaN,0
DKASC,cloud,99.5,0.02,2,0.5,376,7.52,2.77967166891617,6.08119949411789,118.774021483229,2.85615510431063,5.09181977271227,78.2753242296779,0
DKASC,combined,99.5,0.02,2,0.5,376,7.52,2.77967166891617,6.08119949411789,118.774021483229,2.85615510431063,5.09181977271227,78.2753242296779,0
DKASC,clipping,99.5,0.02,2,0.6,0,0,2.77967166891617,NaN,NaN,2.85615510431063,NaN,NaN,0
DKASC,cloud,99.5,0.02,2,0.6,324,6.48,2.77967166891617,6.35355513047906,128.572144024348,2.85615510431063,5.2397799763844,83.4557222917025,0
DKASC,combined,99.5,0.02,2,0.6,324,6.48,2.77967166891617,6.35355513047906,128.572144024348,2.85615510431063,5.2397799763844,83.4557222917025,0
DKASC,clipping,99.5,0.02,2,0.7,0,0,2.77967166891617,NaN,NaN,2.85615510431063,NaN,NaN,0
DKASC,cloud,99.5,0.02,2,0.7,209,4.18,2.77967166891617,5.61331157099139,101.941532655189,2.85615510431063,4.56716347997601,59.9060034618936,0
DKASC,combined,99.5,0.02,2,0.7,209,4.18,2.77967166891617,5.61331157099139,101.941532655189,2.85615510431063,4.56716347997601,59.9060034618936,0
DKASC,clipping,99.5,0.02,3,0.3,0,0,2.77967166891617,NaN,NaN,2.85615510431063,NaN,NaN,0
DKASC,cloud,99.5,0.02,3,0.3,643,12.86,2.77967166891617,5.41100122388324,94.6633224489084,2.85615510431063,4.70038283094131,64.5702932535875,0
DKASC,combined,99.5,0.02,3,0.3,643,12.86,2.77967166891617,5.41100122388324,94.6633224489084,2.85615510431063,4.70038283094131,64.5702932535875,0
DKASC,clipping,99.5,0.02,3,0.4,0,0,2.77967166891617,NaN,NaN,2.85615510431063,NaN,NaN,0
DKASC,cloud,99.5,0.02,3,0.4,469,9.38,2.77967166891617,5.73093669258408,106.17315191109,2.85615510431063,4.88543070638394,71.0492087425728,0
DKASC,combined,99.5,0.02,3,0.4,469,9.38,2.77967166891617,5.73093669258408,106.17315191109,2.85615510431063,4.88543070638394,71.0492087425728,0
DKASC,clipping,99.5,0.02,3,0.5,0,0,2.77967166891617,NaN,NaN,2.85615510431063,NaN,NaN,0
DKASC,cloud,99.5,0.02,3,0.5,376,7.52,2.77967166891617,6.08119949411789,118.774021483229,2.85615510431063,5.09181977271227,78.2753242296779,0
DKASC,combined,99.5,0.02,3,0.5,376,7.52,2.77967166891617,6.08119949411789,118.774021483229,2.85615510431063,5.09181977271227,78.2753242296779,0
DKASC,clipping,99.5,0.02,3,0.6,0,0,2.77967166891617,NaN,NaN,2.85615510431063,NaN,NaN,0
DKASC,cloud,99.5,0.02,3,0.6,324,6.48,2.77967166891617,6.35355513047906,128.572144024348,2.85615510431063,5.2397799763844,83.4557222917025,0
DKASC,combined,99.5,0.02,3,0.6,324,6.48,2.77967166891617,6.35355513047906,128.572144024348,2.85615510431063,5.2397799763844,83.4557222917025,0
DKASC,clipping,99.5,0.02,3,0.7,0,0,2.77967166891617,NaN,NaN,2.85615510431063,NaN,NaN,0
DKASC,cloud,99.5,0.02,3,0.7,209,4.18,2.77967166891617,5.61331157099139,101.941532655189,2.85615510431063,4.56716347997601,59.9060034618936,0
DKASC,combined,99.5,0.02,3,0.7,209,4.18,2.77967166891617,5.61331157099139,101.941532655189,2.85615510431063,4.56716347997601,59.9060034618936,0
DKASC,clipping,99.5,0.02,5,0.3,0,0,2.77967166891617,NaN,NaN,2.85615510431063,NaN,NaN,0
DKASC,cloud,99.5,0.02,5,0.3,643,12.86,2.77967166891617,5.41100122388324,94.6633224489084,2.85615510431063,4.70038283094131,64.5702932535875,0
DKASC,combined,99.5,0.02,5,0.3,643,12.86,2.77967166891617,5.41100122388324,94.6633224489084,2.85615510431063,4.70038283094131,64.5702932535875,0
DKASC,clipping,99.5,0.02,5,0.4,0,0,2.77967166891617,NaN,NaN,2.85615510431063,NaN,NaN,0
DKASC,cloud,99.5,0.02,5,0.4,469,9.38,2.77967166891617,5.73093669258408,106.17315191109,2.85615510431063,4.88543070638394,71.0492087425728,0
DKASC,combined,99.5,0.02,5,0.4,469,9.38,2.77967166891617,5.73093669258408,106.17315191109,2.85615510431063,4.88543070638394,71.0492087425728,0
DKASC,clipping,99.5,0.02,5,0.5,0,0,2.77967166891617,NaN,NaN,2.85615510431063,NaN,NaN,0
DKASC,cloud,99.5,0.02,5,0.5,376,7.52,2.77967166891617,6.08119949411789,118.774021483229,2.85615510431063,5.09181977271227,78.2753242296779,0
DKASC,combined,99.5,0.02,5,0.5,376,7.52,2.77967166891617,6.08119949411789,118.774021483229,2.85615510431063,5.09181977271227,78.2753242296779,0
DKASC,clipping,99.5,0.02,5,0.6,0,0,2.77967166891617,NaN,NaN,2.85615510431063,NaN,NaN,0
DKASC,cloud,99.5,0.02,5,0.6,324,6.48,2.77967166891617,6.35355513047906,128.572144024348,2.85615510431063,5.2397799763844,83.4557222917025,0
DKASC,combined,99.5,0.02,5,0.6,324,6.48,2.77967166891617,6.35355513047906,128.572144024348,2.85615510431063,5.2397799763844,83.4557222917025,0
DKASC,clipping,99.5,0.02,5,0.7,0,0,2.77967166891617,NaN,NaN,2.85615510431063,NaN,NaN,0
DKASC,cloud,99.5,0.02,5,0.7,209,4.18,2.77967166891617,5.61331157099139,101.941532655189,2.85615510431063,4.56716347997601,59.9060034618936,0
DKASC,combined,99.5,0.02,5,0.7,209,4.18,2.77967166891617,5.61331157099139,101.941532655189,2.85615510431063,4.56716347997601,59.9060034618936,0
DKASC,clipping,99.9,0.005,2,0.3,0,0,2.77967166891617,NaN,NaN,2.85615510431063,NaN,NaN,0
DKASC,cloud,99.9,0.005,2,0.3,643,12.86,2.77967166891617,5.41100122388324,94.6633224489084,2.85615510431063,4.70038283094131,64.5702932535875,0
DKASC,combined,99.9,0.005,2,0.3,643,12.86,2.77967166891617,5.41100122388324,94.6633224489084,2.85615510431063,4.70038283094131,64.5702932535875,0
DKASC,clipping,99.9,0.005,2,0.4,0,0,2.77967166891617,NaN,NaN,2.85615510431063,NaN,NaN,0
DKASC,cloud,99.9,0.005,2,0.4,469,9.38,2.77967166891617,5.73093669258408,106.17315191109,2.85615510431063,4.88543070638394,71.0492087425728,0
DKASC,combined,99.9,0.005,2,0.4,469,9.38,2.77967166891617,5.73093669258408,106.17315191109,2.85615510431063,4.88543070638394,71.0492087425728,0
DKASC,clipping,99.9,0.005,2,0.5,0,0,2.77967166891617,NaN,NaN,2.85615510431063,NaN,NaN,0
DKASC,cloud,99.9,0.005,2,0.5,376,7.52,2.77967166891617,6.08119949411789,118.774021483229,2.85615510431063,5.09181977271227,78.2753242296779,0
DKASC,combined,99.9,0.005,2,0.5,376,7.52,2.77967166891617,6.08119949411789,118.774021483229,2.85615510431063,5.09181977271227,78.2753242296779,0
DKASC,clipping,99.9,0.005,2,0.6,0,0,2.77967166891617,NaN,NaN,2.85615510431063,NaN,NaN,0
DKASC,cloud,99.9,0.005,2,0.6,324,6.48,2.77967166891617,6.35355513047906,128.572144024348,2.85615510431063,5.2397799763844,83.4557222917025,0
DKASC,combined,99.9,0.005,2,0.6,324,6.48,2.77967166891617,6.35355513047906,128.572144024348,2.85615510431063,5.2397799763844,83.4557222917025,0
DKASC,clipping,99.9,0.005,2,0.7,0,0,2.77967166891617,NaN,NaN,2.85615510431063,NaN,NaN,0
DKASC,cloud,99.9,0.005,2,0.7,209,4.18,2.77967166891617,5.61331157099139,101.941532655189,2.85615510431063,4.56716347997601,59.9060034618936,0
DKASC,combined,99.9,0.005,2,0.7,209,4.18,2.77967166891617,5.61331157099139,101.941532655189,2.85615510431063,4.56716347997601,59.9060034618936,0
DKASC,clipping,99.9,0.005,3,0.3,0,0,2.77967166891617,NaN,NaN,2.85615510431063,NaN,NaN,0
DKASC,cloud,99.9,0.005,3,0.3,643,12.86,2.77967166891617,5.41100122388324,94.6633224489084,2.85615510431063,4.70038283094131,64.5702932535875,0
DKASC,combined,99.9,0.005,3,0.3,643,12.86,2.77967166891617,5.41100122388324,94.6633224489084,2.85615510431063,4.70038283094131,64.5702932535875,0
DKASC,clipping,99.9,0.005,3,0.4,0,0,2.77967166891617,NaN,NaN,2.85615510431063,NaN,NaN,0
DKASC,cloud,99.9,0.005,3,0.4,469,9.38,2.77967166891617,5.73093669258408,106.17315191109,2.85615510431063,4.88543070638394,71.0492087425728,0
DKASC,combined,99.9,0.005,3,0.4,469,9.38,2.77967166891617,5.73093669258408,106.17315191109,2.85615510431063,4.88543070638394,71.0492087425728,0
DKASC,clipping,99.9,0.005,3,0.5,0,0,2.77967166891617,NaN,NaN,2.85615510431063,NaN,NaN,0
DKASC,cloud,99.9,0.005,3,0.5,376,7.52,2.77967166891617,6.08119949411789,118.774021483229,2.85615510431063,5.09181977271227,78.2753242296779,0
DKASC,combined,99.9,0.005,3,0.5,376,7.52,2.77967166891617,6.08119949411789,118.774021483229,2.85615510431063,5.09181977271227,78.2753242296779,0
DKASC,clipping,99.9,0.005,3,0.6,0,0,2.77967166891617,NaN,NaN,2.85615510431063,NaN,NaN,0
DKASC,cloud,99.9,0.005,3,0.6,324,6.48,2.77967166891617,6.35355513047906,128.572144024348,2.85615510431063,5.2397799763844,83.4557222917025,0
DKASC,combined,99.9,0.005,3,0.6,324,6.48,2.77967166891617,6.35355513047906,128.572144024348,2.85615510431063,5.2397799763844,83.4557222917025,0
DKASC,clipping,99.9,0.005,3,0.7,0,0,2.77967166891617,NaN,NaN,2.85615510431063,NaN,NaN,0
DKASC,cloud,99.9,0.005,3,0.7,209,4.18,2.77967166891617,5.61331157099139,101.941532655189,2.85615510431063,4.56716347997601,59.9060034618936,0
DKASC,combined,99.9,0.005,3,0.7,209,4.18,2.77967166891617,5.61331157099139,101.941532655189,2.85615510431063,4.56716347997601,59.9060034618936,0
DKASC,clipping,99.9,0.005,5,0.3,0,0,2.77967166891617,NaN,NaN,2.85615510431063,NaN,NaN,0
DKASC,cloud,99.9,0.005,5,0.3,643,12.86,2.77967166891617,5.41100122388324,94.6633224489084,2.85615510431063,4.70038283094131,64.5702932535875,0
DKASC,combined,99.9,0.005,5,0.3,643,12.86,2.77967166891617,5.41100122388324,94.6633224489084,2.85615510431063,4.70038283094131,64.5702932535875,0
DKASC,clipping,99.9,0.005,5,0.4,0,0,2.77967166891617,NaN,NaN,2.85615510431063,NaN,NaN,0
DKASC,cloud,99.9,0.005,5,0.4,469,9.38,2.77967166891617,5.73093669258408,106.17315191109,2.85615510431063,4.88543070638394,71.0492087425728,0
DKASC,combined,99.9,0.005,5,0.4,469,9.38,2.77967166891617,5.73093669258408,106.17315191109,2.85615510431063,4.88543070638394,71.0492087425728,0
DKASC,clipping,99.9,0.005,5,0.5,0,0,2.77967166891617,NaN,NaN,2.85615510431063,NaN,NaN,0
DKASC,cloud,99.9,0.005,5,0.5,376,7.52,2.77967166891617,6.08119949411789,118.774021483229,2.85615510431063,5.09181977271227,78.2753242296779,0
DKASC,combined,99.9,0.005,5,0.5,376,7.52,2.77967166891617,6.08119949411789,118.774021483229,2.85615510431063,5.09181977271227,78.2753242296779,0
DKASC,clipping,99.9,0.005,5,0.6,0,0,2.77967166891617,NaN,NaN,2.85615510431063,NaN,NaN,0
DKASC,cloud,99.9,0.005,5,0.6,324,6.48,2.77967166891617,6.35355513047906,128.572144024348,2.85615510431063,5.2397799763844,83.4557222917025,0
DKASC,combined,99.9,0.005,5,0.6,324,6.48,2.77967166891617,6.35355513047906,128.572144024348,2.85615510431063,5.2397799763844,83.4557222917025,0
DKASC,clipping,99.9,0.005,5,0.7,0,0,2.77967166891617,NaN,NaN,2.85615510431063,NaN,NaN,0
DKASC,cloud,99.9,0.005,5,0.7,209,4.18,2.77967166891617,5.61331157099139,101.941532655189,2.85615510431063,4.56716347997601,59.9060034618936,0
DKASC,combined,99.9,0.005,5,0.7,209,4.18,2.77967166891617,5.61331157099139,101.941532655189,2.85615510431063,4.56716347997601,59.9060034618936,0
DKASC,clipping,99.9,0.01,2,0.3,0,0,2.77967166891617,NaN,NaN,2.85615510431063,NaN,NaN,0
DKASC,cloud,99.9,0.01,2,0.3,643,12.86,2.77967166891617,5.41100122388324,94.6633224489084,2.85615510431063,4.70038283094131,64.5702932535875,0
DKASC,combined,99.9,0.01,2,0.3,643,12.86,2.77967166891617,5.41100122388324,94.6633224489084,2.85615510431063,4.70038283094131,64.5702932535875,0
DKASC,clipping,99.9,0.01,2,0.4,0,0,2.77967166891617,NaN,NaN,2.85615510431063,NaN,NaN,0
DKASC,cloud,99.9,0.01,2,0.4,469,9.38,2.77967166891617,5.73093669258408,106.17315191109,2.85615510431063,4.88543070638394,71.0492087425728,0
DKASC,combined,99.9,0.01,2,0.4,469,9.38,2.77967166891617,5.73093669258408,106.17315191109,2.85615510431063,4.88543070638394,71.0492087425728,0
DKASC,clipping,99.9,0.01,2,0.5,0,0,2.77967166891617,NaN,NaN,2.85615510431063,NaN,NaN,0
DKASC,cloud,99.9,0.01,2,0.5,376,7.52,2.77967166891617,6.08119949411789,118.774021483229,2.85615510431063,5.09181977271227,78.2753242296779,0
DKASC,combined,99.9,0.01,2,0.5,376,7.52,2.77967166891617,6.08119949411789,118.774021483229,2.85615510431063,5.09181977271227,78.2753242296779,0
DKASC,clipping,99.9,0.01,2,0.6,0,0,2.77967166891617,NaN,NaN,2.85615510431063,NaN,NaN,0
DKASC,cloud,99.9,0.01,2,0.6,324,6.48,2.77967166891617,6.35355513047906,128.572144024348,2.85615510431063,5.2397799763844,83.4557222917025,0
DKASC,combined,99.9,0.01,2,0.6,324,6.48,2.77967166891617,6.35355513047906,128.572144024348,2.85615510431063,5.2397799763844,83.4557222917025,0
DKASC,clipping,99.9,0.01,2,0.7,0,0,2.77967166891617,NaN,NaN,2.85615510431063,NaN,NaN,0
DKASC,cloud,99.9,0.01,2,0.7,209,4.18,2.77967166891617,5.61331157099139,101.941532655189,2.85615510431063,4.56716347997601,59.9060034618936,0
DKASC,combined,99.9,0.01,2,0.7,209,4.18,2.77967166891617,5.61331157099139,101.941532655189,2.85615510431063,4.56716347997601,59.9060034618936,0
DKASC,clipping,99.9,0.01,3,0.3,0,0,2.77967166891617,NaN,NaN,2.85615510431063,NaN,NaN,0
DKASC,cloud,99.9,0.01,3,0.3,643,12.86,2.77967166891617,5.41100122388324,94.6633224489084,2.85615510431063,4.70038283094131,64.5702932535875,0
DKASC,combined,99.9,0.01,3,0.3,643,12.86,2.77967166891617,5.41100122388324,94.6633224489084,2.85615510431063,4.70038283094131,64.5702932535875,0
DKASC,clipping,99.9,0.01,3,0.4,0,0,2.77967166891617,NaN,NaN,2.85615510431063,NaN,NaN,0
DKASC,cloud,99.9,0.01,3,0.4,469,9.38,2.77967166891617,5.73093669258408,106.17315191109,2.85615510431063,4.88543070638394,71.0492087425728,0
DKASC,combined,99.9,0.01,3,0.4,469,9.38,2.77967166891617,5.73093669258408,106.17315191109,2.85615510431063,4.88543070638394,71.0492087425728,0
DKASC,clipping,99.9,0.01,3,0.5,0,0,2.77967166891617,NaN,NaN,2.85615510431063,NaN,NaN,0
DKASC,cloud,99.9,0.01,3,0.5,376,7.52,2.77967166891617,6.08119949411789,118.774021483229,2.85615510431063,5.09181977271227,78.2753242296779,0
DKASC,combined,99.9,0.01,3,0.5,376,7.52,2.77967166891617,6.08119949411789,118.774021483229,2.85615510431063,5.09181977271227,78.2753242296779,0
DKASC,clipping,99.9,0.01,3,0.6,0,0,2.77967166891617,NaN,NaN,2.85615510431063,NaN,NaN,0
DKASC,cloud,99.9,0.01,3,0.6,324,6.48,2.77967166891617,6.35355513047906,128.572144024348,2.85615510431063,5.2397799763844,83.4557222917025,0
DKASC,combined,99.9,0.01,3,0.6,324,6.48,2.77967166891617,6.35355513047906,128.572144024348,2.85615510431063,5.2397799763844,83.4557222917025,0
DKASC,clipping,99.9,0.01,3,0.7,0,0,2.77967166891617,NaN,NaN,2.85615510431063,NaN,NaN,0
DKASC,cloud,99.9,0.01,3,0.7,209,4.18,2.77967166891617,5.61331157099139,101.941532655189,2.85615510431063,4.56716347997601,59.9060034618936,0
DKASC,combined,99.9,0.01,3,0.7,209,4.18,2.77967166891617,5.61331157099139,101.941532655189,2.85615510431063,4.56716347997601,59.9060034618936,0
DKASC,clipping,99.9,0.01,5,0.3,0,0,2.77967166891617,NaN,NaN,2.85615510431063,NaN,NaN,0
DKASC,cloud,99.9,0.01,5,0.3,643,12.86,2.77967166891617,5.41100122388324,94.6633224489084,2.85615510431063,4.70038283094131,64.5702932535875,0
DKASC,combined,99.9,0.01,5,0.3,643,12.86,2.77967166891617,5.41100122388324,94.6633224489084,2.85615510431063,4.70038283094131,64.5702932535875,0
DKASC,clipping,99.9,0.01,5,0.4,0,0,2.77967166891617,NaN,NaN,2.85615510431063,NaN,NaN,0
DKASC,cloud,99.9,0.01,5,0.4,469,9.38,2.77967166891617,5.73093669258408,106.17315191109,2.85615510431063,4.88543070638394,71.0492087425728,0
DKASC,combined,99.9,0.01,5,0.4,469,9.38,2.77967166891617,5.73093669258408,106.17315191109,2.85615510431063,4.88543070638394,71.0492087425728,0
DKASC,clipping,99.9,0.01,5,0.5,0,0,2.77967166891617,NaN,NaN,2.85615510431063,NaN,NaN,0
DKASC,cloud,99.9,0.01,5,0.5,376,7.52,2.77967166891617,6.08119949411789,118.774021483229,2.85615510431063,5.09181977271227,78.2753242296779,0
DKASC,combined,99.9,0.01,5,0.5,376,7.52,2.77967166891617,6.08119949411789,118.774021483229,2.85615510431063,5.09181977271227,78.2753242296779,0
DKASC,clipping,99.9,0.01,5,0.6,0,0,2.77967166891617,NaN,NaN,2.85615510431063,NaN,NaN,0
DKASC,cloud,99.9,0.01,5,0.6,324,6.48,2.77967166891617,6.35355513047906,128.572144024348,2.85615510431063,5.2397799763844,83.4557222917025,0
DKASC,combined,99.9,0.01,5,0.6,324,6.48,2.77967166891617,6.35355513047906,128.572144024348,2.85615510431063,5.2397799763844,83.4557222917025,0
DKASC,clipping,99.9,0.01,5,0.7,0,0,2.77967166891617,NaN,NaN,2.85615510431063,NaN,NaN,0
DKASC,cloud,99.9,0.01,5,0.7,209,4.18,2.77967166891617,5.61331157099139,101.941532655189,2.85615510431063,4.56716347997601,59.9060034618936,0
DKASC,combined,99.9,0.01,5,0.7,209,4.18,2.77967166891617,5.61331157099139,101.941532655189,2.85615510431063,4.56716347997601,59.9060034618936,0
DKASC,clipping,99.9,0.02,2,0.3,0,0,2.77967166891617,NaN,NaN,2.85615510431063,NaN,NaN,0
DKASC,cloud,99.9,0.02,2,0.3,643,12.86,2.77967166891617,5.41100122388324,94.6633224489084,2.85615510431063,4.70038283094131,64.5702932535875,0
DKASC,combined,99.9,0.02,2,0.3,643,12.86,2.77967166891617,5.41100122388324,94.6633224489084,2.85615510431063,4.70038283094131,64.5702932535875,0
DKASC,clipping,99.9,0.02,2,0.4,0,0,2.77967166891617,NaN,NaN,2.85615510431063,NaN,NaN,0
DKASC,cloud,99.9,0.02,2,0.4,469,9.38,2.77967166891617,5.73093669258408,106.17315191109,2.85615510431063,4.88543070638394,71.0492087425728,0
DKASC,combined,99.9,0.02,2,0.4,469,9.38,2.77967166891617,5.73093669258408,106.17315191109,2.85615510431063,4.88543070638394,71.0492087425728,0
DKASC,clipping,99.9,0.02,2,0.5,0,0,2.77967166891617,NaN,NaN,2.85615510431063,NaN,NaN,0
DKASC,cloud,99.9,0.02,2,0.5,376,7.52,2.77967166891617,6.08119949411789,118.774021483229,2.85615510431063,5.09181977271227,78.2753242296779,0
DKASC,combined,99.9,0.02,2,0.5,376,7.52,2.77967166891617,6.08119949411789,118.774021483229,2.85615510431063,5.09181977271227,78.2753242296779,0
DKASC,clipping,99.9,0.02,2,0.6,0,0,2.77967166891617,NaN,NaN,2.85615510431063,NaN,NaN,0
DKASC,cloud,99.9,0.02,2,0.6,324,6.48,2.77967166891617,6.35355513047906,128.572144024348,2.85615510431063,5.2397799763844,83.4557222917025,0
DKASC,combined,99.9,0.02,2,0.6,324,6.48,2.77967166891617,6.35355513047906,128.572144024348,2.85615510431063,5.2397799763844,83.4557222917025,0
DKASC,clipping,99.9,0.02,2,0.7,0,0,2.77967166891617,NaN,NaN,2.85615510431063,NaN,NaN,0
DKASC,cloud,99.9,0.02,2,0.7,209,4.18,2.77967166891617,5.61331157099139,101.941532655189,2.85615510431063,4.56716347997601,59.9060034618936,0
DKASC,combined,99.9,0.02,2,0.7,209,4.18,2.77967166891617,5.61331157099139,101.941532655189,2.85615510431063,4.56716347997601,59.9060034618936,0
DKASC,clipping,99.9,0.02,3,0.3,0,0,2.77967166891617,NaN,NaN,2.85615510431063,NaN,NaN,0
DKASC,cloud,99.9,0.02,3,0.3,643,12.86,2.77967166891617,5.41100122388324,94.6633224489084,2.85615510431063,4.70038283094131,64.5702932535875,0
DKASC,combined,99.9,0.02,3,0.3,643,12.86,2.77967166891617,5.41100122388324,94.6633224489084,2.85615510431063,4.70038283094131,64.5702932535875,0
DKASC,clipping,99.9,0.02,3,0.4,0,0,2.77967166891617,NaN,NaN,2.85615510431063,NaN,NaN,0
DKASC,cloud,99.9,0.02,3,0.4,469,9.38,2.77967166891617,5.73093669258408,106.17315191109,2.85615510431063,4.88543070638394,71.0492087425728,0
DKASC,combined,99.9,0.02,3,0.4,469,9.38,2.77967166891617,5.73093669258408,106.17315191109,2.85615510431063,4.88543070638394,71.0492087425728,0
DKASC,clipping,99.9,0.02,3,0.5,0,0,2.77967166891617,NaN,NaN,2.85615510431063,NaN,NaN,0
DKASC,cloud,99.9,0.02,3,0.5,376,7.52,2.77967166891617,6.08119949411789,118.774021483229,2.85615510431063,5.09181977271227,78.2753242296779,0
DKASC,combined,99.9,0.02,3,0.5,376,7.52,2.77967166891617,6.08119949411789,118.774021483229,2.85615510431063,5.09181977271227,78.2753242296779,0
DKASC,clipping,99.9,0.02,3,0.6,0,0,2.77967166891617,NaN,NaN,2.85615510431063,NaN,NaN,0
DKASC,cloud,99.9,0.02,3,0.6,324,6.48,2.77967166891617,6.35355513047906,128.572144024348,2.85615510431063,5.2397799763844,83.4557222917025,0
DKASC,combined,99.9,0.02,3,0.6,324,6.48,2.77967166891617,6.35355513047906,128.572144024348,2.85615510431063,5.2397799763844,83.4557222917025,0
DKASC,clipping,99.9,0.02,3,0.7,0,0,2.77967166891617,NaN,NaN,2.85615510431063,NaN,NaN,0
DKASC,cloud,99.9,0.02,3,0.7,209,4.18,2.77967166891617,5.61331157099139,101.941532655189,2.85615510431063,4.56716347997601,59.9060034618936,0
DKASC,combined,99.9,0.02,3,0.7,209,4.18,2.77967166891617,5.61331157099139,101.941532655189,2.85615510431063,4.56716347997601,59.9060034618936,0
DKASC,clipping,99.9,0.02,5,0.3,0,0,2.77967166891617,NaN,NaN,2.85615510431063,NaN,NaN,0
DKASC,cloud,99.9,0.02,5,0.3,643,12.86,2.77967166891617,5.41100122388324,94.6633224489084,2.85615510431063,4.70038283094131,64.5702932535875,0
DKASC,combined,99.9,0.02,5,0.3,643,12.86,2.77967166891617,5.41100122388324,94.6633224489084,2.85615510431063,4.70038283094131,64.5702932535875,0
DKASC,clipping,99.9,0.02,5,0.4,0,0,2.77967166891617,NaN,NaN,2.85615510431063,NaN,NaN,0
DKASC,cloud,99.9,0.02,5,0.4,469,9.38,2.77967166891617,5.73093669258408,106.17315191109,2.85615510431063,4.88543070638394,71.0492087425728,0
DKASC,combined,99.9,0.02,5,0.4,469,9.38,2.77967166891617,5.73093669258408,106.17315191109,2.85615510431063,4.88543070638394,71.0492087425728,0
DKASC,clipping,99.9,0.02,5,0.5,0,0,2.77967166891617,NaN,NaN,2.85615510431063,NaN,NaN,0
DKASC,cloud,99.9,0.02,5,0.5,376,7.52,2.77967166891617,6.08119949411789,118.774021483229,2.85615510431063,5.09181977271227,78.2753242296779,0
DKASC,combined,99.9,0.02,5,0.5,376,7.52,2.77967166891617,6.08119949411789,118.774021483229,2.85615510431063,5.09181977271227,78.2753242296779,0
DKASC,clipping,99.9,0.02,5,0.6,0,0,2.77967166891617,NaN,NaN,2.85615510431063,NaN,NaN,0
DKASC,cloud,99.9,0.02,5,0.6,324,6.48,2.77967166891617,6.35355513047906,128.572144024348,2.85615510431063,5.2397799763844,83.4557222917025,0
DKASC,combined,99.9,0.02,5,0.6,324,6.48,2.77967166891617,6.35355513047906,128.572144024348,2.85615510431063,5.2397799763844,83.4557222917025,0
DKASC,clipping,99.9,0.02,5,0.7,0,0,2.77967166891617,NaN,NaN,2.85615510431063,NaN,NaN,0
DKASC,cloud,99.9,0.02,5,0.7,209,4.18,2.77967166891617,5.61331157099139,101.941532655189,2.85615510431063,4.56716347997601,59.9060034618936,0
DKASC,combined,99.9,0.02,5,0.7,209,4.18,2.77967166891617,5.61331157099139,101.941532655189,2.85615510431063,4.56716347997601,59.9060034618936,0
HKUST,clipping,99,0.005,2,0.3,266,0.143783783783784,0.74763278637635,0.53105168390416,-28.9689144749687,0.743244514820639,2.38655789173602,221.099966988919,0
HKUST,cloud,99,0.005,2,0.3,14332,7.74702702702703,0.74763278637635,1.50303010478278,101.038548893463,0.743244514820639,1.49819546043085,101.575044357023,0
HKUST,combined,99,0.005,2,0.3,14598,7.89081081081081,0.74763278637635,1.49099755954352,99.4291297429764,0.743244514820639,1.51903715932175,104.379195410319,0
HKUST,clipping,99,0.005,2,0.4,266,0.143783783783784,0.74763278637635,0.53105168390416,-28.9689144749687,0.743244514820639,2.38655789173602,221.099966988919,0
HKUST,cloud,99,0.005,2,0.4,9653,5.21783783783784,0.74763278637635,1.53424933878581,105.214293265823,0.743244514820639,1.53513835290216,106.54553411304,0
HKUST,combined,99,0.005,2,0.4,9919,5.36162162162162,0.74763278637635,1.51603373927456,102.777856576157,0.743244514820639,1.56403091228882,110.432889998019,0
HKUST,clipping,99,0.005,2,0.5,266,0.143783783783784,0.74763278637635,0.53105168390416,-28.9689144749687,0.743244514820639,2.38655789173602,221.099966988919,0
HKUST,cloud,99,0.005,2,0.5,6658,3.59891891891892,0.74763278637635,1.42111772014033,90.0823166180616,0.743244514820639,1.4351262452931,93.0893826561808,0
HKUST,combined,99,0.005,2,0.5,6924,3.7427027027027,0.74763278637635,1.39743463907243,86.914574178262,0.743244514820639,1.48299516243146,99.5299168523747,0
HKUST,clipping,99,0.005,2,0.6,266,0.143783783783784,0.74763278637635,0.53105168390416,-28.9689144749687,0.743244514820639,2.38655789173602,221.099966988919,0
HKUST,cloud,99,0.005,2,0.6,4603,2.48810810810811,0.74763278637635,1.34378649932494,79.738840218344,0.743244514820639,1.38453449725915,86.2825045662488,0
HKUST,combined,99,0.005,2,0.6,4869,2.63189189189189,0.74763278637635,1.31244727656723,75.5470466896512,0.743244514820639,1.45717962800124,96.0565599805188,0
HKUST,clipping,99,0.005,2,0.7,266,0.143783783783784,0.74763278637635,0.53105168390416,-28.9689144749687,0.743244514820639,2.38655789173602,221.099966988919,0
HKUST,cloud,99,0.005,2,0.7,3362,1.8172972972973,0.74763278637635,1.096819702931,46.7056719445257,0.743244514820639,1.16996296251903,57.4129292836249,0
HKUST,combined,99,0.005,2,0.7,3628,1.96108108108108,0.74763278637635,1.06559240709548,42.5288492576985,0.743244514820639,1.29848053932913,74.7043554895901,0
HKUST,clipping,99,0.005,3,0.3,169,0.0913513513513513,0.74763278637635,0.518177644255247,-30.6908881341646,0.743244514820639,2.17943324088767,193.232334370287,0
HKUST,cloud,99,0.005,3,0.3,14332,7.74702702702703,0.74763278637635,1.50303010478278,101.038548893463,0.743244514820639,1.49819546043085,101.575044357023,0
HKUST,combined,99,0.005,3,0.3,14501,7.83837837837838,0.74763278637635,1.49529275045322,100.003635167025,0.743244514820639,1.5079084153702,102.881876058526,0
HKUST,clipping,99,0.005,3,0.4,169,0.0913513513513513,0.74763278637635,0.518177644255247,-30.6908881341646,0.743244514820639,2.17943324088767,193.232334370287,0
HKUST,cloud,99,0.005,3,0.4,9653,5.21783783783784,0.74763278637635,1.53424933878581,105.214293265823,0.743244514820639,1.53513835290216,106.54553411304,0
HKUST,combined,99,0.005,3,0.4,9822,5.30918918918919,0.74763278637635,1.52251070658289,103.644186601586,0.743244514820639,1.54849255068809,108.342277650279,0
HKUST,clipping,99,0.005,3,0.5,169,0.0913513513513513,0.74763278637635,0.518177644255247,-30.6908881341646,0.743244514820639,2.17943324088767,193.232334370287,0
HKUST,cloud,99,0.005,3,0.5,6658,3.59891891891892,0.74763278637635,1.42111772014033,90.0823166180616,0.743244514820639,1.4351262452931,93.0893826561808,0
HKUST,combined,99,0.005,3,0.5,6827,3.69027027027027,0.74763278637635,1.40578394861379,88.0313402823575,0.743244514820639,1.45814464786029,96.1863987939655,0
HKUST,clipping,99,0.005,3,0.6,169,0.0913513513513513,0.74763278637635,0.518177644255247,-30.6908881341646,0.743244514820639,2.17943324088767,193.232334370287,0
HKUST,cloud,99,0.005,3,0.6,4603,2.48810810810811,0.74763278637635,1.34378649932494,79.738840218344,0.743244514820639,1.38453449725915,86.2825045662488,0
HKUST,combined,99,0.005,3,0.6,4772,2.57945945945946,0.74763278637635,1.32337463507863,77.0086410325583,0.743244514820639,1.42030490124749,91.0952415962651,0
HKUST,clipping,99,0.005,3,0.7,169,0.0913513513513513,0.74763278637635,0.518177644255247,-30.6908881341646,0.743244514820639,2.17943324088767,193.232334370287,0
HKUST,cloud,99,0.005,3,0.7,3362,1.8172972972973,0.74763278637635,1.096819702931,46.7056719445257,0.743244514820639,1.16996296251903,57.4129292836249,0
HKUST,combined,99,0.005,3,0.7,3531,1.90864864864865,0.74763278637635,1.076237127615,43.9526392136088,0.743244514820639,1.2371902086472,66.4580341969641,0
HKUST,clipping,99,0.005,5,0.3,83,0.0448648648648649,0.74763278637635,0.64037890703732,-14.3457966656159,0.743244514820639,1.83231372229513,146.52906086193,0
HKUST,cloud,99,0.005,5,0.3,14332,7.74702702702703,0.74763278637635,1.50303010478278,101.038548893463,0.743244514820639,1.49819546043085,101.575044357023,0
HKUST,combined,99,0.005,5,0.3,14415,7.79189189189189,0.74763278637635,1.4994842688847,100.564273826519,0.743244514820639,1.50033227199168,101.862542147888,0
HKUST,clipping,99,0.005,5,0.4,83,0.0448648648648649,0.74763278637635,0.64037890703732,-14.3457966656159,0.743244514820639,1.83231372229513,146.52906086193,0
HKUST,cloud,99,0.005,5,0.4,9653,5.21783783783784,0.74763278637635,1.53424933878581,105.214293265823,0.743244514820639,1.53513835290216,106.54553411304,0
HKUST,combined,99,0.005,5,0.4,9736,5.2627027027027,0.74763278637635,1.52883933518811,104.490675509047,0.743244514820639,1.53791449526303,106.919050809835,0
HKUST,clipping,99,0.005,5,0.5,83,0.0448648648648649,0.74763278637635,0.64037890703732,-14.3457966656159,0.743244514820639,1.83231372229513,146.52906086193,0
HKUST,cloud,99,0.005,5,0.5,6658,3.59891891891892,0.74763278637635,1.42111772014033,90.0823166180616,0.743244514820639,1.4351262452931,93.0893826561808,0
HKUST,combined,99,0.005,5,0.5,6741,3.64378378378378,0.74763278637635,1.41412813434957,89.1474210492575,0.743244514820639,1.44068268876991,93.836975590406,0
HKUST,clipping,99,0.005,5,0.6,83,0.0448648648648649,0.74763278637635,0.64037890703732,-14.3457966656159,0.743244514820639,1.83231372229513,146.52906086193,0
HKUST,cloud,99,0.005,5,0.6,4603,2.48810810810811,0.74763278637635,1.34378649932494,79.738840218344,0.743244514820639,1.38453449725915,86.2825045662488,0
HKUST,combined,99,0.005,5,0.6,4686,2.53297297297297,0.74763278637635,1.33455665205081,78.5042973461858,0.743244514820639,1.39371779440973,87.5180733417267,0
HKUST,clipping,99,0.005,5,0.7,83,0.0448648648648649,0.74763278637635,0.64037890703732,-14.3457966656159,0.743244514820639,1.83231372229513,146.52906086193,0
HKUST,cloud,99,0.005,5,0.7,3362,1.8172972972973,0.74763278637635,1.096819702931,46.7056719445257,0.743244514820639,1.16996296251903,57.4129292836249,0
HKUST,combined,99,0.005,5,0.7,3445,1.86216216216216,0.74763278637635,1.08807606693239,45.5361625064775,0.743244514820639,1.19026194317593,60.1440601903618,0
HKUST,clipping,99,0.01,2,0.3,300,0.162162162162162,0.74763278637635,0.533062513532262,-28.6999549450036,0.743244514820639,2.39007442317865,221.573099500832,0
HKUST,cloud,99,0.01,2,0.3,14332,7.74702702702703,0.74763278637635,1.50303010478278,101.038548893463,0.743244514820639,1.49819546043085,101.575044357023,0
HKUST,combined,99,0.01,2,0.3,14632,7.90918918918919,0.74763278637635,1.48949897886409,99.2286863292131,0.743244514820639,1.52173957074507,104.742791961579,0
HKUST,clipping,99,0.01,2,0.4,300,0.162162162162162,0.74763278637635,0.533062513532262,-28.6999549450036,0.743244514820639,2.39007442317865,221.573099500832,0
HKUST,cloud,99,0.01,2,0.4,9653,5.21783783783784,0.74763278637635,1.53424933878581,105.214293265823,0.743244514820639,1.53513835290216,106.54553411304,0
HKUST,combined,99,0.01,2,0.4,9953,5.38,0.74763278637635,1.51378164106554,102.4766260456,0.743244514820639,1.56773701403101,110.931528288418,0
HKUST,clipping,99,0.01,2,0.5,300,0.162162162162162,0.74763278637635,0.533062513532262,-28.6999549450036,0.743244514820639,2.39007442317865,221.573099500832,0
HKUST,cloud,99,0.01,2,0.5,6658,3.59891891891892,0.74763278637635,1.42111772014033,90.0823166180616,0.743244514820639,1.4351262452931,93.0893826561808,0
HKUST,combined,99,0.01,2,0.5,6958,3.76108108108108,0.74763278637635,1.39454347013041,86.5278644198476,0.743244514820639,1.48898751574317,100.336159373137,0
HKUST,clipping,99,0.01,2,0.6,300,0.162162162162162,0.74763278637635,0.533062513532262,-28.6999549450036,0.743244514820639,2.39007442317865,221.573099500832,0
HKUST,cloud,99,0.01,2,0.6,4603,2.48810810810811,0.74763278637635,1.34378649932494,79.738840218344,0.743244514820639,1.38453449725915,86.2825045662488,0
HKUST,combined,99,0.01,2,0.6,4903,2.65027027027027,0.74763278637635,1.30868620186587,75.0439822481367,0.743244514820639,1.46600558060566,97.2440497538606,0
HKUST,clipping,99,0.01,2,0.7,300,0.162162162162162,0.74763278637635,0.533062513532262,-28.6999549450036,0.743244514820639,2.39007442317865,221.573099500832,0
HKUST,cloud,99,0.01,2,0.7,3362,1.8172972972973,0.74763278637635,1.096819702931,46.7056719445257,0.743244514820639,1.16996296251903,57.4129292836249,0
HKUST,combined,99,0.01,2,0.7,3662,1.97945945945946,0.74763278637635,1.06195027196199,42.0416936380075,0.743244514820639,1.31326126421388,76.6930314353952,0
HKUST,clipping,99,0.01,3,0.3,188,0.101621621621622,0.74763278637635,0.513376572623984,-31.3330578889893,0.743244514820639,2.26309028542919,204.48799019732,0
HKUST,cloud,99,0.01,3,0.3,14332,7.74702702702703,0.74763278637635,1.50303010478278,101.038548893463,0.743244514820639,1.49819546043085,101.575044357023,0
HKUST,combined,99,0.01,3,0.3,14520,7.84864864864865,0.74763278637635,1.49441020940267,99.8855904441841,0.743244514820639,1.51057601448495,103.240788779919,0
HKUST,clipping,99,0.01,3,0.4,188,0.101621621621622,0.74763278637635,0.513376572623984,-31.3330578889893,0.743244514820639,2.26309028542919,204.48799019732,0
HKUST,cloud,99,0.01,3,0.4,9653,5.21783783783784,0.74763278637635,1.53424933878581,105.214293265823,0.743244514820639,1.53513835290216,106.54553411304,0
HKUST,combined,99,0.01,3,0.4,9841,5.31945945945946,0.74763278637635,1.52117954689807,103.466136667303,0.743244514820639,1.55224684004718,108.847399354406,0
HKUST,clipping,99,0.01,3,0.5,188,0.101621621621622,0.74763278637635,0.513376572623984,-31.3330578889893,0.743244514820639,2.26309028542919,204.48799019732,0
HKUST,cloud,99,0.01,3,0.5,6658,3.59891891891892,0.74763278637635,1.42111772014033,90.0823166180616,0.743244514820639,1.4351262452931,93.0893826561808,0
HKUST,combined,99,0.01,3,0.5,6846,3.70054054054054,0.74763278637635,1.40404878686961,87.7992528490887,0.743244514820639,1.4641289381096,96.9915564681866,0
HKUST,clipping,99,0.01,3,0.6,188,0.101621621621622,0.74763278637635,0.513376572623984,-31.3330578889893,0.743244514820639,2.26309028542919,204.48799019732,0
HKUST,cloud,99,0.01,3,0.6,4603,2.48810810810811,0.74763278637635,1.34378649932494,79.738840218344,0.743244514820639,1.38453449725915,86.2825045662488,0
HKUST,combined,99,0.01,3,0.6,4791,2.58972972972973,0.74763278637635,1.32107743656619,76.7013780881964,0.743244514820639,1.42922590825546,92.2955204856592,0
HKUST,clipping,99,0.01,3,0.7,188,0.101621621621622,0.74763278637635,0.513376572623984,-31.3330578889893,0.743244514820639,2.26309028542919,204.48799019732,0
HKUST,cloud,99,0.01,3,0.7,3362,1.8172972972973,0.74763278637635,1.096819702931,46.7056719445257,0.743244514820639,1.16996296251903,57.4129292836249,0
HKUST,combined,99,0.01,3,0.7,3550,1.91891891891892,0.74763278637635,1.07390031404551,43.6400775373326,0.743244514820639,1.2520188794089,68.4531610315395,0
HKUST,clipping,99,0.01,5,0.3,92,0.0497297297297297,0.74763278637635,0.612781878350512,-18.0370511410337,0.743244514820639,1.76601794652016,137.609280836245,0
HKUST,cloud,99,0.01,5,0.3,14332,7.74702702702703,0.74763278637635,1.50303010478278,101.038548893463,0.743244514820639,1.49819546043085,101.575044357023,0
HKUST,combined,99,0.01,5,0.3,14424,7.79675675675676,0.74763278637635,1.49902815913055,100.503266636565,0.743244514820639,1.5000552326336,101.825267825299,0
HKUST,clipping,99,0.01,5,0.4,92,0.0497297297297297,0.74763278637635,0.612781878350512,-18.0370511410337,0.743244514820639,1.76601794652016,137.609280836245,0
HKUST,cloud,99,0.01,5,0.4,9653,5.21783783783784,0.74763278637635,1.53424933878581,105.214293265823,0.743244514820639,1.53513835290216,106.54553411304,0
HKUST,combined,99,0.01,5,0.4,9745,5.26756756756757,0.74763278637635,1.52815028471119,104.398511215363,0.743244514820639,1.53748014846754,106.860611522786,0
HKUST,clipping,99,0.01,5,0.5,92,0.0497297297297297,0.74763278637635,0.612781878350512,-18.0370511410337,0.743244514820639,1.76601794652016,137.609280836245,0
HKUST,cloud,99,0.01,5,0.5,6658,3.59891891891892,0.74763278637635,1.42111772014033,90.0823166180616,0.743244514820639,1.4351262452931,93.0893826561808,0
HKUST,combined,99,0.01,5,0.5,6750,3.64864864864865,0.74763278637635,1.41321175184597,89.0248498458139,0.743244514820639,1.44014731205816,93.7649432106071,0
HKUST,clipping,99,0.01,5,0.6,92,0.0497297297297297,0.74763278637635,0.612781878350512,-18.0370511410337,0.743244514820639,1.76601794652016,137.609280836245,0
HKUST,cloud,99,0.01,5,0.6,4603,2.48810810810811,0.74763278637635,1.34378649932494,79.738840218344,0.743244514820639,1.38453449725915,86.2825045662488,0
HKUST,combined,99,0.01,5,0.6,4695,2.53783783783784,0.74763278637635,1.33331757336266,78.338563752003,0.743244514820639,1.39301366148808,87.4233356198055,0
HKUST,clipping,99,0.01,5,0.7,92,0.0497297297297297,0.74763278637635,0.612781878350512,-18.0370511410337,0.743244514820639,1.76601794652016,137.609280836245,0
HKUST,cloud,99,0.01,5,0.7,3362,1.8172972972973,0.74763278637635,1.096819702931,46.7056719445257,0.743244514820639,1.16996296251903,57.4129292836249,0
HKUST,combined,99,0.01,5,0.7,3454,1.86702702702703,0.74763278637635,1.08672537187358,45.3554996084045,0.743244514820639,1.18971682259218,60.0707168191192,0
HKUST,clipping,99,0.02,2,0.3,385,0.208108108108108,0.74763278637635,0.526285051891231,-29.6064777412925,0.743244514820639,2.17754445654615,192.978207457292,0
HKUST,cloud,99,0.02,2,0.3,14332,7.74702702702703,0.74763278637635,1.50303010478278,101.038548893463,0.743244514820639,1.49819546043085,101.575044357023,0
HKUST,combined,99,0.02,2,0.3,14717,7.95513513513514,0.74763278637635,1.48568055190779,98.7179507079455,0.743244514820639,1.51984031977474,104.487256813663,0
HKUST,clipping,99,0.02,2,0.4,385,0.208108108108108,0.74763278637635,0.526285051891231,-29.6064777412925,0.743244514820639,2.17754445654615,192.978207457292,0
HKUST,cloud,99,0.02,2,0.4,9653,5.21783783783784,0.74763278637635,1.53424933878581,105.214293265823,0.743244514820639,1.53513835290216,106.54553411304,0
HKUST,combined,99,0.02,2,0.4,10038,5.42594594594595,0.74763278637635,1.50806543453909,101.712051961823,0.743244514820639,1.56464902754833,110.516054454288,0
HKUST,clipping,99,0.02,2,0.5,385,0.208108108108108,0.74763278637635,0.526285051891231,-29.6064777412925,0.743244514820639,2.17754445654615,192.978207457292,0
HKUST,cloud,99,0.02,2,0.5,6658,3.59891891891892,0.74763278637635,1.42111772014033,90.0823166180616,0.743244514820639,1.4351262452931,93.0893826561808,0
HKUST,combined,99,0.02,2,0.5,7043,3.80702702702703,0.74763278637635,1.38719780517215,85.5453413026017,0.743244514820639,1.48532921945468,99.8439530782309,0
HKUST,clipping,99,0.02,2,0.6,385,0.208108108108108,0.74763278637635,0.526285051891231,-29.6064777412925,0.743244514820639,2.17754445654615,192.978207457292,0
HKUST,cloud,99,0.02,2,0.6,4603,2.48810810810811,0.74763278637635,1.34378649932494,79.738840218344,0.743244514820639,1.38453449725915,86.2825045662488,0
HKUST,combined,99,0.02,2,0.6,4988,2.69621621621622,0.74763278637635,1.29913910687255,73.7670057474687,0.743244514820639,1.46115224428857,96.5910565301885,0
HKUST,clipping,99,0.02,2,0.7,385,0.208108108108108,0.74763278637635,0.526285051891231,-29.6064777412925,0.743244514820639,2.17754445654615,192.978207457292,0
HKUST,cloud,99,0.02,2,0.7,3362,1.8172972972973,0.74763278637635,1.096819702931,46.7056719445257,0.743244514820639,1.16996296251903,57.4129292836249,0
HKUST,combined,99,0.02,2,0.7,3747,2.02540540540541,0.74763278637635,1.05255126120266,40.7845242186602,0.743244514820639,1.30972271821404,76.2169369699422,0
HKUST,clipping,99,0.02,3,0.3,242,0.130810810810811,0.74763278637635,0.479176445702105,-35.9075130954874,0.743244514820639,2.02420110346459,172.346591613,0
HKUST,cloud,99,0.02,3,0.3,14332,7.74702702702703,0.74763278637635,1.50303010478278,101.038548893463,0.743244514820639,1.49819546043085,101.575044357023,0
HKUST,combined,99,0.02,3,0.3,14574,7.87783783783784,0.74763278637635,1.4917774635497,99.5334461962392,0.743244514820639,1.50842806523802,102.951792466579,0
HKUST,clipping,99,0.02,3,0.4,242,0.130810810810811,0.74763278637635,0.479176445702105,-35.9075130954874,0.743244514820639,2.02420110346459,172.346591613,0
HKUST,cloud,99,0.02,3,0.4,9653,5.21783783783784,0.74763278637635,1.53424933878581,105.214293265823,0.743244514820639,1.53513835290216,106.54553411304,0
HKUST,combined,99,0.02,3,0.4,9895,5.34864864864865,0.74763278637635,1.51722351445812,102.936995555244,0.743244514820639,1.5489424439535,108.402808640612,0
HKUST,clipping,99,0.02,3,0.5,242,0.130810810810811,0.74763278637635,0.479176445702105,-35.9075130954874,0.743244514820639,2.02420110346459,172.346591613,0
HKUST,cloud,99,0.02,3,0.5,6658,3.59891891891892,0.74763278637635,1.42111772014033,90.0823166180616,0.743244514820639,1.4351262452931,93.0893826561808,0
HKUST,combined,99,0.02,3,0.5,6900,3.72972972972973,0.74763278637635,1.39885563016988,87.1046395583984,0.743244514820639,1.45981440726316,96.4110569474499,0
HKUST,clipping,99,0.02,3,0.6,242,0.130810810810811,0.74763278637635,0.479176445702105,-35.9075130954874,0.743244514820639,2.02420110346459,172.346591613,0
HKUST,cloud,99,0.02,3,0.6,4603,2.48810810810811,0.74763278637635,1.34378649932494,79.738840218344,0.743244514820639,1.38453449725915,86.2825045662488,0
HKUST,combined,99,0.02,3,0.6,4845,2.61891891891892,0.74763278637635,1.31416737141148,75.7771188421295,0.743244514820639,1.42332216318565,91.5011997806841,0
HKUST,clipping,99,0.02,3,0.7,242,0.130810810810811,0.74763278637635,0.479176445702105,-35.9075130954874,0.743244514820639,2.02420110346459,172.346591613,0
HKUST,cloud,99,0.02,3,0.7,3362,1.8172972972973,0.74763278637635,1.096819702931,46.7056719445257,0.743244514820639,1.16996296251903,57.4129292836249,0
HKUST,combined,99,0.02,3,0.7,3604,1.94810810810811,0.74763278637635,1.06660758742871,42.6646352146185,0.743244514820639,1.24580526286469,67.6171485995196,0
HKUST,clipping,99,0.02,5,0.3,128,0.0691891891891892,0.74763278637635,0.554780545013071,-25.7950487027196,0.743244514820639,1.53960957704203,107.147115968097,0
HKUST,cloud,99,0.02,5,0.3,14332,7.74702702702703,0.74763278637635,1.50303010478278,101.038548893463,0.743244514820639,1.49819546043085,101.575044357023,0
HKUST,combined,99,0.02,5,0.3,14460,7.81621621621622,0.74763278637635,1.49727299373667,100.268503605052,0.743244514820639,1.49856707920414,101.625043888252,0
HKUST,clipping,99,0.02,5,0.4,128,0.0691891891891892,0.74763278637635,0.554780545013071,-25.7950487027196,0.743244514820639,1.53960957704203,107.147115968097,0
HKUST,cloud,99,0.02,5,0.4,9653,5.21783783783784,0.74763278637635,1.53424933878581,105.214293265823,0.743244514820639,1.53513835290216,106.54553411304,0
HKUST,combined,99,0.02,5,0.4,9781,5.28702702702703,0.74763278637635,1.52549796150945,104.04374838927,0.743244514820639,1.53519695010208,106.55341808645,0
HKUST,clipping,99,0.02,5,0.5,128,0.0691891891891892,0.74763278637635,0.554780545013071,-25.7950487027196,0.743244514820639,1.53960957704203,107.147115968097,0
HKUST,cloud,99,0.02,5,0.5,6658,3.59891891891892,0.74763278637635,1.42111772014033,90.0823166180616,0.743244514820639,1.4351262452931,93.0893826561808,0
HKUST,combined,99,0.02,5,0.5,6786,3.66810810810811,0.74763278637635,1.40971170500114,88.5566993167557,0.743244514820639,1.43716733786672,93.364001914436,0
HKUST,clipping,99,0.02,5,0.6,128,0.0691891891891892,0.74763278637635,0.554780545013071,-25.7950487027196,0.743244514820639,1.53960957704203,107.147115968097,0
HKUST,cloud,99,0.02,5,0.6,4603,2.48810810810811,0.74763278637635,1.34378649932494,79.738840218344,0.743244514820639,1.38453449725915,86.2825045662488,0
HKUST,combined,99,0.02,5,0.6,4731,2.5572972972973,0.74763278637635,1.32862086498544,77.7103531568006,0.743244514820639,1.38895804581839,86.877671899613,0
HKUST,clipping,99,0.02,5,0.7,128,0.0691891891891892,0.74763278637635,0.554780545013071,-25.7950487027196,0.743244514820639,1.53960957704203,107.147115968097,0
HKUST,cloud,99,0.02,5,0.7,3362,1.8172972972973,0.74763278637635,1.096819702931,46.7056719445257,0.743244514820639,1.16996296251903,57.4129292836249,0
HKUST,combined,99,0.02,5,0.7,3490,1.88648648648649,0.74763278637635,1.08174846275658,44.6898106220875,0.743244514820639,1.18555795225368,59.5111606763459,0
HKUST,clipping,99.5,0.005,2,0.3,112,0.0605405405405405,0.74763278637635,0.397137964062869,-46.8806115382219,0.743244514820639,2.96767150609887,299.286028611328,0
HKUST,cloud,99.5,0.005,2,0.3,14332,7.74702702702703,0.74763278637635,1.50303010478278,101.038548893463,0.743244514820639,1.49819546043085,101.575044357023,0
HKUST,combined,99.5,0.005,2,0.3,14444,7.80756756756757,0.74763278637635,1.49759981639042,100.312217933758,0.743244514820639,1.51508273662421,103.847146721269,0
HKUST,clipping,99.5,0.005,2,0.4,112,0.0605405405405405,0.74763278637635,0.397137964062869,-46.8806115382219,0.743244514820639,2.96767150609887,299.286028611328,0
HKUST,cloud,99.5,0.005,2,0.4,9653,5.21783783783784,0.74763278637635,1.53424933878581,105.214293265823,0.743244514820639,1.53513835290216,106.54553411304,0
HKUST,combined,99.5,0.005,2,0.4,9765,5.27837837837838,0.74763278637635,1.52601822221811,104.113336122466,0.743244514820639,1.55904878849535,109.762569034443,0
HKUST,clipping,99.5,0.005,2,0.5,112,0.0605405405405405,0.74763278637635,0.397137964062869,-46.8806115382219,0.743244514820639,2.96767150609887,299.286028611328,0
HKUST,cloud,99.5,0.005,2,0.5,6658,3.59891891891892,0.74763278637635,1.42111772014033,90.0823166180616,0.743244514820639,1.4351262452931,93.0893826561808,0
HKUST,combined,99.5,0.005,2,0.5,6770,3.65945945945946,0.74763278637635,1.41023891739517,88.6272168761295,0.743244514820639,1.47350428964145,98.2529652434822,0
HKUST,clipping,99.5,0.005,2,0.6,112,0.0605405405405405,0.74763278637635,0.397137964062869,-46.8806115382219,0.743244514820639,2.96767150609887,299.286028611328,0
HKUST,cloud,99.5,0.005,2,0.6,4603,2.48810810810811,0.74763278637635,1.34378649932494,79.738840218344,0.743244514820639,1.38453449725915,86.2825045662488,0
HKUST,combined,99.5,0.005,2,0.6,4715,2.54864864864865,0.74763278637635,1.32914053685155,77.7798621290628,0.743244514820639,1.44242988071048,94.0720519220467,0
HKUST,clipping,99.5,0.005,2,0.7,112,0.0605405405405405,0.74763278637635,0.397137964062869,-46.8806115382219,0.743244514820639,2.96767150609887,299.286028611328,0
HKUST,cloud,99.5,0.005,2,0.7,3362,1.8172972972973,0.74763278637635,1.096819702931,46.7056719445257,0.743244514820639,1.16996296251903,57.4129292836249,0
HKUST,combined,99.5,0.005,2,0.7,3474,1.87783783783784,0.74763278637635,1.08134808585692,44.6362580081629,0.743244514820639,1.26831348435336,70.6455223096312,0
HKUST,clipping,99.5,0.005,3,0.3,62,0.0335135135135135,0.74763278637635,0.404459097178346,-45.9013696899662,0.743244514820639,2.75284450592496,270.3820816746,0
HKUST,cloud,99.5,0.005,3,0.3,14332,7.74702702702703,0.74763278637635,1.50303010478278,101.038548893463,0.743244514820639,1.49819546043085,101.575044357023,0
HKUST,combined,99.5,0.005,3,0.3,14394,7.78054054054054,0.74763278637635,1.5000244632112,100.636527790811,0.743244514820639,1.50584300734838,102.603985272838,0
HKUST,clipping,99.5,0.005,3,0.4,62,0.0335135135135135,0.74763278637635,0.404459097178346,-45.9013696899662,0.743244514820639,2.75284450592496,270.3820816746,0
HKUST,cloud,99.5,0.005,3,0.4,9653,5.21783783783784,0.74763278637635,1.53424933878581,105.214293265823,0.743244514820639,1.53513835290216,106.54553411304,0
HKUST,combined,99.5,0.005,3,0.4,9715,5.25135135135135,0.74763278637635,1.52968708485117,104.604066692327,0.743244514820639,1.54595368238125,108.000685044318,0
HKUST,clipping,99.5,0.005,3,0.5,62,0.0335135135135135,0.74763278637635,0.404459097178346,-45.9013696899662,0.743244514820639,2.75284450592496,270.3820816746,0
HKUST,cloud,99.5,0.005,3,0.5,6658,3.59891891891892,0.74763278637635,1.42111772014033,90.0823166180616,0.743244514820639,1.4351262452931,93.0893826561808,0
HKUST,combined,99.5,0.005,3,0.5,6720,3.63243243243243,0.74763278637635,1.41508016446949,89.2747603175813,0.743244514820639,1.45275692278506,95.4615061149344,0
HKUST,clipping,99.5,0.005,3,0.6,62,0.0335135135135135,0.74763278637635,0.404459097178346,-45.9013696899662,0.743244514820639,2.75284450592496,270.3820816746,0
HKUST,cloud,99.5,0.005,3,0.6,4603,2.48810810810811,0.74763278637635,1.34378649932494,79.738840218344,0.743244514820639,1.38453449725915,86.2825045662488,0
HKUST,combined,99.5,0.005,3,0.6,4665,2.52162162162162,0.74763278637635,1.33564100462946,78.6493354716404,0.743244514820639,1.41144463529077,89.9031351252398,0
HKUST,clipping,99.5,0.005,3,0.7,62,0.0335135135135135,0.74763278637635,0.404459097178346,-45.9013696899662,0.743244514820639,2.75284450592496,270.3820816746,0
HKUST,cloud,99.5,0.005,3,0.7,3362,1.8172972972973,0.74763278637635,1.096819702931,46.7056719445257,0.743244514820639,1.16996296251903,57.4129292836249,0
HKUST,combined,99.5,0.005,3,0.7,3424,1.85081081081081,0.74763278637635,1.08820589655914,45.5535279336112,0.743244514820639,1.21706565324607,63.7503713753976,0
HKUST,clipping,99.5,0.005,5,0.3,23,0.0124324324324324,0.74763278637635,0.367356833988782,-50.8640015950479,0.743244514820639,2.43912065259829,228.172035442051,0
HKUST,cloud,99.5,0.005,5,0.3,14332,7.74702702702703,0.74763278637635,1.50303010478278,101.038548893463,0.743244514820639,1.49819546043085,101.575044357023,0
HKUST,combined,99.5,0.005,5,0.3,14355,7.75945945945946,0.74763278637635,1.50189750756579,100.887057782101,0.743244514820639,1.50017513912438,101.841400671003,0
HKUST,clipping,99.5,0.005,5,0.4,23,0.0124324324324324,0.74763278637635,0.367356833988782,-50.8640015950479,0.743244514820639,2.43912065259829,228.172035442051,0
HKUST,cloud,99.5,0.005,5,0.4,9653,5.21783783783784,0.74763278637635,1.53424933878581,105.214293265823,0.743244514820639,1.53513835290216,106.54553411304,0
HKUST,combined,99.5,0.005,5,0.4,9676,5.23027027027027,0.74763278637635,1.53252944766417,104.984248362365,0.743244514820639,1.53791728315816,106.919425907811,0
HKUST,clipping,99.5,0.005,5,0.5,23,0.0124324324324324,0.74763278637635,0.367356833988782,-50.8640015950479,0.743244514820639,2.43912065259829,228.172035442051,0
HKUST,cloud,99.5,0.005,5,0.5,6658,3.59891891891892,0.74763278637635,1.42111772014033,90.0823166180616,0.743244514820639,1.4351262452931,93.0893826561808,0
HKUST,combined,99.5,0.005,5,0.5,6681,3.61135135135135,0.74763278637635,1.41883317168598,89.7767456885915,0.743244514820639,1.43978404334309,93.7160671398347,0
HKUST,clipping,99.5,0.005,5,0.6,23,0.0124324324324324,0.74763278637635,0.367356833988782,-50.8640015950479,0.743244514820639,2.43912065259829,228.172035442051,0
HKUST,cloud,99.5,0.005,5,0.6,4603,2.48810810810811,0.74763278637635,1.34378649932494,79.738840218344,0.743244514820639,1.38453449725915,86.2825045662488,0
HKUST,combined,99.5,0.005,5,0.6,4626,2.50054054054054,0.74763278637635,1.34069200541879,79.3249346269176,0.743244514820639,1.39175584249635,87.2541020813601,0
HKUST,clipping,99.5,0.005,5,0.7,23,0.0124324324324324,0.74763278637635,0.367356833988782,-50.8640015950479,0.743244514820639,2.43912065259829,228.172035442051,0
HKUST,cloud,99.5,0.005,5,0.7,3362,1.8172972972973,0.74763278637635,1.096819702931,46.7056719445257,0.743244514820639,1.16996296251903,57.4129292836249,0
HKUST,combined,99.5,0.005,5,0.7,3385,1.82972972972973,0.74763278637635,1.09350643153345,46.2625036595161,0.743244514820639,1.18318905963816,59.1924374879093,0
HKUST,clipping,99.5,0.01,2,0.3,144,0.0778378378378378,0.74763278637635,0.383080722926354,-48.7608449084902,0.743244514820639,2.7064880854761,264.145046684836,0
HKUST,cloud,99.5,0.01,2,0.3,14332,7.74702702702703,0.74763278637635,1.50303010478278,101.038548893463,0.743244514820639,1.49819546043085,101.575044357023,0
HKUST,combined,99.5,0.01,2,0.3,14476,7.82486486486486,0.74763278637635,1.49602369937475,100.101403608277,0.743244514820639,1.5149679170568,103.831698296811,0
HKUST,clipping,99.5,0.01,2,0.4,144,0.0778378378378378,0.74763278637635,0.383080722926354,-48.7608449084902,0.743244514820639,2.7064880854761,264.145046684836,0
HKUST,cloud,99.5,0.01,2,0.4,9653,5.21783783783784,0.74763278637635,1.53424933878581,105.214293265823,0.743244514820639,1.53513835290216,106.54553411304,0
HKUST,combined,99.5,0.01,2,0.4,9797,5.29567567567568,0.74763278637635,1.52364011952986,103.795251799308,0.743244514820639,1.55874231051115,109.721333885297,0
HKUST,clipping,99.5,0.01,2,0.5,144,0.0778378378378378,0.74763278637635,0.383080722926354,-48.7608449084902,0.743244514820639,2.7064880854761,264.145046684836,0
HKUST,cloud,99.5,0.01,2,0.5,6658,3.59891891891892,0.74763278637635,1.42111772014033,90.0823166180616,0.743244514820639,1.4351262452931,93.0893826561808,0
HKUST,combined,99.5,0.01,2,0.5,6802,3.67675675675676,0.74763278637635,1.40709893675544,88.207227183737,0.743244514820639,1.47345140981164,98.2458505149167,0
HKUST,clipping,99.5,0.01,2,0.6,144,0.0778378378378378,0.74763278637635,0.383080722926354,-48.7608449084902,0.743244514820639,2.7064880854761,264.145046684836,0
HKUST,cloud,99.5,0.01,2,0.6,4603,2.48810810810811,0.74763278637635,1.34378649932494,79.738840218344,0.743244514820639,1.38453449725915,86.2825045662488,0
HKUST,combined,99.5,0.01,2,0.6,4747,2.56594594594595,0.74763278637635,1.32492872756866,77.2165094565167,0.743244514820639,1.44256420377882,94.0901244494131,0
HKUST,clipping,99.5,0.01,2,0.7,144,0.0778378378378378,0.74763278637635,0.383080722926354,-48.7608449084902,0.743244514820639,2.7064880854761,264.145046684836,0
HKUST,cloud,99.5,0.01,2,0.7,3362,1.8172972972973,0.74763278637635,1.096819702931,46.7056719445257,0.743244514820639,1.16996296251903,57.4129292836249,0
HKUST,combined,99.5,0.01,2,0.7,3506,1.89513513513514,0.74763278637635,1.07686125847033,44.0361201506011,0.743244514820639,1.2702171821756,70.9016557602356,0
HKUST,clipping,99.5,0.01,3,0.3,80,0.0432432432432432,0.74763278637635,0.407541470282474,-45.4890853225207,0.743244514820639,2.47878316661175,233.508437288626,0
HKUST,cloud,99.5,0.01,3,0.3,14332,7.74702702702703,0.74763278637635,1.50303010478278,101.038548893463,0.743244514820639,1.49819546043085,101.575044357023,0
HKUST,combined,99.5,0.01,3,0.3,14412,7.79027027027027,0.74763278637635,1.49916021405946,100.520929710111,0.743244514820639,1.50540261137406,102.544732097665,0
HKUST,clipping,99.5,0.01,3,0.4,80,0.0432432432432432,0.74763278637635,0.407541470282474,-45.4890853225207,0.743244514820639,2.47878316661175,233.508437288626,0
HKUST,cloud,99.5,0.01,3,0.4,9653,5.21783783783784,0.74763278637635,1.53424933878581,105.214293265823,0.743244514820639,1.53513835290216,106.54553411304,0
HKUST,combined,99.5,0.01,3,0.4,9733,5.26108108108108,0.74763278637635,1.52837765138336,104.428922759147,0.743244514820639,1.54524520478897,107.905362767712,0
HKUST,clipping,99.5,0.01,3,0.5,80,0.0432432432432432,0.74763278637635,0.407541470282474,-45.4890853225207,0.743244514820639,2.47878316661175,233.508437288626,0
HKUST,cloud,99.5,0.01,3,0.5,6658,3.59891891891892,0.74763278637635,1.42111772014033,90.0823166180616,0.743244514820639,1.4351262452931,93.0893826561808,0
HKUST,combined,99.5,0.01,3,0.5,6738,3.64216216216216,0.74763278637635,1.41335388924228,89.043861504866,0.743244514820639,1.45192484333715,95.3495537989311,1
HKUST,clipping,99.5,0.01,3,0.6,80,0.0432432432432432,0.74763278637635,0.407541470282474,-45.4890853225207,0.743244514820639,2.47878316661175,233.508437288626,0
HKUST,cloud,99.5,0.01,3,0.6,4603,2.48810810810811,0.74763278637635,1.34378649932494,79.738840218344,0.743244514820639,1.38453449725915,86.2825045662488,0
HKUST,combined,99.5,0.01,3,0.6,4683,2.53135135135135,0.74763278637635,1.33332348974052,78.3393551001035,0.743244514820639,1.41037344174313,89.7590111490405,0
HKUST,clipping,99.5,0.01,3,0.7,80,0.0432432432432432,0.74763278637635,0.407541470282474,-45.4890853225207,0.743244514820639,2.47878316661175,233.508437288626,0
HKUST,cloud,99.5,0.01,3,0.7,3362,1.8172972972973,0.74763278637635,1.096819702931,46.7056719445257,0.743244514820639,1.16996296251903,57.4129292836249,0
HKUST,combined,99.5,0.01,3,0.7,3442,1.86054054054054,0.74763278637635,1.08577758989767,45.2287285527235,0.743244514820639,1.21647366014229,63.6707215304307,0
HKUST,clipping,99.5,0.01,5,0.3,31,0.0167567567567568,0.74763278637635,0.413694682492513,-44.6660593233717,0.743244514820639,2.2018068448114,196.24259592992,0
HKUST,cloud,99.5,0.01,5,0.3,14332,7.74702702702703,0.74763278637635,1.50303010478278,101.038548893463,0.743244514820639,1.49819546043085,101.575044357023,0
HKUST,combined,99.5,0.01,5,0.3,14363,7.76378378378378,0.74763278637635,1.50153022313921,100.837931468586,0.743244514820639,1.50006951129797,101.8271889514,0
HKUST,clipping,99.5,0.01,5,0.4,31,0.0167567567567568,0.74763278637635,0.413694682492513,-44.6660593233717,0.743244514820639,2.2018068448114,196.24259592992,0
HKUST,cloud,99.5,0.01,5,0.4,9653,5.21783783783784,0.74763278637635,1.53424933878581,105.214293265823,0.743244514820639,1.53513835290216,106.54553411304,0
HKUST,combined,99.5,0.01,5,0.4,9684,5.23459459459459,0.74763278637635,1.5319705024254,104.909486360356,0.743244514820639,1.53773366206322,106.894720566395,0
HKUST,clipping,99.5,0.01,5,0.5,31,0.0167567567567568,0.74763278637635,0.413694682492513,-44.6660593233717,0.743244514820639,2.2018068448114,196.24259592992,0
HKUST,cloud,99.5,0.01,5,0.5,6658,3.59891891891892,0.74763278637635,1.42111772014033,90.0823166180616,0.743244514820639,1.4351262452931,93.0893826561808,0
HKUST,combined,99.5,0.01,5,0.5,6689,3.61567567567568,0.74763278637635,1.4181005120201,89.6787484258669,0.743244514820639,1.43962146110567,93.6941924762246,0
HKUST,clipping,99.5,0.01,5,0.6,31,0.0167567567567568,0.74763278637635,0.413694682492513,-44.6660593233717,0.743244514820639,2.2018068448114,196.24259592992,0
HKUST,cloud,99.5,0.01,5,0.6,4603,2.48810810810811,0.74763278637635,1.34378649932494,79.738840218344,0.743244514820639,1.38453449725915,86.2825045662488,0
HKUST,combined,99.5,0.01,5,0.6,4634,2.50486486486487,0.74763278637635,1.33971156245118,79.1937949838366,0.743244514820639,1.39159741248774,87.2327860803068,0
HKUST,clipping,99.5,0.01,5,0.7,31,0.0167567567567568,0.74763278637635,0.413694682492513,-44.6660593233717,0.743244514820639,2.2018068448114,196.24259592992,0
HKUST,cloud,99.5,0.01,5,0.7,3362,1.8172972972973,0.74763278637635,1.096819702931,46.7056719445257,0.743244514820639,1.16996296251903,57.4129292836249,0
HKUST,combined,99.5,0.01,5,0.7,3393,1.83405405405405,0.74763278637635,1.09251353441073,46.1296982046434,0.743244514820639,1.18346962299339,59.2301859474854,0
HKUST,clipping,99.5,0.02,2,0.3,194,0.104864864864865,0.74763278637635,0.417714047852351,-44.1284470847058,0.743244514820639,2.47351357350049,232.799438701193,0
HKUST,cloud,99.5,0.02,2,0.3,14332,7.74702702702703,0.74763278637635,1.50303010478278,101.038548893463,0.743244514820639,1.49819546043085,101.575044357023,0
HKUST,combined,99.5,0.02,2,0.3,14526,7.85189189189189,0.74763278637635,1.49373984125135,99.7959250143711,0.743244514820639,1.51536267481457,103.884811067897,0
HKUST,clipping,99.5,0.02,2,0.4,194,0.104864864864865,0.74763278637635,0.417714047852351,-44.1284470847058,0.743244514820639,2.47351357350049,232.799438701193,0
HKUST,cloud,99.5,0.02,2,0.4,9653,5.21783783783784,0.74763278637635,1.53424933878581,105.214293265823,0.743244514820639,1.53513835290216,106.54553411304,0
HKUST,combined,99.5,0.02,2,0.4,9847,5.3227027027027,0.74763278637635,1.52019177193502,103.334016329478,0.743244514820639,1.5590891750215,109.768002848664,0
HKUST,clipping,99.5,0.02,2,0.5,194,0.104864864864865,0.74763278637635,0.417714047852351,-44.1284470847058,0.743244514820639,2.47351357350049,232.799438701193,0
HKUST,cloud,99.5,0.02,2,0.5,6658,3.59891891891892,0.74763278637635,1.42111772014033,90.0823166180616,0.743244514820639,1.4351262452931,93.0893826561808,0
HKUST,combined,99.5,0.02,2,0.5,6852,3.70378378378378,0.74763278637635,1.40261744885144,87.6078035113594,0.743244514820639,1.4746187319537,98.4029081344195,0
HKUST,clipping,99.5,0.02,2,0.6,194,0.104864864864865,0.74763278637635,0.417714047852351,-44.1284470847058,0.743244514820639,2.47351357350049,232.799438701193,0
HKUST,cloud,99.5,0.02,2,0.6,4603,2.48810810810811,0.74763278637635,1.34378649932494,79.738840218344,0.743244514820639,1.38453449725915,86.2825045662488,0
HKUST,combined,99.5,0.02,2,0.6,4797,2.59297297297297,0.74763278637635,1.319011045918,76.4249869659979,0.743244514820639,1.44459193842208,94.3629464619308,0
HKUST,clipping,99.5,0.02,2,0.7,194,0.104864864864865,0.74763278637635,0.417714047852351,-44.1284470847058,0.743244514820639,2.47351357350049,232.799438701193,0
HKUST,cloud,99.5,0.02,2,0.7,3362,1.8172972972973,0.74763278637635,1.096819702931,46.7056719445257,0.743244514820639,1.16996296251903,57.4129292836249,0
HKUST,combined,99.5,0.02,2,0.7,3556,1.92216216216216,0.74763278637635,1.07093482155241,43.2434265949,0.743244514820639,1.2759009136553,71.666374687367,0
HKUST,clipping,99.5,0.02,3,0.3,120,0.0648648648648649,0.74763278637635,0.356379292327711,-52.3323082104222,0.743244514820639,2.10848977367482,183.687229657341,0
HKUST,cloud,99.5,0.02,3,0.3,14332,7.74702702702703,0.74763278637635,1.50303010478278,101.038548893463,0.743244514820639,1.49819546043085,101.575044357023,0
HKUST,combined,99.5,0.02,3,0.3,14452,7.81189189189189,0.74763278637635,1.49712924662832,100.249276638155,0.743244514820639,1.5042827084896,102.394054512817,0
HKUST,clipping,99.5,0.02,3,0.4,120,0.0648648648648649,0.74763278637635,0.356379292327711,-52.3323082104222,0.743244514820639,2.10848977367482,183.687229657341,0
HKUST,cloud,99.5,0.02,3,0.4,9653,5.21783783783784,0.74763278637635,1.53424933878581,105.214293265823,0.743244514820639,1.53513835290216,106.54553411304,0
HKUST,combined,99.5,0.02,3,0.4,9773,5.2827027027027,0.74763278637635,1.525312215265,104.018903806765,0.743244514820639,1.54347043961083,107.666576588635,0
HKUST,clipping,99.5,0.02,3,0.5,120,0.0648648648648649,0.74763278637635,0.356379292327711,-52.3323082104222,0.743244514820639,2.10848977367482,183.687229657341,0
HKUST,cloud,99.5,0.02,3,0.5,6658,3.59891891891892,0.74763278637635,1.42111772014033,90.0823166180616,0.743244514820639,1.4351262452931,93.0893826561808,0
HKUST,combined,99.5,0.02,3,0.5,6778,3.66378378378378,0.74763278637635,1.4092795632627,88.4988979808183,0.743244514820639,1.44976977468034,95.0595996029915,0
HKUST,clipping,99.5,0.02,3,0.6,120,0.0648648648648649,0.74763278637635,0.356379292327711,-52.3323082104222,0.743244514820639,2.10848977367482,183.687229657341,0
HKUST,cloud,99.5,0.02,3,0.6,4603,2.48810810810811,0.74763278637635,1.34378649932494,79.738840218344,0.743244514820639,1.38453449725915,86.2825045662488,0
HKUST,combined,99.5,0.02,3,0.6,4723,2.55297297297297,0.74763278637635,1.32782115875677,77.6033880472922,0.743244514820639,1.407546195797,89.3786187089015,0
HKUST,clipping,99.5,0.02,3,0.7,120,0.0648648648648649,0.74763278637635,0.356379292327711,-52.3323082104222,0.743244514820639,2.10848977367482,183.687229657341,0
HKUST,cloud,99.5,0.02,3,0.7,3362,1.8172972972973,0.74763278637635,1.096819702931,46.7056719445257,0.743244514820639,1.16996296251903,57.4129292836249,0
HKUST,combined,99.5,0.02,3,0.7,3482,1.88216216216216,0.74763278637635,1.07978288271678,44.4269034736029,0.743244514820639,1.21443523331578,63.396460935719,0
HKUST,clipping,99.5,0.02,5,0.3,52,0.0281081081081081,0.74763278637635,0.34620428051391,-53.6932720417595,0.743244514820639,1.84754113923173,148.57783709007,0
HKUST,cloud,99.5,0.02,5,0.3,14332,7.74702702702703,0.74763278637635,1.50303010478278,101.038548893463,0.743244514820639,1.49819546043085,101.575044357023,0
HKUST,combined,99.5,0.02,5,0.3,14384,7.77513513513513,0.74763278637635,1.50045521828176,100.694143652289,0.743244514820639,1.49960497014871,101.764687158249,0
HKUST,clipping,99.5,0.02,5,0.4,52,0.0281081081081081,0.74763278637635,0.34620428051391,-53.6932720417595,0.743244514820639,1.84754113923173,148.57783709007,0
HKUST,cloud,99.5,0.02,5,0.4,9653,5.21783783783784,0.74763278637635,1.53424933878581,105.214293265823,0.743244514820639,1.53513835290216,106.54553411304,0
HKUST,combined,99.5,0.02,5,0.4,9705,5.24594594594595,0.74763278637635,1.53034335370086,104.691846262946,0.743244514820639,1.53698143808192,106.793512422063,0
HKUST,clipping,99.5,0.02,5,0.5,52,0.0281081081081081,0.74763278637635,0.34620428051391,-53.6932720417595,0.743244514820639,1.84754113923173,148.57783709007,0
HKUST,cloud,99.5,0.02,5,0.5,6658,3.59891891891892,0.74763278637635,1.42111772014033,90.0823166180616,0.743244514820639,1.4351262452931,93.0893826561808,0
HKUST,combined,99.5,0.02,5,0.5,6710,3.62702702702703,0.74763278637635,1.41592848211623,89.3882274718036,0.743244514820639,1.43877689294217,93.5805598631807,0
HKUST,clipping,99.5,0.02,5,0.6,52,0.0281081081081081,0.74763278637635,0.34620428051391,-53.6932720417595,0.743244514820639,1.84754113923173,148.57783709007,0
HKUST,cloud,99.5,0.02,5,0.6,4603,2.48810810810811,0.74763278637635,1.34378649932494,79.738840218344,0.743244514820639,1.38453449725915,86.2825045662488,0
HKUST,combined,99.5,0.02,5,0.6,4655,2.51621621621622,0.74763278637635,1.33676074065849,78.7991063283283,0.743244514820639,1.39055835734059,87.0929861724126,0
HKUST,clipping,99.5,0.02,5,0.7,52,0.0281081081081081,0.74763278637635,0.34620428051391,-53.6932720417595,0.743244514820639,1.84754113923173,148.57783709007,0
HKUST,cloud,99.5,0.02,5,0.7,3362,1.8172972972973,0.74763278637635,1.096819702931,46.7056719445257,0.743244514820639,1.16996296251903,57.4129292836249,0
HKUST,combined,99.5,0.02,5,0.7,3414,1.84540540540541,0.74763278637635,1.08927291228866,45.6962471600769,0.743244514820639,1.18319709984617,59.1935192595004,0
HKUST,clipping,99.9,0.005,2,0.3,32,0.0172972972972973,0.74763278637635,0.19563366594224,-73.8329204514366,0.743244514820639,2.63090583030404,253.975815205167,0
HKUST,cloud,99.9,0.005,2,0.3,14332,7.74702702702703,0.74763278637635,1.50303010478278,101.038548893463,0.743244514820639,1.49819546043085,101.575044357023,0
HKUST,combined,99.9,0.005,2,0.3,14364,7.76432432432432,0.74763278637635,1.50138334745032,100.818286036821,0.743244514820639,1.50166880117488,102.042365766704,0
HKUST,clipping,99.9,0.005,2,0.4,32,0.0172972972972973,0.74763278637635,0.19563366594224,-73.8329204514366,0.743244514820639,2.63090583030404,253.975815205167,0
HKUST,cloud,99.9,0.005,2,0.4,9653,5.21783783783784,0.74763278637635,1.53424933878581,105.214293265823,0.743244514820639,1.53513835290216,106.54553411304,0
HKUST,combined,99.9,0.005,2,0.4,9685,5.23513513513513,0.74763278637635,1.53175388009947,104.880511932018,0.743244514820639,1.54004315937349,107.205452400162,0
HKUST,clipping,99.9,0.005,2,0.5,32,0.0172972972972973,0.74763278637635,0.19563366594224,-73.8329204514366,0.743244514820639,2.63090583030404,253.975815205167,0
HKUST,cloud,99.9,0.005,2,0.5,6658,3.59891891891892,0.74763278637635,1.42111772014033,90.0823166180616,0.743244514820639,1.4351262452931,93.0893826561808,0
HKUST,combined,99.9,0.005,2,0.5,6690,3.61621621621622,0.74763278637635,1.41777942208444,89.6358008797582,0.743244514820639,1.44320612423162,94.1764917807556,0
HKUST,clipping,99.9,0.005,2,0.6,32,0.0172972972972973,0.74763278637635,0.19563366594224,-73.8329204514366,0.743244514820639,2.63090583030404,253.975815205167,0
HKUST,cloud,99.9,0.005,2,0.6,4603,2.48810810810811,0.74763278637635,1.34378649932494,79.738840218344,0.743244514820639,1.38453449725915,86.2825045662488,0
HKUST,combined,99.9,0.005,2,0.6,4635,2.50540540540541,0.74763278637635,1.33923837409691,79.1305034371175,0.743244514820639,1.39695682998944,87.9538701105056,0
HKUST,clipping,99.9,0.005,2,0.7,32,0.0172972972972973,0.74763278637635,0.19563366594224,-73.8329204514366,0.743244514820639,2.63090583030404,253.975815205167,0
HKUST,cloud,99.9,0.005,2,0.7,3362,1.8172972972973,0.74763278637635,1.096819702931,46.7056719445257,0.743244514820639,1.16996296251903,57.4129292836249,0
HKUST,combined,99.9,0.005,2,0.7,3394,1.83459459459459,0.74763278637635,1.09180209460737,46.0345392153212,0.743244514820639,1.19212745205065,60.3950555004547,0
HKUST,clipping,99.9,0.005,3,0.3,12,0.00648648648648649,0.74763278637635,NaN,NaN,0.743244514820639,NaN,NaN,0
HKUST,cloud,99.9,0.005,3,0.3,14332,7.74702702702703,0.74763278637635,1.50303010478278,101.038548893463,0.743244514820639,1.49819546043085,101.575044357023,0
HKUST,combined,99.9,0.005,3,0.3,14344,7.75351351351351,0.74763278637635,1.50240555959128,100.955012536728,0.743244514820639,1.49864941961139,101.63612239682,0
HKUST,clipping,99.9,0.005,3,0.4,12,0.00648648648648649,0.74763278637635,NaN,NaN,0.743244514820639,NaN,NaN,0
HKUST,cloud,99.9,0.005,3,0.4,9653,5.21783783783784,0.74763278637635,1.53424933878581,105.214293265823,0.743244514820639,1.53513835290216,106.54553411304,0
HKUST,combined,99.9,0.005,3,0.4,9665,5.22432432432432,0.74763278637635,1.53330283025584,105.087692540545,0.743244514820639,1.53575053008408,106.627899629328,0
HKUST,clipping,99.9,0.005,3,0.5,12,0.00648648648648649,0.74763278637635,NaN,NaN,0.743244514820639,NaN,NaN,0
HKUST,cloud,99.9,0.005,3,0.5,6658,3.59891891891892,0.74763278637635,1.42111772014033,90.0823166180616,0.743244514820639,1.4351262452931,93.0893826561808,0
HKUST,combined,99.9,0.005,3,0.5,6670,3.60540540540541,0.74763278637635,1.41984854889495,89.9125579787263,0.743244514820639,1.4362610656847,93.2420673203763,0
HKUST,clipping,99.9,0.005,3,0.6,12,0.00648648648648649,0.74763278637635,NaN,NaN,0.743244514820639,NaN,NaN,0
HKUST,cloud,99.9,0.005,3,0.6,4603,2.48810810810811,0.74763278637635,1.34378649932494,79.738840218344,0.743244514820639,1.38453449725915,86.2825045662488,0
HKUST,combined,99.9,0.005,3,0.6,4615,2.49459459459459,0.74763278637635,1.34205323468323,79.5070065329717,0.743244514820639,1.3863679814338,86.5291911058846,0
HKUST,clipping,99.9,0.005,3,0.7,12,0.00648648648648649,0.74763278637635,NaN,NaN,0.743244514820639,NaN,NaN,0
HKUST,cloud,99.9,0.005,3,0.7,3362,1.8172972972973,0.74763278637635,1.096819702931,46.7056719445257,0.743244514820639,1.16996296251903,57.4129292836249,0
HKUST,combined,99.9,0.005,3,0.7,3374,1.82378378378378,0.74763278637635,1.09489253518509,46.4479026517615,0.743244514820639,1.17375970054835,57.9237622536108,0
HKUST,clipping,99.9,0.005,5,0.3,6,0.00324324324324324,0.74763278637635,NaN,NaN,0.743244514820639,NaN,NaN,0
HKUST,cloud,99.9,0.005,5,0.3,14332,7.74702702702703,0.74763278637635,1.50303010478278,101.038548893463,0.743244514820639,1.49819546043085,101.575044357023,0
HKUST,combined,99.9,0.005,5,0.3,14338,7.75027027027027,0.74763278637635,1.50271571111741,100.99649701036,0.743244514820639,1.4985919564265,101.628390999716,0
HKUST,clipping,99.9,0.005,5,0.4,6,0.00324324324324324,0.74763278637635,NaN,NaN,0.743244514820639,NaN,NaN,0
HKUST,cloud,99.9,0.005,5,0.4,9653,5.21783783783784,0.74763278637635,1.53424933878581,105.214293265823,0.743244514820639,1.53513835290216,106.54553411304,0
HKUST,combined,99.9,0.005,5,0.4,9659,5.22108108108108,0.74763278637635,1.53377292161864,105.15056984761,0.743244514820639,1.53569005992404,106.619763658078,0
HKUST,clipping,99.9,0.005,5,0.5,6,0.00324324324324324,0.74763278637635,NaN,NaN,0.743244514820639,NaN,NaN,0
HKUST,cloud,99.9,0.005,5,0.5,6658,3.59891891891892,0.74763278637635,1.42111772014033,90.0823166180616,0.743244514820639,1.4351262452931,93.0893826561808,0
HKUST,combined,99.9,0.005,5,0.5,6664,3.60216216216216,0.74763278637635,1.42047810068083,89.9967639950147,0.743244514820639,1.43607465806385,93.2169870652066,0
HKUST,clipping,99.9,0.005,5,0.6,6,0.00324324324324324,0.74763278637635,NaN,NaN,0.743244514820639,NaN,NaN,0
HKUST,cloud,99.9,0.005,5,0.6,4603,2.48810810810811,0.74763278637635,1.34378649932494,79.738840218344,0.743244514820639,1.38453449725915,86.2825045662488,0
HKUST,combined,99.9,0.005,5,0.6,4609,2.49135135135135,0.74763278637635,1.34291197684943,79.6218680240461,0.743244514820639,1.3860226167547,86.4827239376499,0
HKUST,clipping,99.9,0.005,5,0.7,6,0.00324324324324324,0.74763278637635,NaN,NaN,0.743244514820639,NaN,NaN,0
HKUST,cloud,99.9,0.005,5,0.7,3362,1.8172972972973,0.74763278637635,1.096819702931,46.7056719445257,0.743244514820639,1.16996296251903,57.4129292836249,0
HKUST,combined,99.9,0.005,5,0.7,3368,1.82054054054054,0.74763278637635,1.09584301733692,46.5750348708334,0.743244514820639,1.17278808090334,57.7930354704821,0
HKUST,clipping,99.9,0.01,2,0.3,44,0.0237837837837838,0.74763278637635,0.172718372976463,-76.8979670068244,0.743244514820639,3.13906556954679,322.346281331698,0
HKUST,cloud,99.9,0.01,2,0.3,14332,7.74702702702703,0.74763278637635,1.50303010478278,101.038548893463,0.743244514820639,1.49819546043085,101.575044357023,0
HKUST,combined,99.9,0.01,2,0.3,14376,7.77081081081081,0.74763278637635,1.50075863228719,100.734726945446,0.743244514820639,1.50594774538051,102.61807727487,0
HKUST,clipping,99.9,0.01,2,0.4,44,0.0237837837837838,0.74763278637635,0.172718372976463,-76.8979670068244,0.743244514820639,3.13906556954679,322.346281331698,0
HKUST,cloud,99.9,0.01,2,0.4,9653,5.21783783783784,0.74763278637635,1.53424933878581,105.214293265823,0.743244514820639,1.53513835290216,106.54553411304,0
HKUST,combined,99.9,0.01,2,0.4,9697,5.24162162162162,0.74763278637635,1.53080877671891,104.754099153207,0.743244514820639,1.54617840815561,108.030920824048,0
HKUST,clipping,99.9,0.01,2,0.5,44,0.0237837837837838,0.74763278637635,0.172718372976463,-76.8979670068244,0.743244514820639,3.13906556954679,322.346281331698,0
HKUST,cloud,99.9,0.01,2,0.5,6658,3.59891891891892,0.74763278637635,1.42111772014033,90.0823166180616,0.743244514820639,1.4351262452931,93.0893826561808,0
HKUST,combined,99.9,0.01,2,0.5,6702,3.6227027027027,0.74763278637635,1.41651420706124,89.4665714069126,0.743244514820639,1.45284462250502,95.4733056934322,0
HKUST,clipping,99.9,0.01,2,0.6,44,0.0237837837837838,0.74763278637635,0.172718372976463,-76.8979670068244,0.743244514820639,3.13906556954679,322.346281331698,0
HKUST,cloud,99.9,0.01,2,0.6,4603,2.48810810810811,0.74763278637635,1.34378649932494,79.738840218344,0.743244514820639,1.38453449725915,86.2825045662488,0
HKUST,combined,99.9,0.01,2,0.6,4647,2.51189189189189,0.74763278637635,1.33751516003145,78.900014071636,0.743244514820639,1.41141245963767,89.8988060447749,0
HKUST,clipping,99.9,0.01,2,0.7,44,0.0237837837837838,0.74763278637635,0.172718372976463,-76.8979670068244,0.743244514820639,3.13906556954679,322.346281331698,0
HKUST,cloud,99.9,0.01,2,0.7,3362,1.8172972972973,0.74763278637635,1.096819702931,46.7056719445257,0.743244514820639,1.16996296251903,57.4129292836249,0
HKUST,combined,99.9,0.01,2,0.7,3406,1.84108108108108,0.74763278637635,1.08988891769145,45.7786412730715,0.743244514820639,1.21590490581422,63.594198351755,0
HKUST,clipping,99.9,0.01,3,0.3,17,0.00918918918918919,0.74763278637635,NaN,NaN,0.743244514820639,NaN,NaN,0
HKUST,cloud,99.9,0.01,3,0.3,14332,7.74702702702703,0.74763278637635,1.50303010478278,101.038548893463,0.743244514820639,1.49819546043085,101.575044357023,0
HKUST,combined,99.9,0.01,3,0.3,14349,7.75621621621622,0.74763278637635,1.50214484529503,100.920140564685,0.743244514820639,1.49957964172144,101.76127933932,0
HKUST,clipping,99.9,0.01,3,0.4,17,0.00918918918918919,0.74763278637635,NaN,NaN,0.743244514820639,NaN,NaN,0
HKUST,cloud,99.9,0.01,3,0.4,9653,5.21783783783784,0.74763278637635,1.53424933878581,105.214293265823,0.743244514820639,1.53513835290216,106.54553411304,0
HKUST,combined,99.9,0.01,3,0.4,9670,5.22702702702703,0.74763278637635,1.53290792755937,105.034872131426,0.743244514820639,1.53707840231384,106.806558496402,0
HKUST,clipping,99.9,0.01,3,0.5,17,0.00918918918918919,0.74763278637635,NaN,NaN,0.743244514820639,NaN,NaN,0
HKUST,cloud,99.9,0.01,3,0.5,6658,3.59891891891892,0.74763278637635,1.42111772014033,90.0823166180616,0.743244514820639,1.4351262452931,93.0893826561808,0
HKUST,combined,99.9,0.01,3,0.5,6675,3.60810810810811,0.74763278637635,1.41931910488731,89.8417419287502,0.743244514820639,1.43839440216686,93.5290975560002,0
HKUST,clipping,99.9,0.01,3,0.6,17,0.00918918918918919,0.74763278637635,NaN,NaN,0.743244514820639,NaN,NaN,0
HKUST,cloud,99.9,0.01,3,0.6,4603,2.48810810810811,0.74763278637635,1.34378649932494,79.738840218344,0.743244514820639,1.38453449725915,86.2825045662488,0
HKUST,combined,99.9,0.01,3,0.6,4620,2.4972972972973,0.74763278637635,1.34133054007911,79.410342152103,0.743244514820639,1.38961470055957,86.9660216590925,0
HKUST,clipping,99.9,0.01,3,0.7,17,0.00918918918918919,0.74763278637635,NaN,NaN,0.743244514820639,NaN,NaN,0
HKUST,cloud,99.9,0.01,3,0.7,3362,1.8172972972973,0.74763278637635,1.096819702931,46.7056719445257,0.743244514820639,1.16996296251903,57.4129292836249,0
HKUST,combined,99.9,0.01,3,0.7,3379,1.82648648648649,0.74763278637635,1.0940884016389,46.3403453641681,0.743244514820639,1.17933889235306,58.6744158667171,0
HKUST,clipping,99.9,0.01,5,0.3,7,0.00378378378378378,0.74763278637635,NaN,NaN,0.743244514820639,NaN,NaN,0
HKUST,cloud,99.9,0.01,5,0.3,14332,7.74702702702703,0.74763278637635,1.50303010478278,101.038548893463,0.743244514820639,1.49819546043085,101.575044357023,0
HKUST,combined,99.9,0.01,5,0.3,14339,7.75081081081081,0.74763278637635,1.5026640458448,100.989586495793,0.743244514820639,1.49889618406787,101.66932337598,0
HKUST,clipping,99.9,0.01,5,0.4,7,0.00378378378378378,0.74763278637635,NaN,NaN,0.743244514820639,NaN,NaN,0
HKUST,cloud,99.9,0.01,5,0.4,9653,5.21783783783784,0.74763278637635,1.53424933878581,105.214293265823,0.743244514820639,1.53513835290216,106.54553411304,0
HKUST,combined,99.9,0.01,5,0.4,9660,5.22162162162162,0.74763278637635,1.53369460101826,105.140094036247,0.743244514820639,1.53612692536562,106.678541816932,0
HKUST,clipping,99.9,0.01,5,0.5,7,0.00378378378378378,0.74763278637635,NaN,NaN,0.743244514820639,NaN,NaN,0
HKUST,cloud,99.9,0.01,5,0.5,6658,3.59891891891892,0.74763278637635,1.42111772014033,90.0823166180616,0.743244514820639,1.4351262452931,93.0893826561808,0
HKUST,combined,99.9,0.01,5,0.5,6665,3.6027027027027,0.74763278637635,1.4203732076156,89.9827339702302,0.743244514820639,1.43676714934569,93.3101584600883,0
HKUST,clipping,99.9,0.01,5,0.6,7,0.00378378378378378,0.74763278637635,NaN,NaN,0.743244514820639,NaN,NaN,0
HKUST,cloud,99.9,0.01,5,0.6,4603,2.48810810810811,0.74763278637635,1.34378649932494,79.738840218344,0.743244514820639,1.38453449725915,86.2825045662488,0
HKUST,combined,99.9,0.01,5,0.6,4610,2.49189189189189,0.74763278637635,1.34276887611524,79.6027275132503,0.743244514820639,1.3870708616718,86.6237602852043,0
HKUST,clipping,99.9,0.01,5,0.7,7,0.00378378378378378,0.74763278637635,NaN,NaN,0.743244514820639,NaN,NaN,0
HKUST,cloud,99.9,0.01,5,0.7,3362,1.8172972972973,0.74763278637635,1.096819702931,46.7056719445257,0.743244514820639,1.16996296251903,57.4129292836249,0
HKUST,combined,99.9,0.01,5,0.7,3369,1.82108108108108,0.74763278637635,1.09568466067147,46.5538537952659,0.743244514820639,1.17455161382455,58.0303104030294,0
HKUST,clipping,99.9,0.02,2,0.3,69,0.0372972972972973,0.74763278637635,0.185765747767123,-75.1528088184176,0.743244514820639,2.78162476756226,274.254328433696,0
HKUST,cloud,99.9,0.02,2,0.3,14332,7.74702702702703,0.74763278637635,1.50303010478278,101.038548893463,0.743244514820639,1.49819546043085,101.575044357023,0
HKUST,combined,99.9,0.02,2,0.3,14401,7.78432432432432,0.74763278637635,1.49948015643155,100.563723763276,0.743244514820639,1.50695311821473,102.753345388413,0
HKUST,clipping,99.9,0.02,2,0.4,69,0.0372972972972973,0.74763278637635,0.185765747767123,-75.1528088184176,0.743244514820639,2.78162476756226,274.254328433696,0
HKUST,cloud,99.9,0.02,2,0.4,9653,5.21783783783784,0.74763278637635,1.53424933878581,105.214293265823,0.743244514820639,1.53513835290216,106.54553411304,0
HKUST,combined,99.9,0.02,2,0.4,9722,5.25513513513514,0.74763278637635,1.52887522647736,104.495476166522,0.743244514820639,1.54752668685286,108.212325283869,0
HKUST,clipping,99.9,0.02,2,0.5,69,0.0372972972972973,0.74763278637635,0.185765747767123,-75.1528088184176,0.743244514820639,2.78162476756226,274.254328433696,0
HKUST,cloud,99.9,0.02,2,0.5,6658,3.59891891891892,0.74763278637635,1.42111772014033,90.0823166180616,0.743244514820639,1.4351262452931,93.0893826561808,0
HKUST,combined,99.9,0.02,2,0.5,6727,3.63621621621622,0.74763278637635,1.41393578466332,89.1216932200671,0.743244514820639,1.45527523758529,95.800333344738,0
HKUST,clipping,99.9,0.02,2,0.6,69,0.0372972972972973,0.74763278637635,0.185765747767123,-75.1528088184176,0.743244514820639,2.78162476756226,274.254328433696,0
HKUST,cloud,99.9,0.02,2,0.6,4603,2.48810810810811,0.74763278637635,1.34378649932494,79.738840218344,0.743244514820639,1.38453449725915,86.2825045662488,0
HKUST,combined,99.9,0.02,2,0.6,4672,2.52540540540541,0.74763278637635,1.33401754403422,78.4321886818233,0.743244514820639,1.41523771511178,90.4134759007679,0
HKUST,clipping,99.9,0.02,2,0.7,69,0.0372972972972973,0.74763278637635,0.185765747767123,-75.1528088184176,0.743244514820639,2.78162476756226,274.254328433696,0
HKUST,cloud,99.9,0.02,2,0.7,3362,1.8172972972973,0.74763278637635,1.096819702931,46.7056719445257,0.743244514820639,1.16996296251903,57.4129292836249,0
HKUST,combined,99.9,0.02,2,0.7,3431,1.85459459459459,0.74763278637635,1.08605430444362,45.2657406462264,0.743244514820639,1.22347503040865,64.612722463737,0
HKUST,clipping,99.9,0.02,3,0.3,34,0.0183783783783784,0.74763278637635,0.112945327742336,-84.8929407858419,0.743244514820639,2.0395349895984,174.409692763167,0
HKUST,cloud,99.9,0.02,3,0.3,14332,7.74702702702703,0.74763278637635,1.50303010478278,101.038548893463,0.743244514820639,1.49819546043085,101.575044357023,0
HKUST,combined,99.9,0.02,3,0.3,14366,7.76540540540541,0.74763278637635,1.5012604964398,100.801854038018,0.743244514820639,1.49970734970589,101.77846183874,0
HKUST,clipping,99.9,0.02,3,0.4,34,0.0183783783783784,0.74763278637635,0.112945327742336,-84.8929407858419,0.743244514820639,2.0395349895984,174.409692763167,0
HKUST,cloud,99.9,0.02,3,0.4,9653,5.21783783783784,0.74763278637635,1.53424933878581,105.214293265823,0.743244514820639,1.53513835290216,106.54553411304,0
HKUST,combined,99.9,0.02,3,0.4,9687,5.23621621621622,0.74763278637635,1.53156909007433,104.855795249107,0.743244514820639,1.53719817340603,106.822673124872,0
HKUST,clipping,99.9,0.02,3,0.5,34,0.0183783783783784,0.74763278637635,0.112945327742336,-84.8929407858419,0.743244514820639,2.0395349895984,174.409692763167,0
HKUST,cloud,99.9,0.02,3,0.5,6658,3.59891891891892,0.74763278637635,1.42111772014033,90.0823166180616,0.743244514820639,1.4351262452931,93.0893826561808,0
HKUST,combined,99.9,0.02,3,0.5,6692,3.6172972972973,0.74763278637635,1.41752585263445,89.6018845702261,0.743244514820639,1.43883890116171,93.58890277299,0
HKUST,clipping,99.9,0.02,3,0.6,34,0.0183783783783784,0.74763278637635,0.112945327742336,-84.8929407858419,0.743244514820639,2.0395349895984,174.409692763167,0
HKUST,cloud,99.9,0.02,3,0.6,4603,2.48810810810811,0.74763278637635,1.34378649932494,79.738840218344,0.743244514820639,1.38453449725915,86.2825045662488,0
HKUST,combined,99.9,0.02,3,0.6,4637,2.50648648648649,0.74763278637635,1.33888582529689,79.0833480947571,0.743244514820639,1.39046052674971,87.0798235336128,0
HKUST,clipping,99.9,0.02,3,0.7,34,0.0183783783783784,0.74763278637635,0.112945327742336,-84.8929407858419,0.743244514820639,2.0395349895984,174.409692763167,0
HKUST,cloud,99.9,0.02,3,0.7,3362,1.8172972972973,0.74763278637635,1.096819702931,46.7056719445257,0.743244514820639,1.16996296251903,57.4129292836249,0
HKUST,combined,99.9,0.02,3,0.7,3396,1.83567567567568,0.74763278637635,1.09137384661993,45.9772586900095,0.743244514820639,1.18184394178635,59.0114583047489,0
HKUST,clipping,99.9,0.02,5,0.3,16,0.00864864864864865,0.74763278637635,NaN,NaN,0.743244514820639,NaN,NaN,0
HKUST,cloud,99.9,0.02,5,0.3,14332,7.74702702702703,0.74763278637635,1.50303010478278,101.038548893463,0.743244514820639,1.49819546043085,101.575044357023,0
HKUST,combined,99.9,0.02,5,0.3,14348,7.75567567567568,0.74763278637635,1.5021963453028,100.92702897417,0.743244514820639,1.49930450583191,101.724261119333,0
HKUST,clipping,99.9,0.02,5,0.4,16,0.00864864864864865,0.74763278637635,NaN,NaN,0.743244514820639,NaN,NaN,0
HKUST,cloud,99.9,0.02,5,0.4,9653,5.21783783783784,0.74763278637635,1.53424933878581,105.214293265823,0.743244514820639,1.53513835290216,106.54553411304,0
HKUST,combined,99.9,0.02,5,0.4,9669,5.22648648648649,0.74763278637635,1.532985964657,105.045310022735,0.743244514820639,1.53668390058501,106.753480172786,0
HKUST,clipping,99.9,0.02,5,0.5,16,0.00864864864864865,0.74763278637635,NaN,NaN,0.743244514820639,NaN,NaN,0
HKUST,cloud,99.9,0.02,5,0.5,6658,3.59891891891892,0.74763278637635,1.42111772014033,90.0823166180616,0.743244514820639,1.4351262452931,93.0893826561808,0
HKUST,combined,99.9,0.02,5,0.5,6674,3.60756756756757,0.74763278637635,1.41942350824012,89.8557064518027,0.743244514820639,1.43776830236805,93.4448588180986,0
HKUST,clipping,99.9,0.02,5,0.6,16,0.00864864864864865,0.74763278637635,NaN,NaN,0.743244514820639,NaN,NaN,0
HKUST,cloud,99.9,0.02,5,0.6,4603,2.48810810810811,0.74763278637635,1.34378649932494,79.738840218344,0.743244514820639,1.38453449725915,86.2825045662488,0
HKUST,combined,99.9,0.02,5,0.6,4619,2.49675675675676,0.74763278637635,1.34147278679584,79.4293684333628,0.743244514820639,1.38866742688094,86.8385705094715,0
HKUST,clipping,99.9,0.02,5,0.7,16,0.00864864864864865,0.74763278637635,NaN,NaN,0.743244514820639,NaN,NaN,0
HKUST,cloud,99.9,0.02,5,0.7,3362,1.8172972972973,0.74763278637635,1.096819702931,46.7056719445257,0.743244514820639,1.16996296251903,57.4129292836249,0
HKUST,combined,99.9,0.02,5,0.7,3378,1.82594594594595,0.74763278637635,1.09424540033375,46.3613448036934,0.743244514820639,1.17774430794437,58.4598721496906,0
Ausgrid,clipping,99,0.005,2,0.3,5327,0.355133333333333,0.488447147713377,0.693264685498937,41.9323848535908,0.458386962425159,1.47142713689832,221.001088057464,0
Ausgrid,cloud,99,0.005,2,0.3,275896,18.3930666666667,0.488447147713377,0.752931863703058,54.1480725658536,0.458386962425159,0.597071960883392,30.2550050124683,0
Ausgrid,combined,99,0.005,2,0.3,281073,18.7382,0.488447147713377,0.750410803101801,53.6319347169462,0.458386962425159,0.625044161773105,36.3573166361938,0
Ausgrid,clipping,99,0.005,2,0.4,5327,0.355133333333333,0.488447147713377,0.693264685498937,41.9323848535908,0.458386962425159,1.47142713689832,221.001088057464,0
Ausgrid,cloud,99,0.005,2,0.4,185456,12.3637333333333,0.488447147713377,0.882353088729453,80.64453705178,0.458386962425159,0.700983556062554,52.9239733071605,0
Ausgrid,combined,99,0.005,2,0.4,190728,12.7152,0.488447147713377,0.876584317307587,79.4634939340399,0.458386962425159,0.73355620997804,60.0299027042698,0
Ausgrid,clipping,99,0.005,2,0.5,5327,0.355133333333333,0.488447147713377,0.693264685498937,41.9323848535908,0.458386962425159,1.47142713689832,221.001088057464,0
Ausgrid,cloud,99,0.005,2,0.5,118934,7.92893333333333,0.488447147713377,1.03650904374418,112.204953718433,0.458386962425159,0.826526326685345,80.3119186271123,0
Ausgrid,combined,99,0.005,2,0.5,124250,8.28333333333333,0.488447147713377,1.02357197750957,109.556342441825,0.458386962425159,0.864074689322894,88.5033301888406,0
Ausgrid,clipping,99,0.005,2,0.6,5327,0.355133333333333,0.488447147713377,0.693264685498937,41.9323848535908,0.458386962425159,1.47142713689832,221.001088057464,0
Ausgrid,cloud,99,0.005,2,0.6,72192,4.8128,0.488447147713377,1.21087101335436,147.902156665865,0.458386962425159,0.970545629799723,111.730635763486,0
Ausgrid,combined,99,0.005,2,0.6,77515,5.16766666666667,0.488447147713377,1.18230596747853,142.054022223979,0.458386962425159,1.01292392691069,120.975727920287,0
Ausgrid,clipping,99,0.005,2,0.7,5327,0.355133333333333,0.488447147713377,0.693264685498937,41.9323848535908,0.458386962425159,1.47142713689832,221.001088057464,0
Ausgrid,cloud,99,0.005,2,0.7,38842,2.58946666666667,0.488447147713377,1.42735947432523,192.223934771098,0.458386962425159,1.14910244607496,150.68392870414,0
Ausgrid,combined,99,0.005,2,0.7,44168,2.94453333333333,0.488447147713377,1.35988190395365,178.409222025315,0.458386962425159,1.19259943911034,160.173071415629,0
Ausgrid,clipping,99,0.005,3,0.3,2867,0.191133333333333,0.488447147713377,0.636682874486825,30.3483657274695,0.458386962425159,1.24508824821452,171.623835378566,0
Ausgrid,cloud,99,0.005,3,0.3,275896,18.3930666666667,0.488447147713377,0.752931863703058,54.1480725658536,0.458386962425159,0.597071960883392,30.2550050124683,0
Ausgrid,combined,99,0.005,3,0.3,278694,18.5796,0.488447147713377,0.751134562915799,53.7801103829085,0.458386962425159,0.60722455998073,32.4698583851786,0
Ausgrid,clipping,99,0.005,3,0.4,2867,0.191133333333333,0.488447147713377,0.636682874486825,30.3483657274695,0.458386962425159,1.24508824821452,171.623835378566,0
Ausgrid,cloud,99,0.005,3,0.4,185456,12.3637333333333,0.488447147713377,0.882353088729453,80.64453705178,0.458386962425159,0.700983556062554,52.9239733071605,0
Ausgrid,combined,99,0.005,3,0.4,188299,12.5532666666667,0.488447147713377,0.878612042379901,79.8786309825019,0.458386962425159,0.712353259707683,55.40434569493,0
Ausgrid,clipping,99,0.005,3,0.5,2867,0.191133333333333,0.488447147713377,0.636682874486825,30.3483657274695,0.458386962425159,1.24508824821452,171.623835378566,0
Ausgrid,cloud,99,0.005,3,0.5,118934,7.92893333333333,0.488447147713377,1.03650904374418,112.204953718433,0.458386962425159,0.826526326685345,80.3119186271123,0
Ausgrid,combined,99,0.005,3,0.5,121795,8.11966666666667,0.488447147713377,1.02853476731546,110.572376587816,0.458386962425159,0.838740104977302,82.9764312099613,0
Ausgrid,clipping,99,0.005,3,0.6,2867,0.191133333333333,0.488447147713377,0.636682874486825,30.3483657274695,0.458386962425159,1.24508824821452,171.623835378566,0
Ausgrid,cloud,99,0.005,3,0.6,72192,4.8128,0.488447147713377,1.21087101335436,147.902156665865,0.458386962425159,0.970545629799723,111.730635763486,0
Ausgrid,combined,99,0.005,3,0.6,75056,5.00373333333333,0.488447147713377,1.19381876455021,144.411042246633,0.458386962425159,0.982436306856424,114.324661778928,0
Ausgrid,clipping,99,0.005,3,0.7,2867,0.191133333333333,0.488447147713377,0.636682874486825,30.3483657274695,0.458386962425159,1.24508824821452,171.623835378566,0
Ausgrid,cloud,99,0.005,3,0.7,38842,2.58946666666667,0.488447147713377,1.42735947432523,192.223934771098,0.458386962425159,1.14910244607496,150.68392870414,0
Ausgrid,combined,99,0.005,3,0.7,41708,2.78053333333333,0.488447147713377,1.38738309054666,184.03955208697,0.458386962425159,1.15594845398696,152.17742840487,0
Ausgrid,clipping,99,0.005,5,0.3,1204,0.0802666666666667,0.488447147713377,0.602286002304079,23.3062789134155,0.458386962425159,0.961300593995568,109.713773033525,0
Ausgrid,cloud,99,0.005,5,0.3,275896,18.3930666666667,0.488447147713377,0.752931863703058,54.1480725658536,0.458386962425159,0.597071960883392,30.2550050124683,0
Ausgrid,combined,99,0.005,5,0.3,277081,18.4720666666667,0.488447147713377,0.75212572069846,53.9830305529415,0.458386962425159,0.599079125996822,30.6928807109415,0
Ausgrid,clipping,99,0.005,5,0.4,1204,0.0802666666666667,0.488447147713377,0.602286002304079,23.3062789134155,0.458386962425159,0.961300593995568,109.713773033525,0
Ausgrid,cloud,99,0.005,5,0.4,185456,12.3637333333333,0.488447147713377,0.882353088729453,80.64453705178,0.458386962425159,0.700983556062554,52.9239733071605,0
Ausgrid,combined,99,0.005,5,0.4,186652,12.4434666666667,0.488447147713377,0.880681836012218,80.3023807458092,0.458386962425159,0.702927352713198,53.348024776766,0
Ausgrid,clipping,99,0.005,5,0.5,1204,0.0802666666666667,0.488447147713377,0.602286002304079,23.3062789134155,0.458386962425159,0.961300593995568,109.713773033525,0
Ausgrid,cloud,99,0.005,5,0.5,118934,7.92893333333333,0.488447147713377,1.03650904374418,112.204953718433,0.458386962425159,0.826526326685345,80.3119186271123,0
Ausgrid,combined,99,0.005,5,0.5,120137,8.00913333333333,0.488447147713377,1.03301096655597,111.488790832728,0.458386962425159,0.827944587527277,80.6213211534034,0
Ausgrid,clipping,99,0.005,5,0.6,1204,0.0802666666666667,0.488447147713377,0.602286002304079,23.3062789134155,0.458386962425159,0.961300593995568,109.713773033525,0
Ausgrid,cloud,99,0.005,5,0.6,72192,4.8128,0.488447147713377,1.21087101335436,147.902156665865,0.458386962425159,0.970545629799723,111.730635763486,0
Ausgrid,combined,99,0.005,5,0.6,73396,4.89306666666667,0.488447147713377,1.20337328767801,146.36714398098,0.458386962425159,0.97039468329352,111.697705833411,0
Ausgrid,clipping,99,0.005,5,0.7,1204,0.0802666666666667,0.488447147713377,0.602286002304079,23.3062789134155,0.458386962425159,0.961300593995568,109.713773033525,0
Ausgrid,cloud,99,0.005,5,0.7,38842,2.58946666666667,0.488447147713377,1.42735947432523,192.223934771098,0.458386962425159,1.14910244607496,150.68392870414,0
Ausgrid,combined,99,0.005,5,0.7,40046,2.66973333333333,0.488447147713377,1.40961246766431,188.5905822694,0.458386962425159,1.14390575367717,149.550237560244,0
Ausgrid,clipping,99,0.01,2,0.3,5497,0.366466666666667,0.488447147713377,0.689533489370484,41.1684954244232,0.458386962425159,1.4633455813734,219.238045870975,0
Ausgrid,cloud,99,0.01,2,0.3,275896,18.3930666666667,0.488447147713377,0.752931863703058,54.1480725658536,0.458386962425159,0.597071960883392,30.2550050124683,0
Ausgrid,combined,99,0.01,2,0.3,281240,18.7493333333333,0.488447147713377,0.750303269022345,53.6099192174272,0.458386962425159,0.625534216397746,36.4642251359575,0
Ausgrid,clipping,99,0.01,2,0.4,5497,0.366466666666667,0.488447147713377,0.689533489370484,41.1684954244232,0.458386962425159,1.4633455813734,219.238045870975,0
Ausgrid,cloud,99,0.01,2,0.4,185456,12.3637333333333,0.488447147713377,0.882353088729453,80.64453705178,0.458386962425159,0.700983556062554,52.9239733071605,0
Ausgrid,combined,99,0.01,2,0.4,190897,12.7264666666667,0.488447147713377,0.876352680768369,79.4160708831935,0.458386962425159,0.734080003186603,60.1441714883974,0
Ausgrid,clipping,99,0.01,2,0.5,5497,0.366466666666667,0.488447147713377,0.689533489370484,41.1684954244232,0.458386962425159,1.4633455813734,219.238045870975,0
Ausgrid,cloud,99,0.01,2,0.5,118934,7.92893333333333,0.488447147713377,1.03650904374418,112.204953718433,0.458386962425159,0.826526326685345,80.3119186271123,0
Ausgrid,combined,99,0.01,2,0.5,124420,8.29466666666667,0.488447147713377,1.02308201658849,109.456032526336,0.458386962425159,0.864589683257781,88.6156793560513,0
Ausgrid,clipping,99,0.01,2,0.6,5497,0.366466666666667,0.488447147713377,0.689533489370484,41.1684954244232,0.458386962425159,1.4633455813734,219.238045870975,0
Ausgrid,cloud,99,0.01,2,0.6,72192,4.8128,0.488447147713377,1.21087101335436,147.902156665865,0.458386962425159,0.970545629799723,111.730635763486,0
Ausgrid,combined,99,0.01,2,0.6,77685,5.179,0.488447147713377,1.18130229588754,141.848540096447,0.458386962425159,1.01332586554047,121.063413361351,0
Ausgrid,clipping,99,0.01,2,0.7,5497,0.366466666666667,0.488447147713377,0.689533489370484,41.1684954244232,0.458386962425159,1.4633455813734,219.238045870975,0
Ausgrid,cloud,99,0.01,2,0.7,38842,2.58946666666667,0.488447147713377,1.42735947432523,192.223934771098,0.458386962425159,1.14910244607496,150.68392870414,0
Ausgrid,combined,99,0.01,2,0.7,44338,2.95586666666667,0.488447147713377,1.35771551445676,177.965696148046,0.458386962425159,1.19256068372052,160.164616683493,0
Ausgrid,clipping,99,0.01,3,0.3,2961,0.1974,0.488447147713377,0.634845142759537,29.9721261003385,0.458386962425159,1.23988397096904,170.488489552422,0
Ausgrid,cloud,99,0.01,3,0.3,275896,18.3930666666667,0.488447147713377,0.752931863703058,54.1480725658536,0.458386962425159,0.597071960883392,30.2550050124683,0
Ausgrid,combined,99,0.01,3,0.3,278787,18.5858,0.488447147713377,0.751081359192621,53.7692179611947,0.458386962425159,0.60744053691595,32.5169751125125,0
Ausgrid,clipping,99,0.01,3,0.4,2961,0.1974,0.488447147713377,0.634845142759537,29.9721261003385,0.458386962425159,1.23988397096904,170.488489552422,0
Ausgrid,cloud,99,0.01,3,0.4,185456,12.3637333333333,0.488447147713377,0.882353088729453,80.64453705178,0.458386962425159,0.700983556062554,52.9239733071605,0
Ausgrid,combined,99,0.01,3,0.4,188392,12.5594666666667,0.488447147713377,0.878486362597157,79.8529005051447,0.458386962425159,0.712577645634847,55.4532968967653,0
Ausgrid,clipping,99,0.01,3,0.5,2961,0.1974,0.488447147713377,0.634845142759537,29.9721261003385,0.458386962425159,1.23988397096904,170.488489552422,0
Ausgrid,cloud,99,0.01,3,0.5,118934,7.92893333333333,0.488447147713377,1.03650904374418,112.204953718433,0.458386962425159,0.826526326685345,80.3119186271123,0
Ausgrid,combined,99,0.01,3,0.5,121889,8.12593333333333,0.488447147713377,1.0282625074672,110.516636708991,0.458386962425159,0.838942081262209,83.0204936073379,0
Ausgrid,clipping,99,0.01,3,0.6,2961,0.1974,0.488447147713377,0.634845142759537,29.9721261003385,0.458386962425159,1.23988397096904,170.488489552422,0
Ausgrid,cloud,99,0.01,3,0.6,72192,4.8128,0.488447147713377,1.21087101335436,147.902156665865,0.458386962425159,0.970545629799723,111.730635763486,0
Ausgrid,combined,99,0.01,3,0.6,75150,5.01,0.488447147713377,1.19324579482446,144.293737901949,0.458386962425159,0.982549417484011,114.349337574022,0
Ausgrid,clipping,99,0.01,3,0.7,2961,0.1974,0.488447147713377,0.634845142759537,29.9721261003385,0.458386962425159,1.23988397096904,170.488489552422,0
Ausgrid,cloud,99,0.01,3,0.7,38842,2.58946666666667,0.488447147713377,1.42735947432523,192.223934771098,0.458386962425159,1.14910244607496,150.68392870414,0
Ausgrid,combined,99,0.01,3,0.7,41802,2.7868,0.488447147713377,1.38609144762249,183.775113461375,0.458386962425159,1.15576037885722,152.136398631958,0
Ausgrid,clipping,99,0.01,5,0.3,1250,0.0833333333333333,0.488447147713377,0.5967525798855,22.1734189009284,0.458386962425159,0.955918493771934,108.539634005844,0
Ausgrid,cloud,99,0.01,5,0.3,275896,18.3930666666667,0.488447147713377,0.752931863703058,54.1480725658536,0.458386962425159,0.597071960883392,30.2550050124683,0
Ausgrid,combined,99,0.01,5,0.3,277127,18.4751333333333,0.488447147713377,0.752083430560885,53.974372474422,0.458386962425159,0.599118580573169,30.7014879750178,0
Ausgrid,clipping,99,0.01,5,0.4,1250,0.0833333333333333,0.488447147713377,0.5967525798855,22.1734189009284,0.458386962425159,0.955918493771934,108.539634005844,0
Ausgrid,cloud,99,0.01,5,0.4,185456,12.3637333333333,0.488447147713377,0.882353088729453,80.64453705178,0.458386962425159,0.700983556062554,52.9239733071605,0
Ausgrid,combined,99,0.01,5,0.4,186698,12.4465333333333,0.488447147713377,0.880598860373306,80.2853931066551,0.458386962425159,0.702953569666672,53.353744170122,0
Ausgrid,clipping,99,0.01,5,0.5,1250,0.0833333333333333,0.488447147713377,0.5967525798855,22.1734189009284,0.458386962425159,0.955918493771934,108.539634005844,0
Ausgrid,cloud,99,0.01,5,0.5,118934,7.92893333333333,0.488447147713377,1.03650904374418,112.204953718433,0.458386962425159,0.826526326685345,80.3119186271123,0
Ausgrid,combined,99,0.01,5,0.5,120183,8.0122,0.488447147713377,1.03284706279501,111.45523474345,0.458386962425159,0.827934927499114,80.6192137574792,0
Ausgrid,clipping,99,0.01,5,0.6,1250,0.0833333333333333,0.488447147713377,0.5967525798855,22.1734189009284,0.458386962425159,0.955918493771934,108.539634005844,0
Ausgrid,cloud,99,0.01,5,0.6,72192,4.8128,0.488447147713377,1.21087101335436,147.902156665865,0.458386962425159,0.970545629799723,111.730635763486,0
Ausgrid,combined,99,0.01,5,0.6,73442,4.89613333333333,0.488447147713377,1.20304386255243,146.299700629716,0.458386962425159,0.97029851709092,111.676726571241,0
Ausgrid,clipping,99,0.01,5,0.7,1250,0.0833333333333333,0.488447147713377,0.5967525798855,22.1734189009284,0.458386962425159,0.955918493771934,108.539634005844,0
Ausgrid,cloud,99,0.01,5,0.7,38842,2.58946666666667,0.488447147713377,1.42735947432523,192.223934771098,0.458386962425159,1.14910244607496,150.68392870414,0
Ausgrid,combined,99,0.01,5,0.7,40092,2.6728,0.488447147713377,1.40887786421555,188.44018658131,0.458386962425159,1.14357229095809,149.477490569946,0
Ausgrid,clipping,99,0.02,2,0.3,5815,0.387666666666667,0.488447147713377,0.687659636558934,40.7848607117788,0.458386962425159,1.45020841265061,216.372089855715,0
Ausgrid,cloud,99,0.02,2,0.3,275896,18.3930666666667,0.488447147713377,0.752931863703058,54.1480725658536,0.458386962425159,0.597071960883392,30.2550050124683,0
Ausgrid,combined,99,0.02,2,0.3,281551,18.7700666666667,0.488447147713377,0.750147108919154,53.5779484906204,0.458386962425159,0.62648711092805,36.6721050733061,0
Ausgrid,clipping,99,0.02,2,0.4,5815,0.387666666666667,0.488447147713377,0.687659636558934,40.7848607117788,0.458386962425159,1.45020841265061,216.372089855715,0
Ausgrid,cloud,99,0.02,2,0.4,185456,12.3637333333333,0.488447147713377,0.882353088729453,80.64453705178,0.458386962425159,0.700983556062554,52.9239733071605,0
Ausgrid,combined,99,0.02,2,0.4,191214,12.7476,0.488447147713377,0.876006161427028,79.345127825595,0.458386962425159,0.735103520125346,60.3674581484998,0
Ausgrid,clipping,99,0.02,2,0.5,5815,0.387666666666667,0.488447147713377,0.687659636558934,40.7848607117788,0.458386962425159,1.45020841265061,216.372089855715,0
Ausgrid,cloud,99,0.02,2,0.5,118934,7.92893333333333,0.488447147713377,1.03650904374418,112.204953718433,0.458386962425159,0.826526326685345,80.3119186271123,0
Ausgrid,combined,99,0.02,2,0.5,124738,8.31586666666667,0.488447147713377,1.02231121505637,109.298225988672,0.458386962425159,0.865612169721169,88.838741211471,0
Ausgrid,clipping,99,0.02,2,0.6,5815,0.387666666666667,0.488447147713377,0.687659636558934,40.7848607117788,0.458386962425159,1.45020841265061,216.372089855715,0
Ausgrid,cloud,99,0.02,2,0.6,72192,4.8128,0.488447147713377,1.21087101335436,147.902156665865,0.458386962425159,0.970545629799723,111.730635763486,0
Ausgrid,combined,99,0.02,2,0.6,78003,5.2002,0.488447147713377,1.17963215844162,141.506612120466,0.458386962425159,1.01415958786289,121.245295131725,0
Ausgrid,clipping,99,0.02,2,0.7,5815,0.387666666666667,0.488447147713377,0.687659636558934,40.7848607117788,0.458386962425159,1.45020841265061,216.372089855715,0
Ausgrid,cloud,99,0.02,2,0.7,38842,2.58946666666667,0.488447147713377,1.42735947432523,192.223934771098,0.458386962425159,1.14910244607496,150.68392870414,0
Ausgrid,combined,99,0.02,2,0.7,44656,2.97706666666667,0.488447147713377,1.35399932214445,177.204878456774,0.458386962425159,1.19261818820618,160.177161648854,0
Ausgrid,clipping,99,0.02,3,0.3,3141,0.2094,0.488447147713377,0.632585176157266,29.5094421410093,0.458386962425159,1.22634807613348,167.535548926898,0
Ausgrid,cloud,99,0.02,3,0.3,275896,18.3930666666667,0.488447147713377,0.752931863703058,54.1480725658536,0.458386962425159,0.597071960883392,30.2550050124683,0
Ausgrid,combined,99,0.02,3,0.3,278962,18.5974666666667,0.488447147713377,0.750962925472119,53.7449709733565,0.458386962425159,0.607755450649128,32.5856755248262,0
Ausgrid,clipping,99,0.02,3,0.4,3141,0.2094,0.488447147713377,0.632585176157266,29.5094421410093,0.458386962425159,1.22634807613348,167.535548926898,0
Ausgrid,cloud,99,0.02,3,0.4,185456,12.3637333333333,0.488447147713377,0.882353088729453,80.64453705178,0.458386962425159,0.700983556062554,52.9239733071605,0
Ausgrid,combined,99,0.02,3,0.4,188572,12.5714666666667,0.488447147713377,0.878258862254402,79.8063242596246,0.458386962425159,0.712876987109936,55.5186001229971,0
Ausgrid,clipping,99,0.02,3,0.5,3141,0.2094,0.488447147713377,0.632585176157266,29.5094421410093,0.458386962425159,1.22634807613348,167.535548926898,0
Ausgrid,cloud,99,0.02,3,0.5,118934,7.92893333333333,0.488447147713377,1.03650904374418,112.204953718433,0.458386962425159,0.826526326685345,80.3119186271123,0
Ausgrid,combined,99,0.02,3,0.5,122069,8.13793333333333,0.488447147713377,1.02775739959773,110.413225752077,0.458386962425159,0.839162604533242,83.0686021464347,0
Ausgrid,clipping,99,0.02,3,0.6,3141,0.2094,0.488447147713377,0.632585176157266,29.5094421410093,0.458386962425159,1.22634807613348,167.535548926898,0
Ausgrid,cloud,99,0.02,3,0.6,72192,4.8128,0.488447147713377,1.21087101335436,147.902156665865,0.458386962425159,0.970545629799723,111.730635763486,0
Ausgrid,combined,99,0.02,3,0.6,75330,5.022,0.488447147713377,1.19217317897883,144.074140786754,0.458386962425159,0.982536505736703,114.346520795107,0
Ausgrid,clipping,99,0.02,3,0.7,3141,0.2094,0.488447147713377,0.632585176157266,29.5094421410093,0.458386962425159,1.22634807613348,167.535548926898,0
Ausgrid,cloud,99,0.02,3,0.7,38842,2.58946666666667,0.488447147713377,1.42735947432523,192.223934771098,0.458386962425159,1.14910244607496,150.68392870414,0
Ausgrid,combined,99,0.02,3,0.7,41982,2.7988,0.488447147713377,1.38366388441471,183.278117375075,0.458386962425159,1.15505346553388,151.982181042609,0
Ausgrid,clipping,99,0.02,5,0.3,1338,0.0892,0.488447147713377,0.598512438478477,22.5337155269228,0.458386962425159,0.951947325881911,107.673298744254,0
Ausgrid,cloud,99,0.02,5,0.3,275896,18.3930666666667,0.488447147713377,0.752931863703058,54.1480725658536,0.458386962425159,0.597071960883392,30.2550050124683,0
Ausgrid,combined,99,0.02,5,0.3,277215,18.481,0.488447147713377,0.7520459625929,53.9667016408097,0.458386962425159,0.599235041080442,30.7268945674429,0
Ausgrid,clipping,99,0.02,5,0.4,1338,0.0892,0.488447147713377,0.598512438478477,22.5337155269228,0.458386962425159,0.951947325881911,107.673298744254,0
Ausgrid,cloud,99,0.02,5,0.4,185456,12.3637333333333,0.488447147713377,0.882353088729453,80.64453705178,0.458386962425159,0.700983556062554,52.9239733071605,0
Ausgrid,combined,99,0.02,5,0.4,186786,12.4524,0.488447147713377,0.88049523447528,80.2641777308441,0.458386962425159,0.703055581781362,53.3759987547966,0
Ausgrid,clipping,99,0.02,5,0.5,1338,0.0892,0.488447147713377,0.598512438478477,22.5337155269228,0.458386962425159,0.951947325881911,107.673298744254,0
Ausgrid,cloud,99,0.02,5,0.5,118934,7.92893333333333,0.488447147713377,1.03650904374418,112.204953718433,0.458386962425159,0.826526326685345,80.3119186271123,0
Ausgrid,combined,99,0.02,5,0.5,120271,8.01806666666667,0.488447147713377,1.03260664355566,111.406013606533,0.458386962425159,0.827984904859145,80.6301166330249,0
Ausgrid,clipping,99,0.02,5,0.6,1338,0.0892,0.488447147713377,0.598512438478477,22.5337155269228,0.458386962425159,0.951947325881911,107.673298744254,0
Ausgrid,cloud,99,0.02,5,0.6,72192,4.8128,0.488447147713377,1.21087101335436,147.902156665865,0.458386962425159,0.970545629799723,111.730635763486,0
Ausgrid,combined,99,0.02,5,0.6,73530,4.902,0.488447147713377,1.20251689096603,146.191813504391,0.458386962425159,0.970210387583109,111.657500564605,0
Ausgrid,clipping,99,0.02,5,0.7,1338,0.0892,0.488447147713377,0.598512438478477,22.5337155269228,0.458386962425159,0.951947325881911,107.673298744254,0
Ausgrid,cloud,99,0.02,5,0.7,38842,2.58946666666667,0.488447147713377,1.42735947432523,192.223934771098,0.458386962425159,1.14910244607496,150.68392870414,0
Ausgrid,combined,99,0.02,5,0.7,40180,2.67866666666667,0.488447147713377,1.40763614799311,188.185969471383,0.458386962425159,1.14308460760006,149.371099376914,0
Ausgrid,clipping,99.5,0.005,2,0.3,2560,0.170666666666667,0.488447147713377,0.635909899278192,30.1901141720551,0.458386962425159,1.69293836583845,269.325156387898,0
Ausgrid,cloud,99.5,0.005,2,0.3,275896,18.3930666666667,0.488447147713377,0.752931863703058,54.1480725658536,0.458386962425159,0.597071960883392,30.2550050124683,0
Ausgrid,combined,99.5,0.005,2,0.3,278421,18.5614,0.488447147713377,0.751588948062885,53.8731368544957,0.458386962425159,0.61604648784912,34.3944174567796,0
Ausgrid,clipping,99.5,0.005,2,0.4,2560,0.170666666666667,0.488447147713377,0.635909899278192,30.1901141720551,0.458386962425159,1.69293836583845,269.325156387898,0
Ausgrid,cloud,99.5,0.005,2,0.4,185456,12.3637333333333,0.488447147713377,0.882353088729453,80.64453705178,0.458386962425159,0.700983556062554,52.9239733071605,0
Ausgrid,combined,99.5,0.005,2,0.4,188007,12.5338,0.488447147713377,0.879270334115824,80.0134033399627,0.458386962425159,0.72367654030007,57.8745906016524,0
Ausgrid,clipping,99.5,0.005,2,0.5,2560,0.170666666666667,0.488447147713377,0.635909899278192,30.1901141720551,0.458386962425159,1.69293836583845,269.325156387898,0
Ausgrid,cloud,99.5,0.005,2,0.5,118934,7.92893333333333,0.488447147713377,1.03650904374418,112.204953718433,0.458386962425159,0.826526326685345,80.3119186271123,0
Ausgrid,combined,99.5,0.005,2,0.5,121490,8.09933333333333,0.488447147713377,1.02955528143818,110.781306894298,0.458386962425159,0.853901897021558,86.2840715416234,0
Ausgrid,clipping,99.5,0.005,2,0.6,2560,0.170666666666667,0.488447147713377,0.635909899278192,30.1901141720551,0.458386962425159,1.69293836583845,269.325156387898,0
Ausgrid,cloud,99.5,0.005,2,0.6,72192,4.8128,0.488447147713377,1.21087101335436,147.902156665865,0.458386962425159,0.970545629799723,111.730635763486,0
Ausgrid,combined,99.5,0.005,2,0.6,74751,4.9834,0.488447147713377,1.19571169714224,144.79858317115,0.458386962425159,1.00392233400649,119.011973790681,0
Ausgrid,clipping,99.5,0.005,2,0.7,2560,0.170666666666667,0.488447147713377,0.635909899278192,30.1901141720551,0.458386962425159,1.69293836583845,269.325156387898,0
Ausgrid,cloud,99.5,0.005,2,0.7,38842,2.58946666666667,0.488447147713377,1.42735947432523,192.223934771098,0.458386962425159,1.14910244607496,150.68392870414,0
Ausgrid,combined,99.5,0.005,2,0.7,41402,2.76013333333333,0.488447147713377,1.3915400810641,184.890614589208,0.458386962425159,1.18996024635654,159.597314910723,0
Ausgrid,clipping,99.5,0.005,3,0.3,1321,0.0880666666666667,0.488447147713377,0.575806740120508,17.885167886863,0.458386962425159,1.38009166957158,201.075681182121,0
Ausgrid,cloud,99.5,0.005,3,0.3,275896,18.3930666666667,0.488447147713377,0.752931863703058,54.1480725658536,0.458386962425159,0.597071960883392,30.2550050124683,0
Ausgrid,combined,99.5,0.005,3,0.3,277202,18.4801333333333,0.488447147713377,0.752014400154668,53.9602398489087,0.458386962425159,0.603211739388774,31.5944363245848,0
Ausgrid,clipping,99.5,0.005,3,0.4,1321,0.0880666666666667,0.488447147713377,0.575806740120508,17.885167886863,0.458386962425159,1.38009166957158,201.075681182121,0
Ausgrid,cloud,99.5,0.005,3,0.4,185456,12.3637333333333,0.488447147713377,0.882353088729453,80.64453705178,0.458386962425159,0.700983556062554,52.9239733071605,0
Ausgrid,combined,99.5,0.005,3,0.4,186773,12.4515333333333,0.488447147713377,0.880465854413637,80.2581627378648,0.458386962425159,0.708078431768254,54.4717650829483,0
Ausgrid,clipping,99.5,0.005,3,0.5,1321,0.0880666666666667,0.488447147713377,0.575806740120508,17.885167886863,0.458386962425159,1.38009166957158,201.075681182121,0
Ausgrid,cloud,99.5,0.005,3,0.5,118934,7.92893333333333,0.488447147713377,1.03650904374418,112.204953718433,0.458386962425159,0.826526326685345,80.3119186271123,0
Ausgrid,combined,99.5,0.005,3,0.5,120254,8.01693333333333,0.488447147713377,1.03252838870631,111.389992456708,0.458386962425159,0.834605546182847,82.0744511945217,0
Ausgrid,clipping,99.5,0.005,3,0.6,1321,0.0880666666666667,0.488447147713377,0.575806740120508,17.885167886863,0.458386962425159,1.38009166957158,201.075681182121,0
Ausgrid,cloud,99.5,0.005,3,0.6,72192,4.8128,0.488447147713377,1.21087101335436,147.902156665865,0.458386962425159,0.970545629799723,111.730635763486,0
Ausgrid,combined,99.5,0.005,3,0.6,73512,4.9008,0.488447147713377,1.20237237194572,146.162226061616,0.458386962425159,0.979421035793701,113.666861424666,0
Ausgrid,clipping,99.5,0.005,3,0.7,1321,0.0880666666666667,0.488447147713377,0.575806740120508,17.885167886863,0.458386962425159,1.38009166957158,201.075681182121,0
Ausgrid,cloud,99.5,0.005,3,0.7,38842,2.58946666666667,0.488447147713377,1.42735947432523,192.223934771098,0.458386962425159,1.14910244607496,150.68392870414,0
Ausgrid,combined,99.5,0.005,3,0.7,40163,2.67753333333333,0.488447147713377,1.40756868346996,188.172157429801,0.458386962425159,1.15743331614923,152.501360428245,0
Ausgrid,clipping,99.5,0.005,5,0.3,536,0.0357333333333333,0.488447147713377,0.558935248432498,14.4310599517482,0.458386962425159,0.935936906317501,104.18052497955,0
Ausgrid,cloud,99.5,0.005,5,0.3,275896,18.3930666666667,0.488447147713377,0.752931863703058,54.1480725658536,0.458386962425159,0.597071960883392,30.2550050124683,0
Ausgrid,combined,99.5,0.005,5,0.3,276428,18.4285333333333,0.488447147713377,0.752549822827154,54.0698571688157,0.458386962425159,0.597912082482237,30.4382828252577,0
Ausgrid,clipping,99.5,0.005,5,0.4,536,0.0357333333333333,0.488447147713377,0.558935248432498,14.4310599517482,0.458386962425159,0.935936906317501,104.18052497955,0
Ausgrid,cloud,99.5,0.005,5,0.4,185456,12.3637333333333,0.488447147713377,0.882353088729453,80.64453705178,0.458386962425159,0.700983556062554,52.9239733071605,0
Ausgrid,combined,99.5,0.005,5,0.4,185991,12.3994,0.488447147713377,0.881577633332426,80.4857777263018,0.458386962425159,0.701775529916472,53.0967473864511,0
Ausgrid,clipping,99.5,0.005,5,0.5,536,0.0357333333333333,0.488447147713377,0.558935248432498,14.4310599517482,0.458386962425159,0.935936906317501,104.18052497955,0
Ausgrid,cloud,99.5,0.005,5,0.5,118934,7.92893333333333,0.488447147713377,1.03650904374418,112.204953718433,0.458386962425159,0.826526326685345,80.3119186271123,0
Ausgrid,combined,99.5,0.005,5,0.5,119470,7.96466666666667,0.488447147713377,1.0348587135418,111.867080888158,0.458386962425159,0.827049518801356,80.4260562791178,0
Ausgrid,clipping,99.5,0.005,5,0.6,536,0.0357333333333333,0.488447147713377,0.558935248432498,14.4310599517482,0.458386962425159,0.935936906317501,104.18052497955,0
Ausgrid,cloud,99.5,0.005,5,0.6,72192,4.8128,0.488447147713377,1.21087101335436,147.902156665865,0.458386962425159,0.970545629799723,111.730635763486,0
Ausgrid,combined,99.5,0.005,5,0.6,72728,4.84853333333333,0.488447147713377,1.20735462479882,147.182244885848,0.458386962425159,0.970295081382315,111.675977049791,0
Ausgrid,clipping,99.5,0.005,5,0.7,536,0.0357333333333333,0.488447147713377,0.558935248432498,14.4310599517482,0.458386962425159,0.935936906317501,104.18052497955,0
Ausgrid,cloud,99.5,0.005,5,0.7,38842,2.58946666666667,0.488447147713377,1.42735947432523,192.223934771098,0.458386962425159,1.14910244607496,150.68392870414,0
Ausgrid,combined,99.5,0.005,5,0.7,39378,2.6252,0.488447147713377,1.41911087725886,190.535195855335,0.458386962425159,1.14646701324815,150.108992450964,0
Ausgrid,clipping,99.5,0.01,2,0.3,2640,0.176,0.488447147713377,0.634163848199845,29.8326443646214,0.458386962425159,1.6849556819793,267.583683677391,0
Ausgrid,cloud,99.5,0.01,2,0.3,275896,18.3930666666667,0.488447147713377,0.752931863703058,54.1480725658536,0.458386962425159,0.597071960883392,30.2550050124683,0
Ausgrid,combined,99.5,0.01,2,0.3,278499,18.5666,0.488447147713377,0.751528880346711,53.8608391644682,0.458386962425159,0.61641447760304,34.4746967369698,0
Ausgrid,clipping,99.5,0.01,2,0.4,2640,0.176,0.488447147713377,0.634163848199845,29.8326443646214,0.458386962425159,1.6849556819793,267.583683677391,0
Ausgrid,cloud,99.5,0.01,2,0.4,185456,12.3637333333333,0.488447147713377,0.882353088729453,80.64453705178,0.458386962425159,0.700983556062554,52.9239733071605,0
Ausgrid,combined,99.5,0.01,2,0.4,188087,12.5391333333333,0.488447147713377,0.879163442145168,79.9915192996614,0.458386962425159,0.724103261748077,57.9676825704442,0
Ausgrid,clipping,99.5,0.01,2,0.5,2640,0.176,0.488447147713377,0.634163848199845,29.8326443646214,0.458386962425159,1.6849556819793,267.583683677391,0
Ausgrid,cloud,99.5,0.01,2,0.5,118934,7.92893333333333,0.488447147713377,1.03650904374418,112.204953718433,0.458386962425159,0.826526326685345,80.3119186271123,0
Ausgrid,combined,99.5,0.01,2,0.5,121570,8.10466666666667,0.488447147713377,1.02932234800826,110.733618330447,0.458386962425159,0.854382282785595,86.3888707186103,0
Ausgrid,clipping,99.5,0.01,2,0.6,2640,0.176,0.488447147713377,0.634163848199845,29.8326443646214,0.458386962425159,1.6849556819793,267.583683677391,0
Ausgrid,cloud,99.5,0.01,2,0.6,72192,4.8128,0.488447147713377,1.21087101335436,147.902156665865,0.458386962425159,0.970545629799723,111.730635763486,0
Ausgrid,combined,99.5,0.01,2,0.6,74831,4.98873333333333,0.488447147713377,1.19522050473981,144.698021133941,0.458386962425159,1.00443779715188,119.124425319116,0
Ausgrid,clipping,99.5,0.01,2,0.7,2640,0.176,0.488447147713377,0.634163848199845,29.8326443646214,0.458386962425159,1.6849556819793,267.583683677391,0
Ausgrid,cloud,99.5,0.01,2,0.7,38842,2.58946666666667,0.488447147713377,1.42735947432523,192.223934771098,0.458386962425159,1.14910244607496,150.68392870414,0
Ausgrid,combined,99.5,0.01,2,0.7,41482,2.76546666666667,0.488447147713377,1.39042731726048,184.662797964865,0.458386962425159,1.19041411378707,159.696328946405,0
Ausgrid,clipping,99.5,0.01,3,0.3,1363,0.0908666666666667,0.488447147713377,0.578150843337824,18.3650771725023,0.458386962425159,1.37749469521105,200.509134885343,0
Ausgrid,cloud,99.5,0.01,3,0.3,275896,18.3930666666667,0.488447147713377,0.752931863703058,54.1480725658536,0.458386962425159,0.597071960883392,30.2550050124683,0
Ausgrid,combined,99.5,0.01,3,0.3,277242,18.4828,0.488447147713377,0.751991798396747,53.9556125810402,0.458386962425159,0.603376907877539,31.6304688696403,0
Ausgrid,clipping,99.5,0.01,3,0.4,1363,0.0908666666666667,0.488447147713377,0.578150843337824,18.3650771725023,0.458386962425159,1.37749469521105,200.509134885343,0
Ausgrid,cloud,99.5,0.01,3,0.4,185456,12.3637333333333,0.488447147713377,0.882353088729453,80.64453705178,0.458386962425159,0.700983556062554,52.9239733071605,0
Ausgrid,combined,99.5,0.01,3,0.4,186815,12.4543333333333,0.488447147713377,0.880420416991181,80.2488603143234,0.458386962425159,0.708264288965947,54.5123110000288,0
Ausgrid,clipping,99.5,0.01,3,0.5,1363,0.0908666666666667,0.488447147713377,0.578150843337824,18.3650771725023,0.458386962425159,1.37749469521105,200.509134885343,0
Ausgrid,cloud,99.5,0.01,3,0.5,118934,7.92893333333333,0.488447147713377,1.03650904374418,112.204953718433,0.458386962425159,0.826526326685345,80.3119186271123,0
Ausgrid,combined,99.5,0.01,3,0.5,120296,8.01973333333333,0.488447147713377,1.0324190322844,111.367603868213,0.458386962425159,0.834809598895725,82.1189665777252,1
Ausgrid,clipping,99.5,0.01,3,0.6,1363,0.0908666666666667,0.488447147713377,0.578150843337824,18.3650771725023,0.458386962425159,1.37749469521105,200.509134885343,0
Ausgrid,cloud,99.5,0.01,3,0.6,72192,4.8128,0.488447147713377,1.21087101335436,147.902156665865,0.458386962425159,0.970545629799723,111.730635763486,0
Ausgrid,combined,99.5,0.01,3,0.6,73554,4.9036,0.488447147713377,1.20212863646646,146.112325989439,0.458386962425159,0.979628850860048,113.712197588951,0
Ausgrid,clipping,99.5,0.01,3,0.7,1363,0.0908666666666667,0.488447147713377,0.578150843337824,18.3650771725023,0.458386962425159,1.37749469521105,200.509134885343,0
Ausgrid,cloud,99.5,0.01,3,0.7,38842,2.58946666666667,0.488447147713377,1.42735947432523,192.223934771098,0.458386962425159,1.14910244607496,150.68392870414,0
Ausgrid,combined,99.5,0.01,3,0.7,40205,2.68033333333333,0.488447147713377,1.40698896676305,188.053471772689,0.458386962425159,1.15758339993298,152.534102149988,0
Ausgrid,clipping,99.5,0.01,5,0.3,549,0.0366,0.488447147713377,0.557573555310021,14.1522799181555,0.458386962425159,0.942102319048311,105.525548559232,0
Ausgrid,cloud,99.5,0.01,5,0.3,275896,18.3930666666667,0.488447147713377,0.752931863703058,54.1480725658536,0.458386962425159,0.597071960883392,30.2550050124683,0
Ausgrid,combined,99.5,0.01,5,0.3,276441,18.4294,0.488447147713377,0.752539882968615,54.0678221771926,0.458386962425159,0.59795170014632,30.4469256679497,0
Ausgrid,clipping,99.5,0.01,5,0.4,549,0.0366,0.488447147713377,0.557573555310021,14.1522799181555,0.458386962425159,0.942102319048311,105.525548559232,0
Ausgrid,cloud,99.5,0.01,5,0.4,185456,12.3637333333333,0.488447147713377,0.882353088729453,80.64453705178,0.458386962425159,0.700983556062554,52.9239733071605,0
Ausgrid,combined,99.5,0.01,5,0.4,186004,12.4002666666667,0.488447147713377,0.881556664636172,80.4814847958687,0.458386962425159,0.701818974141347,53.1062250174562,0
Ausgrid,clipping,99.5,0.01,5,0.5,549,0.0366,0.488447147713377,0.557573555310021,14.1522799181555,0.458386962425159,0.942102319048311,105.525548559232,0
Ausgrid,cloud,99.5,0.01,5,0.5,118934,7.92893333333333,0.488447147713377,1.03650904374418,112.204953718433,0.458386962425159,0.826526326685345,80.3119186271123,0
Ausgrid,combined,99.5,0.01,5,0.5,119483,7.96553333333333,0.488447147713377,1.0348154629405,111.858226173475,0.458386962425159,0.827094308758729,80.4358274901349,0
Ausgrid,clipping,99.5,0.01,5,0.6,549,0.0366,0.488447147713377,0.557573555310021,14.1522799181555,0.458386962425159,0.942102319048311,105.525548559232,0
Ausgrid,cloud,99.5,0.01,5,0.6,72192,4.8128,0.488447147713377,1.21087101335436,147.902156665865,0.458386962425159,0.970545629799723,111.730635763486,0
Ausgrid,combined,99.5,0.01,5,0.6,72741,4.8494,0.488447147713377,1.20726510443031,147.163917341318,0.458386962425159,0.970334081449777,111.684485159895,0
Ausgrid,clipping,99.5,0.01,5,0.7,549,0.0366,0.488447147713377,0.557573555310021,14.1522799181555,0.458386962425159,0.942102319048311,105.525548559232,0
Ausgrid,cloud,99.5,0.01,5,0.7,38842,2.58946666666667,0.488447147713377,1.42735947432523,192.223934771098,0.458386962425159,1.14910244607496,150.68392870414,0
Ausgrid,combined,99.5,0.01,5,0.7,39391,2.62606666666667,0.488447147713377,1.41890555239478,190.493159605347,0.458386962425159,1.14647429277062,150.110580524595,0
Ausgrid,clipping,99.5,0.02,2,0.3,2796,0.1864,0.488447147713377,0.636170673557132,30.2435026052071,0.458386962425159,1.67505095337615,265.422904812576,0
Ausgrid,cloud,99.5,0.02,2,0.3,275896,18.3930666666667,0.488447147713377,0.752931863703058,54.1480725658536,0.458386962425159,0.597071960883392,30.2550050124683,0
Ausgrid,combined,99.5,0.02,2,0.3,278650,18.5766666666667,0.488447147713377,0.751439337240529,53.842506964843,0.458386962425159,0.617254181620674,34.6578834517906,0
Ausgrid,clipping,99.5,0.02,2,0.4,2796,0.1864,0.488447147713377,0.636170673557132,30.2435026052071,0.458386962425159,1.67505095337615,265.422904812576,0
Ausgrid,cloud,99.5,0.02,2,0.4,185456,12.3637333333333,0.488447147713377,0.882353088729453,80.64453705178,0.458386962425159,0.700983556062554,52.9239733071605,0
Ausgrid,combined,99.5,0.02,2,0.4,188241,12.5494,0.488447147713377,0.878982824330179,79.9545413347303,0.458386962425159,0.725080640834202,58.1809039677009,0
Ausgrid,clipping,99.5,0.02,2,0.5,2796,0.1864,0.488447147713377,0.636170673557132,30.2435026052071,0.458386962425159,1.67505095337615,265.422904812576,0
Ausgrid,cloud,99.5,0.02,2,0.5,118934,7.92893333333333,0.488447147713377,1.03650904374418,112.204953718433,0.458386962425159,0.826526326685345,80.3119186271123,0
Ausgrid,combined,99.5,0.02,2,0.5,121726,8.11506666666667,0.488447147713377,1.02894150827049,110.65564884295,0.458386962425159,0.855515995280869,86.6361972327145,0
Ausgrid,clipping,99.5,0.02,2,0.6,2796,0.1864,0.488447147713377,0.636170673557132,30.2435026052071,0.458386962425159,1.67505095337615,265.422904812576,0
Ausgrid,cloud,99.5,0.02,2,0.6,72192,4.8128,0.488447147713377,1.21087101335436,147.902156665865,0.458386962425159,0.970545629799723,111.730635763486,0
Ausgrid,combined,99.5,0.02,2,0.6,74987,4.99913333333333,0.488447147713377,1.19436671633738,144.523224657715,0.458386962425159,1.00571458758877,119.402965186422,0
Ausgrid,clipping,99.5,0.02,2,0.7,2796,0.1864,0.488447147713377,0.636170673557132,30.2435026052071,0.458386962425159,1.67505095337615,265.422904812576,0
Ausgrid,cloud,99.5,0.02,2,0.7,38842,2.58946666666667,0.488447147713377,1.42735947432523,192.223934771098,0.458386962425159,1.14910244607496,150.68392870414,0
Ausgrid,combined,99.5,0.02,2,0.7,41638,2.77586666666667,0.488447147713377,1.38842458816598,184.252778353968,0.458386962425159,1.19171246628376,159.979572712723,0
Ausgrid,clipping,99.5,0.02,3,0.3,1433,0.0955333333333333,0.488447147713377,0.581486474981304,19.0479825101821,0.458386962425159,1.36775927978182,198.38529275473,0
Ausgrid,cloud,99.5,0.02,3,0.3,275896,18.3930666666667,0.488447147713377,0.752931863703058,54.1480725658536,0.458386962425159,0.597071960883392,30.2550050124683,0
Ausgrid,combined,99.5,0.02,3,0.3,277310,18.4873333333333,0.488447147713377,0.751944355943383,53.9458996666365,0.458386962425159,0.603578605218144,31.6744704135625,0
Ausgrid,clipping,99.5,0.02,3,0.4,1433,0.0955333333333333,0.488447147713377,0.581486474981304,19.0479825101821,0.458386962425159,1.36775927978182,198.38529275473,0
Ausgrid,cloud,99.5,0.02,3,0.4,185456,12.3637333333333,0.488447147713377,0.882353088729453,80.64453705178,0.458386962425159,0.700983556062554,52.9239733071605,0
Ausgrid,combined,99.5,0.02,3,0.4,186884,12.4589333333333,0.488447147713377,0.880323871095027,80.2290944304185,0.458386962425159,0.708482507079585,54.5599166545359,0
Ausgrid,clipping,99.5,0.02,3,0.5,1433,0.0955333333333333,0.488447147713377,0.581486474981304,19.0479825101821,0.458386962425159,1.36775927978182,198.38529275473,0
Ausgrid,cloud,99.5,0.02,3,0.5,118934,7.92893333333333,0.488447147713377,1.03650904374418,112.204953718433,0.458386962425159,0.826526326685345,80.3119186271123,0
Ausgrid,combined,99.5,0.02,3,0.5,120366,8.0244,0.488447147713377,1.03223525554199,111.329979174679,0.458386962425159,0.835037180668228,82.1686149733292,0
Ausgrid,clipping,99.5,0.02,3,0.6,1433,0.0955333333333333,0.488447147713377,0.581486474981304,19.0479825101821,0.458386962425159,1.36775927978182,198.38529275473,0
Ausgrid,cloud,99.5,0.02,3,0.6,72192,4.8128,0.488447147713377,1.21087101335436,147.902156665865,0.458386962425159,0.970545629799723,111.730635763486,0
Ausgrid,combined,99.5,0.02,3,0.6,73624,4.90826666666667,0.488447147713377,1.20172058802048,146.028786051107,0.458386962425159,0.979818427003164,113.753554817375,0
Ausgrid,clipping,99.5,0.02,3,0.7,1433,0.0955333333333333,0.488447147713377,0.581486474981304,19.0479825101821,0.458386962425159,1.36775927978182,198.38529275473,0
Ausgrid,cloud,99.5,0.02,3,0.7,38842,2.58946666666667,0.488447147713377,1.42735947432523,192.223934771098,0.458386962425159,1.14910244607496,150.68392870414,0
Ausgrid,combined,99.5,0.02,3,0.7,40275,2.685,0.488447147713377,1.40602128833109,187.855358540481,0.458386962425159,1.15759118420793,152.535800338548,0
Ausgrid,clipping,99.5,0.02,5,0.3,585,0.039,0.488447147713377,0.570252635571348,16.7480736126593,0.458386962425159,0.943156800602698,105.755590345065,0
Ausgrid,cloud,99.5,0.02,5,0.3,275896,18.3930666666667,0.488447147713377,0.752931863703058,54.1480725658536,0.458386962425159,0.597071960883392,30.2550050124683,0
Ausgrid,combined,99.5,0.02,5,0.3,276476,18.4317333333333,0.488447147713377,0.752521885344392,54.0641375156471,0.458386962425159,0.598007544519949,30.4591084694267,0
Ausgrid,clipping,99.5,0.02,5,0.4,585,0.039,0.488447147713377,0.570252635571348,16.7480736126593,0.458386962425159,0.943156800602698,105.755590345065,0
Ausgrid,cloud,99.5,0.02,5,0.4,185456,12.3637333333333,0.488447147713377,0.882353088729453,80.64453705178,0.458386962425159,0.700983556062554,52.9239733071605,0
Ausgrid,combined,99.5,0.02,5,0.4,186039,12.4026,0.488447147713377,0.88151133540994,80.472204523388,0.458386962425159,0.701871589509558,53.1177033910846,0
Ausgrid,clipping,99.5,0.02,5,0.5,585,0.039,0.488447147713377,0.570252635571348,16.7480736126593,0.458386962425159,0.943156800602698,105.755590345065,0
Ausgrid,cloud,99.5,0.02,5,0.5,118934,7.92893333333333,0.488447147713377,1.03650904374418,112.204953718433,0.458386962425159,0.826526326685345,80.3119186271123,0
Ausgrid,combined,99.5,0.02,5,0.5,119519,7.96793333333333,0.488447147713377,1.03473867737523,111.84250583083,0.458386962425159,0.827137239602215,80.44519312376,0
Ausgrid,clipping,99.5,0.02,5,0.6,585,0.039,0.488447147713377,0.570252635571348,16.7480736126593,0.458386962425159,0.943156800602698,105.755590345065,0
Ausgrid,cloud,99.5,0.02,5,0.6,72192,4.8128,0.488447147713377,1.21087101335436,147.902156665865,0.458386962425159,0.970545629799723,111.730635763486,0
Ausgrid,combined,99.5,0.02,5,0.6,72777,4.8518,0.488447147713377,1.20707779294427,147.125568978159,0.458386962425159,0.970328553600131,111.683279224713,0
Ausgrid,clipping,99.5,0.02,5,0.7,585,0.039,0.488447147713377,0.570252635571348,16.7480736126593,0.458386962425159,0.943156800602698,105.755590345065,0
Ausgrid,cloud,99.5,0.02,5,0.7,38842,2.58946666666667,0.488447147713377,1.42735947432523,192.223934771098,0.458386962425159,1.14910244607496,150.68392870414,0
Ausgrid,combined,99.5,0.02,5,0.7,39427,2.62846666666667,0.488447147713377,1.41843248309815,190.396307919581,0.458386962425159,1.14631717060752,150.07630333611,0
Ausgrid,clipping,99.9,0.005,2,0.3,421,0.0280666666666667,0.488447147713377,0.630796600770758,29.1432663132087,0.458386962425159,2.18093543333634,375.784787114755,0
Ausgrid,cloud,99.9,0.005,2,0.3,275896,18.3930666666667,0.488447147713377,0.752931863703058,54.1480725658536,0.458386962425159,0.597071960883392,30.2550050124683,0
Ausgrid,combined,99.9,0.005,2,0.3,276314,18.4209333333333,0.488447147713377,0.752721340174645,54.1049719910219,0.458386962425159,0.602635297683,31.4686819395287,0
Ausgrid,clipping,99.9,0.005,2,0.4,421,0.0280666666666667,0.488447147713377,0.630796600770758,29.1432663132087,0.458386962425159,2.18093543333634,375.784787114755,0
Ausgrid,cloud,99.9,0.005,2,0.4,185456,12.3637333333333,0.488447147713377,0.882353088729453,80.64453705178,0.458386962425159,0.700983556062554,52.9239733071605,0
Ausgrid,combined,99.9,0.005,2,0.4,185876,12.3917333333333,0.488447147713377,0.881845168607636,80.5405503412024,0.458386962425159,0.707837197788163,54.4191383723597,0
Ausgrid,clipping,99.9,0.005,2,0.5,421,0.0280666666666667,0.488447147713377,0.630796600770758,29.1432663132087,0.458386962425159,2.18093543333634,375.784787114755,0
Ausgrid,cloud,99.9,0.005,2,0.5,118934,7.92893333333333,0.488447147713377,1.03650904374418,112.204953718433,0.458386962425159,0.826526326685345,80.3119186271123,0
Ausgrid,combined,99.9,0.005,2,0.5,119355,7.957,0.488447147713377,1.03535741295499,111.969179838991,0.458386962425159,0.835172801204036,82.1982014465331,0
Ausgrid,clipping,99.9,0.005,2,0.6,421,0.0280666666666667,0.488447147713377,0.630796600770758,29.1432663132087,0.458386962425159,2.18093543333634,375.784787114755,0
Ausgrid,cloud,99.9,0.005,2,0.6,72192,4.8128,0.488447147713377,1.21087101335436,147.902156665865,0.458386962425159,0.970545629799723,111.730635763486,0
Ausgrid,combined,99.9,0.005,2,0.6,72613,4.84086666666667,0.488447147713377,1.20831069372432,147.377981298677,0.458386962425159,0.981873146175127,114.201804732925,0
Ausgrid,clipping,99.9,0.005,2,0.7,421,0.0280666666666667,0.488447147713377,0.630796600770758,29.1432663132087,0.458386962425159,2.18093543333634,375.784787114755,0
Ausgrid,cloud,99.9,0.005,2,0.7,38842,2.58946666666667,0.488447147713377,1.42735947432523,192.223934771098,0.458386962425159,1.14910244607496,150.68392870414,0
Ausgrid,combined,99.9,0.005,2,0.7,39263,2.61753333333333,0.488447147713377,1.42118821940316,190.960491028832,0.458386962425159,1.16502344147007,154.157194023658,0
Ausgrid,clipping,99.9,0.005,3,0.3,190,0.0126666666666667,0.488447147713377,0.585768644827596,19.9246730316312,0.458386962425159,1.74849069657984,281.444246871511,0
Ausgrid,cloud,99.9,0.005,3,0.3,275896,18.3930666666667,0.488447147713377,0.752931863703058,54.1480725658536,0.458386962425159,0.597071960883392,30.2550050124683,0
Ausgrid,combined,99.9,0.005,3,0.3,276086,18.4057333333333,0.488447147713377,0.752829586887988,54.1271333883912,0.458386962425159,0.598626379255741,30.5941111607158,0
Ausgrid,clipping,99.9,0.005,3,0.4,190,0.0126666666666667,0.488447147713377,0.585768644827596,19.9246730316312,0.458386962425159,1.74849069657984,281.444246871511,0
Ausgrid,cloud,99.9,0.005,3,0.4,185456,12.3637333333333,0.488447147713377,0.882353088729453,80.64453705178,0.458386962425159,0.700983556062554,52.9239733071605,0
Ausgrid,combined,99.9,0.005,3,0.4,185646,12.3764,0.488447147713377,0.882100526620788,80.5928298998706,0.458386962425159,0.702854156237572,53.3320565050597,0
Ausgrid,clipping,99.9,0.005,3,0.5,190,0.0126666666666667,0.488447147713377,0.585768644827596,19.9246730316312,0.458386962425159,1.74849069657984,281.444246871511,0
Ausgrid,cloud,99.9,0.005,3,0.5,118934,7.92893333333333,0.488447147713377,1.03650904374418,112.204953718433,0.458386962425159,0.826526326685345,80.3119186271123,0
Ausgrid,combined,99.9,0.005,3,0.5,119124,7.9416,0.488447147713377,1.03594628683662,112.089740248522,0.458386962425159,0.828813827856486,80.8109514004353,0
Ausgrid,clipping,99.9,0.005,3,0.6,190,0.0126666666666667,0.488447147713377,0.585768644827596,19.9246730316312,0.458386962425159,1.74849069657984,281.444246871511,0
Ausgrid,cloud,99.9,0.005,3,0.6,72192,4.8128,0.488447147713377,1.21087101335436,147.902156665865,0.458386962425159,0.970545629799723,111.730635763486,0
Ausgrid,combined,99.9,0.005,3,0.6,72382,4.82546666666667,0.488447147713377,1.20965307378748,147.652807361116,0.458386962425159,0.97340192059181,112.353753571414,0
Ausgrid,clipping,99.9,0.005,3,0.7,190,0.0126666666666667,0.488447147713377,0.585768644827596,19.9246730316312,0.458386962425159,1.74849069657984,281.444246871511,0
Ausgrid,cloud,99.9,0.005,3,0.7,38842,2.58946666666667,0.488447147713377,1.42735947432523,192.223934771098,0.458386962425159,1.14910244607496,150.68392870414,0
Ausgrid,combined,99.9,0.005,3,0.7,39032,2.60213333333333,0.488447147713377,1.42446758265524,191.631876513921,0.458386962425159,1.15277523680906,151.485171111793,0
Ausgrid,clipping,99.9,0.005,5,0.3,66,0.0044,0.488447147713377,0.34002147882245,-30.3872526609621,0.458386962425159,0.975533454673721,112.818761142884,0
Ausgrid,cloud,99.9,0.005,5,0.3,275896,18.3930666666667,0.488447147713377,0.752931863703058,54.1480725658536,0.458386962425159,0.597071960883392,30.2550050124683,0
Ausgrid,combined,99.9,0.005,5,0.3,275962,18.3974666666667,0.488447147713377,0.752860185504757,54.133397856699,0.458386962425159,0.597191149862565,30.2810068382057,0
Ausgrid,clipping,99.9,0.005,5,0.4,66,0.0044,0.488447147713377,0.34002147882245,-30.3872526609621,0.458386962425159,0.975533454673721,112.818761142884,0
Ausgrid,cloud,99.9,0.005,5,0.4,185456,12.3637333333333,0.488447147713377,0.882353088729453,80.64453705178,0.458386962425159,0.700983556062554,52.9239733071605,0
Ausgrid,combined,99.9,0.005,5,0.4,185522,12.3681333333333,0.488447147713377,0.88221943587796,80.6171742445409,0.458386962425159,0.701100345553954,52.9494516695428,0
Ausgrid,clipping,99.9,0.005,5,0.5,66,0.0044,0.488447147713377,0.34002147882245,-30.3872526609621,0.458386962425159,0.975533454673721,112.818761142884,0
Ausgrid,cloud,99.9,0.005,5,0.5,118934,7.92893333333333,0.488447147713377,1.03650904374418,112.204953718433,0.458386962425159,0.826526326685345,80.3119186271123,0
Ausgrid,combined,99.9,0.005,5,0.5,119000,7.93333333333333,0.488447147713377,1.03625250861624,112.152433168535,0.458386962425159,0.826616413837467,80.3315717061715,0
Ausgrid,clipping,99.9,0.005,5,0.6,66,0.0044,0.488447147713377,0.34002147882245,-30.3872526609621,0.458386962425159,0.975533454673721,112.818761142884,0
Ausgrid,cloud,99.9,0.005,5,0.6,72192,4.8128,0.488447147713377,1.21087101335436,147.902156665865,0.458386962425159,0.970545629799723,111.730635763486,0
Ausgrid,combined,99.9,0.005,5,0.6,72258,4.8172,0.488447147713377,1.21036151085673,147.797845994788,0.458386962425159,0.970550197343354,111.731632201868,0
Ausgrid,clipping,99.9,0.005,5,0.7,66,0.0044,0.488447147713377,0.34002147882245,-30.3872526609621,0.458386962425159,0.975533454673721,112.818761142884,0
Ausgrid,cloud,99.9,0.005,5,0.7,38842,2.58946666666667,0.488447147713377,1.42735947432523,192.223934771098,0.458386962425159,1.14910244607496,150.68392870414,0
Ausgrid,combined,99.9,0.005,5,0.7,38908,2.59386666666667,0.488447147713377,1.42621709526897,191.990055003021,0.458386962425159,1.14883022334541,150.624541602877,0
Ausgrid,clipping,99.9,0.01,2,0.3,451,0.0300666666666667,0.488447147713377,0.626526474702646,28.2690415197788,0.458386962425159,2.16865836247113,373.106466858818,0
Ausgrid,cloud,99.9,0.01,2,0.3,275896,18.3930666666667,0.488447147713377,0.752931863703058,54.1480725658536,0.458386962425159,0.597071960883392,30.2550050124683,0
Ausgrid,combined,99.9,0.01,2,0.3,276344,18.4229333333333,0.488447147713377,0.752703355397647,54.1012899596943,0.458386962425159,0.602958614461511,31.5392155290534,0
Ausgrid,clipping,99.9,0.01,2,0.4,451,0.0300666666666667,0.488447147713377,0.626526474702646,28.2690415197788,0.458386962425159,2.16865836247113,373.106466858818,0
Ausgrid,cloud,99.9,0.01,2,0.4,185456,12.3637333333333,0.488447147713377,0.882353088729453,80.64453705178,0.458386962425159,0.700983556062554,52.9239733071605,0
Ausgrid,combined,99.9,0.01,2,0.4,185906,12.3937333333333,0.488447147713377,0.881803037074479,80.5319247338354,0.458386962425159,0.708230655283195,54.5049736005151,0
Ausgrid,clipping,99.9,0.01,2,0.5,451,0.0300666666666667,0.488447147713377,0.626526474702646,28.2690415197788,0.458386962425159,2.16865836247113,373.106466858818,0
Ausgrid,cloud,99.9,0.01,2,0.5,118934,7.92893333333333,0.488447147713377,1.03650904374418,112.204953718433,0.458386962425159,0.826526326685345,80.3119186271123,0
Ausgrid,combined,99.9,0.01,2,0.5,119385,7.959,0.488447147713377,1.03526581473027,111.950426894042,0.458386962425159,0.835662519660267,82.3050366090432,0
Ausgrid,clipping,99.9,0.01,2,0.6,451,0.0300666666666667,0.488447147713377,0.626526474702646,28.2690415197788,0.458386962425159,2.16865836247113,373.106466858818,0
Ausgrid,cloud,99.9,0.01,2,0.6,72192,4.8128,0.488447147713377,1.21087101335436,147.902156665865,0.458386962425159,0.970545629799723,111.730635763486,0
Ausgrid,combined,99.9,0.01,2,0.6,72643,4.84286666666667,0.488447147713377,1.20811537987313,147.337994607772,0.458386962425159,0.982501666283094,114.338920349094,0
Ausgrid,clipping,99.9,0.01,2,0.7,451,0.0300666666666667,0.488447147713377,0.626526474702646,28.2690415197788,0.458386962425159,2.16865836247113,373.106466858818,0
Ausgrid,cloud,99.9,0.01,2,0.7,38842,2.58946666666667,0.488447147713377,1.42735947432523,192.223934771098,0.458386962425159,1.14910244607496,150.68392870414,0
Ausgrid,combined,99.9,0.01,2,0.7,39293,2.61953333333333,0.488447147713377,1.42073081215898,190.866845841974,0.458386962425159,1.16587390782947,154.342728611052,0
Ausgrid,clipping,99.9,0.01,3,0.3,209,0.0139333333333333,0.488447147713377,0.564755424051169,15.6226270733737,0.458386962425159,1.71608080231413,274.373824516075,0
Ausgrid,cloud,99.9,0.01,3,0.3,275896,18.3930666666667,0.488447147713377,0.752931863703058,54.1480725658536,0.458386962425159,0.597071960883392,30.2550050124683,0
Ausgrid,combined,99.9,0.01,3,0.3,276105,18.407,0.488447147713377,0.752807211517548,54.1225524689315,0.458386962425159,0.59871050322099,30.6124633330384,0
Ausgrid,clipping,99.9,0.01,3,0.4,209,0.0139333333333333,0.488447147713377,0.564755424051169,15.6226270733737,0.458386962425159,1.71608080231413,274.373824516075,0
Ausgrid,cloud,99.9,0.01,3,0.4,185456,12.3637333333333,0.488447147713377,0.882353088729453,80.64453705178,0.458386962425159,0.700983556062554,52.9239733071605,0
Ausgrid,combined,99.9,0.01,3,0.4,185665,12.3776666666667,0.488447147713377,0.882059868179119,80.5845058791736,0.458386962425159,0.702950832074343,53.3531469471306,0
Ausgrid,clipping,99.9,0.01,3,0.5,209,0.0139333333333333,0.488447147713377,0.564755424051169,15.6226270733737,0.458386962425159,1.71608080231413,274.373824516075,0
Ausgrid,cloud,99.9,0.01,3,0.5,118934,7.92893333333333,0.488447147713377,1.03650904374418,112.204953718433,0.458386962425159,0.826526326685345,80.3119186271123,0
Ausgrid,combined,99.9,0.01,3,0.5,119143,7.94286666666667,0.488447147713377,1.03586962266418,112.074044758683,0.458386962425159,0.828923026628959,80.8347737997233,0
Ausgrid,clipping,99.9,0.01,3,0.6,209,0.0139333333333333,0.488447147713377,0.564755424051169,15.6226270733737,0.458386962425159,1.71608080231413,274.373824516075,0
Ausgrid,cloud,99.9,0.01,3,0.6,72192,4.8128,0.488447147713377,1.21087101335436,147.902156665865,0.458386962425159,0.970545629799723,111.730635763486,0
Ausgrid,combined,99.9,0.01,3,0.6,72401,4.82673333333333,0.488447147713377,1.20950271402645,147.62202414092,0.458386962425159,0.973519803052468,112.379470371916,0
Ausgrid,clipping,99.9,0.01,3,0.7,209,0.0139333333333333,0.488447147713377,0.564755424051169,15.6226270733737,0.458386962425159,1.71608080231413,274.373824516075,0
Ausgrid,cloud,99.9,0.01,3,0.7,38842,2.58946666666667,0.488447147713377,1.42735947432523,192.223934771098,0.458386962425159,1.14910244607496,150.68392870414,0
Ausgrid,combined,99.9,0.01,3,0.7,39051,2.6034,0.488447147713377,1.42413419307748,191.563621518612,0.458386962425159,1.15287930821924,151.507874944736,0
Ausgrid,clipping,99.9,0.01,5,0.3,75,0.005,0.488447147713377,0.332304037491772,-31.9672478286699,0.458386962425159,0.947664937321284,106.739068735187,0
Ausgrid,cloud,99.9,0.01,5,0.3,275896,18.3930666666667,0.488447147713377,0.752931863703058,54.1480725658536,0.458386962425159,0.597071960883392,30.2550050124683,0
Ausgrid,combined,99.9,0.01,5,0.3,275971,18.3980666666667,0.488447147713377,0.752849476822933,54.1312054635457,0.458386962425159,0.597195201555142,30.2818907404345,0
Ausgrid,clipping,99.9,0.01,5,0.4,75,0.005,0.488447147713377,0.332304037491772,-31.9672478286699,0.458386962425159,0.947664937321284,106.739068735187,0
Ausgrid,cloud,99.9,0.01,5,0.4,185456,12.3637333333333,0.488447147713377,0.882353088729453,80.64453705178,0.458386962425159,0.700983556062554,52.9239733071605,0
Ausgrid,combined,99.9,0.01,5,0.4,185531,12.3687333333333,0.488447147713377,0.88220002751164,80.6132007611434,0.458386962425159,0.701100812061838,52.949553441173,0
Ausgrid,clipping,99.9,0.01,5,0.5,75,0.005,0.488447147713377,0.332304037491772,-31.9672478286699,0.458386962425159,0.947664937321284,106.739068735187,0
Ausgrid,cloud,99.9,0.01,5,0.5,118934,7.92893333333333,0.488447147713377,1.03650904374418,112.204953718433,0.458386962425159,0.826526326685345,80.3119186271123,0
Ausgrid,combined,99.9,0.01,5,0.5,119009,7.93393333333333,0.488447147713377,1.03621596587529,112.144951757062,0.458386962425159,0.826608259197339,80.3297927201191,0
Ausgrid,clipping,99.9,0.01,5,0.6,75,0.005,0.488447147713377,0.332304037491772,-31.9672478286699,0.458386962425159,0.947664937321284,106.739068735187,0
Ausgrid,cloud,99.9,0.01,5,0.6,72192,4.8128,0.488447147713377,1.21087101335436,147.902156665865,0.458386962425159,0.970545629799723,111.730635763486,0
Ausgrid,combined,99.9,0.01,5,0.6,72267,4.8178,0.488447147713377,1.21028986413697,147.783177730249,0.458386962425159,0.970522163426342,111.725516426484,0
Ausgrid,clipping,99.9,0.01,5,0.7,75,0.005,0.488447147713377,0.332304037491772,-31.9672478286699,0.458386962425159,0.947664937321284,106.739068735187,0
Ausgrid,cloud,99.9,0.01,5,0.7,38842,2.58946666666667,0.488447147713377,1.42735947432523,192.223934771098,0.458386962425159,1.14910244607496,150.68392870414,0
Ausgrid,combined,99.9,0.01,5,0.7,38917,2.59446666666667,0.488447147713377,1.42605803980882,191.957491508505,0.458386962425159,1.14874821169954,150.606650246319,0
Ausgrid,clipping,99.9,0.02,2,0.3,495,0.033,0.488447147713377,0.643978781255307,31.8420599383246,0.458386962425159,2.15096406659002,369.246344880764,0
Ausgrid,cloud,99.9,0.02,2,0.3,275896,18.3930666666667,0.488447147713377,0.752931863703058,54.1480725658536,0.458386962425159,0.597071960883392,30.2550050124683,0
Ausgrid,combined,99.9,0.02,2,0.3,276387,18.4258,0.488447147713377,0.752703796085845,54.1013801819835,0.458386962425159,0.60341403738275,31.6385689048191,0
Ausgrid,clipping,99.9,0.02,2,0.4,495,0.033,0.488447147713377,0.643978781255307,31.8420599383246,0.458386962425159,2.15096406659002,369.246344880764,0
Ausgrid,cloud,99.9,0.02,2,0.4,185456,12.3637333333333,0.488447147713377,0.882353088729453,80.64453705178,0.458386962425159,0.700983556062554,52.9239733071605,0
Ausgrid,combined,99.9,0.02,2,0.4,185950,12.3966666666667,0.488447147713377,0.881784844510612,80.5282001622104,0.458386962425159,0.708788660026594,54.6267058462243,0
Ausgrid,clipping,99.9,0.02,2,0.5,495,0.033,0.488447147713377,0.643978781255307,31.8420599383246,0.458386962425159,2.15096406659002,369.246344880764,0
Ausgrid,cloud,99.9,0.02,2,0.5,118934,7.92893333333333,0.488447147713377,1.03650904374418,112.204953718433,0.458386962425159,0.826526326685345,80.3119186271123,0
Ausgrid,combined,99.9,0.02,2,0.5,119429,7.96193333333333,0.488447147713377,1.0351893371355,111.93476960233,0.458386962425159,0.83635547614003,82.4562094251495,0
Ausgrid,clipping,99.9,0.02,2,0.6,495,0.033,0.488447147713377,0.643978781255307,31.8420599383246,0.458386962425159,2.15096406659002,369.246344880764,0
Ausgrid,cloud,99.9,0.02,2,0.6,72192,4.8128,0.488447147713377,1.21087101335436,147.902156665865,0.458386962425159,0.970545629799723,111.730635763486,0
Ausgrid,combined,99.9,0.02,2,0.6,72687,4.8458,0.488447147713377,1.20791054066738,147.296057786827,0.458386962425159,0.983387827671914,114.532242031747,0
Ausgrid,clipping,99.9,0.02,2,0.7,495,0.033,0.488447147713377,0.643978781255307,31.8420599383246,0.458386962425159,2.15096406659002,369.246344880764,0
Ausgrid,cloud,99.9,0.02,2,0.7,38842,2.58946666666667,0.488447147713377,1.42735947432523,192.223934771098,0.458386962425159,1.14910244607496,150.68392870414,0
Ausgrid,combined,99.9,0.02,2,0.7,39337,2.62246666666667,0.488447147713377,1.4201888536383,190.755890434983,0.458386962425159,1.16706485052535,154.602540253509,0
Ausgrid,clipping,99.9,0.02,3,0.3,226,0.0150666666666667,0.488447147713377,0.570605950234028,16.820407879393,0.458386962425159,1.68440368958447,267.463263063351,0
Ausgrid,cloud,99.9,0.02,3,0.3,275896,18.3930666666667,0.488447147713377,0.752931863703058,54.1480725658536,0.458386962425159,0.597071960883392,30.2550050124683,0
Ausgrid,combined,99.9,0.02,3,0.3,276122,18.4081333333333,0.488447147713377,0.752800690736496,54.1212174665504,0.458386962425159,0.598769858860114,30.6254121391761,0
Ausgrid,clipping,99.9,0.02,3,0.4,226,0.0150666666666667,0.488447147713377,0.570605950234028,16.820407879393,0.458386962425159,1.68440368958447,267.463263063351,0
Ausgrid,cloud,99.9,0.02,3,0.4,185456,12.3637333333333,0.488447147713377,0.882353088729453,80.64453705178,0.458386962425159,0.700983556062554,52.9239733071605,0
Ausgrid,combined,99.9,0.02,3,0.4,185682,12.3788,0.488447147713377,0.882040625455575,80.5805663078947,0.458386962425159,0.703017173646816,53.3676197785833,0
Ausgrid,clipping,99.9,0.02,3,0.5,226,0.0150666666666667,0.488447147713377,0.570605950234028,16.820407879393,0.458386962425159,1.68440368958447,267.463263063351,0
Ausgrid,cloud,99.9,0.02,3,0.5,118934,7.92893333333333,0.488447147713377,1.03650904374418,112.204953718433,0.458386962425159,0.826526326685345,80.3119186271123,0
Ausgrid,combined,99.9,0.02,3,0.5,119160,7.944,0.488447147713377,1.03582377490022,112.064658325745,0.458386962425159,0.828994088390028,80.8502763700173,0
Ausgrid,clipping,99.9,0.02,3,0.6,226,0.0150666666666667,0.488447147713377,0.570605950234028,16.820407879393,0.458386962425159,1.68440368958447,267.463263063351,0
Ausgrid,cloud,99.9,0.02,3,0.6,72192,4.8128,0.488447147713377,1.21087101335436,147.902156665865,0.458386962425159,0.970545629799723,111.730635763486,0
Ausgrid,combined,99.9,0.02,3,0.6,72418,4.82786666666667,0.488447147713377,1.20940026666061,147.601050046523,0.458386962425159,0.973587942952509,112.394335519843,0
Ausgrid,clipping,99.9,0.02,3,0.7,226,0.0150666666666667,0.488447147713377,0.570605950234028,16.820407879393,0.458386962425159,1.68440368958447,267.463263063351,0
Ausgrid,cloud,99.9,0.02,3,0.7,38842,2.58946666666667,0.488447147713377,1.42735947432523,192.223934771098,0.458386962425159,1.14910244607496,150.68392870414,0
Ausgrid,combined,99.9,0.02,3,0.7,39068,2.60453333333333,0.488447147713377,1.42388654107237,191.512919614369,0.458386962425159,1.15291399280915,151.515441606257,0
Ausgrid,clipping,99.9,0.02,5,0.3,84,0.0056,0.488447147713377,0.382499424213697,-21.6907241644598,0.458386962425159,0.913319497433411,99.246394923924,0
Ausgrid,cloud,99.9,0.02,5,0.3,275896,18.3930666666667,0.488447147713377,0.752931863703058,54.1480725658536,0.458386962425159,0.597071960883392,30.2550050124683,0
Ausgrid,combined,99.9,0.02,5,0.3,275980,18.3986666666667,0.488447147713377,0.752846845799293,54.1306668129153,0.458386962425159,0.597193696428309,30.2815623875456,0
Ausgrid,clipping,99.9,0.02,5,0.4,84,0.0056,0.488447147713377,0.382499424213697,-21.6907241644598,0.458386962425159,0.913319497433411,99.246394923924,0
Ausgrid,cloud,99.9,0.02,5,0.4,185456,12.3637333333333,0.488447147713377,0.882353088729453,80.64453705178,0.458386962425159,0.700983556062554,52.9239733071605,0
Ausgrid,combined,99.9,0.02,5,0.4,185540,12.3693333333333,0.488447147713377,0.882190873352845,80.6113266261756,0.458386962425159,0.701094238369562,52.9481193488416,0
Ausgrid,clipping,99.9,0.02,5,0.5,84,0.0056,0.488447147713377,0.382499424213697,-21.6907241644598,0.458386962425159,0.913319497433411,99.246394923924,0
Ausgrid,cloud,99.9,0.02,5,0.5,118934,7.92893333333333,0.488447147713377,1.03650904374418,112.204953718433,0.458386962425159,0.826526326685345,80.3119186271123,0
Ausgrid,combined,99.9,0.02,5,0.5,119018,7.93453333333333,0.488447147713377,1.03619303516127,112.140257141866,0.458386962425159,0.826590796932192,80.3259832171054,0
Ausgrid,clipping,99.9,0.02,5,0.6,84,0.0056,0.488447147713377,0.382499424213697,-21.6907241644598,0.458386962425159,0.913319497433411,99.246394923924,0
Ausgrid,cloud,99.9,0.02,5,0.6,72192,4.8128,0.488447147713377,1.21087101335436,147.902156665865,0.458386962425159,0.970545629799723,111.730635763486,0
Ausgrid,combined,99.9,0.02,5,0.6,72276,4.8184,0.488447147713377,1.21023741668211,147.772440139683,0.458386962425159,0.970481079558843,111.716553722292,0
Ausgrid,clipping,99.9,0.02,5,0.7,84,0.0056,0.488447147713377,0.382499424213697,-21.6907241644598,0.458386962425159,0.913319497433411,99.246394923924,0
Ausgrid,cloud,99.9,0.02,5,0.7,38842,2.58946666666667,0.488447147713377,1.42735947432523,192.223934771098,0.458386962425159,1.14910244607496,150.68392870414,0
Ausgrid,combined,99.9,0.02,5,0.7,38926,2.59506666666667,0.488447147713377,1.42592927481283,191.931129394079,0.458386962425159,1.14864575030482,150.584297648379,0
PVDAQ,clipping,99,0.005,2,0.3,221,0.681993519518593,8.55130501778105,2.70691520176286,-68.3450046965432,7.90482753507546,8.23180152194059,4.13638356326276,0
PVDAQ,cloud,99,0.005,2,0.3,3467,10.6989662089184,8.55130501778105,17.5215682969342,104.8993488187,7.90482753507546,15.7678542671864,99.4711990517304,0
PVDAQ,combined,99,0.005,2,0.3,3688,11.380959728437,8.55130501778105,17.0013949359122,98.8163783254198,7.90482753507546,15.4203501684251,95.0750993617715,0
PVDAQ,clipping,99,0.005,2,0.4,221,0.681993519518593,8.55130501778105,2.70691520176286,-68.3450046965432,7.90482753507546,8.23180152194059,4.13638356326276,0
PVDAQ,cloud,99,0.005,2,0.4,2678,8.26415676593118,8.55130501778105,19.3978770383339,126.841131242532,7.90482753507546,17.3700838442889,119.740200114601,0
PVDAQ,combined,99,0.005,2,0.4,2899,8.94615028544978,8.55130501778105,18.6588151240533,118.198451408941,7.90482753507546,16.8488725501522,113.146618005137,0
PVDAQ,clipping,99,0.005,2,0.5,221,0.681993519518593,8.55130501778105,2.70691520176286,-68.3450046965432,7.90482753507546,8.23180152194059,4.13638356326276,0
PVDAQ,cloud,99,0.005,2,0.5,1989,6.13794167566734,8.55130501778105,18.2142738251305,112.999931440369,7.90482753507546,16.0901854452386,103.548848774283,0
PVDAQ,combined,99,0.005,2,0.5,2210,6.81993519518593,8.55130501778105,17.3007668289618,102.317269621276,7.90482753507546,15.4848608817004,95.8911919708637,0
PVDAQ,clipping,99,0.005,2,0.6,221,0.681993519518593,8.55130501778105,2.70691520176286,-68.3450046965432,7.90482753507546,8.23180152194059,4.13638356326276,0
PVDAQ,cloud,99,0.005,2,0.6,1496,4.61657151674124,8.55130501778105,14.8601793017271,73.7767425068774,7.90482753507546,13.9615825973905,76.6209640303958,0
PVDAQ,combined,99,0.005,2,0.6,1717,5.29856503625984,8.55130501778105,13.9048569797003,62.6050871859607,7.90482753507546,13.3625687601141,69.0431410530019,0
PVDAQ,clipping,99,0.005,2,0.7,221,0.681993519518593,8.55130501778105,2.70691520176286,-68.3450046965432,7.90482753507546,8.23180152194059,4.13638356326276,0
PVDAQ,cloud,99,0.005,2,0.7,1174,3.62289770097207,8.55130501778105,11.4731934181842,34.1689180110823,7.90482753507546,11.282521854681,42.7295131312851,0
PVDAQ,combined,99,0.005,2,0.7,1395,4.30489122049067,8.55130501778105,10.5802231642283,23.7264153509723,7.90482753507546,10.8565163504651,37.3403316175128,0
PVDAQ,clipping,99,0.005,3,0.3,165,0.50918068199352,8.55130501778105,2.36527384554246,-72.340200231143,7.90482753507546,6.35173706901866,-19.6473668674668,0
PVDAQ,cloud,99,0.005,3,0.3,3467,10.6989662089184,8.55130501778105,17.5215682969342,104.8993488187,7.90482753507546,15.7678542671864,99.4711990517304,0
PVDAQ,combined,99,0.005,3,0.3,3632,11.2081468909119,8.55130501778105,17.1263658549679,100.277803438848,7.90482753507546,15.4649002110138,95.6386795586955,0
PVDAQ,clipping,99,0.005,3,0.4,165,0.50918068199352,8.55130501778105,2.36527384554246,-72.340200231143,7.90482753507546,6.35173706901866,-19.6473668674668,0
PVDAQ,cloud,99,0.005,3,0.4,2678,8.26415676593118,8.55130501778105,19.3978770383339,126.841131242532,7.90482753507546,17.3700838442889,119.740200114601,0
PVDAQ,combined,99,0.005,3,0.4,2843,8.7733374479247,8.55130501778105,18.8351849545138,120.260941638137,7.90482753507546,16.9277967573148,114.145048480848,0
PVDAQ,clipping,99,0.005,3,0.5,165,0.50918068199352,8.55130501778105,2.36527384554246,-72.340200231143,7.90482753507546,6.35173706901866,-19.6473668674668,0
PVDAQ,cloud,99,0.005,3,0.5,1989,6.13794167566734,8.55130501778105,18.2142738251305,112.999931440369,7.90482753507546,16.0901854452386,103.548848774283,0
PVDAQ,combined,99,0.005,3,0.5,2154,6.64712235766086,8.55130501778105,17.5149926536365,104.82245244693,7.90482753507546,15.5612599233503,96.8576778468798,0
PVDAQ,clipping,99,0.005,3,0.6,165,0.50918068199352,8.55130501778105,2.36527384554246,-72.340200231143,7.90482753507546,6.35173706901866,-19.6473668674668,0
PVDAQ,cloud,99,0.005,3,0.6,1496,4.61657151674124,8.55130501778105,14.8601793017271,73.7767425068774,7.90482753507546,13.9615825973905,76.6209640303958,0
PVDAQ,combined,99,0.005,3,0.6,1661,5.12575219873476,8.55130501778105,14.1224794112915,65.149990345638,7.90482753507546,13.4003745400212,69.5214029725602,0
PVDAQ,clipping,99,0.005,3,0.7,165,0.50918068199352,8.55130501778105,2.36527384554246,-72.340200231143,7.90482753507546,6.35173706901866,-19.6473668674668,0
PVDAQ,cloud,99,0.005,3,0.7,1174,3.62289770097207,8.55130501778105,11.4731934181842,34.1689180110823,7.90482753507546,11.282521854681,42.7295131312851,0
PVDAQ,combined,99,0.005,3,0.7,1339,4.13207838296559,8.55130501778105,10.7750995055582,26.0053229671164,7.90482753507546,10.7972534928882,36.5906269931686,0
PVDAQ,clipping,99,0.005,5,0.3,90,0.277734917451011,8.55130501778105,2.10249076789354,-75.4132174735698,7.90482753507546,4.33932794083117,-45.1053432655347,0
PVDAQ,cloud,99,0.005,5,0.3,3467,10.6989662089184,8.55130501778105,17.5215682969342,104.8993488187,7.90482753507546,15.7678542671864,99.4711990517304,0
PVDAQ,combined,99,0.005,5,0.3,3557,10.9767011263694,8.55130501778105,17.3017133799234,102.328338703242,7.90482753507546,15.5823904665838,97.1249897286348,0
PVDAQ,clipping,99,0.005,5,0.4,90,0.277734917451011,8.55130501778105,2.10249076789354,-75.4132174735698,7.90482753507546,4.33932794083117,-45.1053432655347,0
PVDAQ,cloud,99,0.005,5,0.4,2678,8.26415676593118,8.55130501778105,19.3978770383339,126.841131242532,7.90482753507546,17.3700838442889,119.740200114601,0
PVDAQ,combined,99,0.005,5,0.4,2768,8.54189168338219,8.55130501778105,19.0836815639824,123.166891185626,7.90482753507546,17.1032686426703,116.364855106318,0
PVDAQ,clipping,99,0.005,5,0.5,90,0.277734917451011,8.55130501778105,2.10249076789354,-75.4132174735698,7.90482753507546,4.33932794083117,-45.1053432655347,0
PVDAQ,cloud,99,0.005,5,0.5,1989,6.13794167566734,8.55130501778105,18.2142738251305,112.999931440369,7.90482753507546,16.0901854452386,103.548848774283,0
PVDAQ,combined,99,0.005,5,0.5,2079,6.41567659311835,8.55130501778105,17.8210335939226,108.401332391567,7.90482753507546,15.7639358566686,99.4216292097519,0
PVDAQ,clipping,99,0.005,5,0.6,90,0.277734917451011,8.55130501778105,2.10249076789354,-75.4132174735698,7.90482753507546,4.33932794083117,-45.1053432655347,0
PVDAQ,cloud,99,0.005,5,0.6,1496,4.61657151674124,8.55130501778105,14.8601793017271,73.7767425068774,7.90482753507546,13.9615825973905,76.6209640303958,0
PVDAQ,combined,99,0.005,5,0.6,1586,4.89430643419225,8.55130501778105,14.4410777350238,68.875717858221,7.90482753507546,13.5990054808736,72.0341831688527,0
PVDAQ,clipping,99,0.005,5,0.7,90,0.277734917451011,8.55130501778105,2.10249076789354,-75.4132174735698,7.90482753507546,4.33932794083117,-45.1053432655347,0
PVDAQ,cloud,99,0.005,5,0.7,1174,3.62289770097207,8.55130501778105,11.4731934181842,34.1689180110823,7.90482753507546,11.282521854681,42.7295131312851,0
PVDAQ,combined,99,0.005,5,0.7,1264,3.90063261842308,8.55130501778105,11.0714149830358,29.4704721678686,7.90482753507546,10.9349110145685,38.3320631101426,0
PVDAQ,clipping,99,0.01,2,0.3,233,0.719024841845394,8.55130501778105,2.64353909999105,-69.0861325318857,7.90482753507546,8.10840674473591,2.57537825786996,0
PVDAQ,cloud,99,0.01,2,0.3,3467,10.6989662089184,8.55130501778105,17.5215682969342,104.8993488187,7.90482753507546,15.7678542671864,99.4711990517304,0
PVDAQ,combined,99,0.01,2,0.3,3700,11.4179910507638,8.55130501778105,16.9738737354422,98.4945420628528,7.90482753507546,15.3983374383761,94.796627378021,0
PVDAQ,clipping,99,0.01,2,0.4,233,0.719024841845394,8.55130501778105,2.64353909999105,-69.0861325318857,7.90482753507546,8.10840674473591,2.57537825786996,0
PVDAQ,cloud,99,0.01,2,0.4,2678,8.26415676593118,8.55130501778105,19.3978770383339,126.841131242532,7.90482753507546,17.3700838442889,119.740200114601,0
PVDAQ,combined,99,0.01,2,0.4,2911,8.98318160777658,8.55130501778105,18.6203991264903,117.749210065273,7.90482753507546,16.8176157943597,112.751204497964,0
PVDAQ,clipping,99,0.01,2,0.5,233,0.719024841845394,8.55130501778105,2.64353909999105,-69.0861325318857,7.90482753507546,8.10840674473591,2.57537825786996,0
PVDAQ,cloud,99,0.01,2,0.5,1989,6.13794167566734,8.55130501778105,18.2142738251305,112.999931440369,7.90482753507546,16.0901854452386,103.548848774283,0
PVDAQ,combined,99,0.01,2,0.5,2222,6.85696651751273,8.55130501778105,17.2541031806295,101.771579247289,7.90482753507546,15.4479932245259,95.4247977704733,0
PVDAQ,clipping,99,0.01,2,0.6,233,0.719024841845394,8.55130501778105,2.64353909999105,-69.0861325318857,7.90482753507546,8.10840674473591,2.57537825786996,0
PVDAQ,cloud,99,0.01,2,0.6,1496,4.61657151674124,8.55130501778105,14.8601793017271,73.7767425068774,7.90482753507546,13.9615825973905,76.6209640303958,0
PVDAQ,combined,99,0.01,2,0.6,1729,5.33559635858664,8.55130501778105,13.8567063034606,62.0420073269262,7.90482753507546,13.3235715304348,68.5498067012232,0
PVDAQ,clipping,99,0.01,2,0.7,233,0.719024841845394,8.55130501778105,2.64353909999105,-69.0861325318857,7.90482753507546,8.10840674473591,2.57537825786996,0
PVDAQ,cloud,99,0.01,2,0.7,1174,3.62289770097207,8.55130501778105,11.4731934181842,34.1689180110823,7.90482753507546,11.282521854681,42.7295131312851,0
PVDAQ,combined,99,0.01,2,0.7,1407,4.34192254281747,8.55130501778105,10.5353092293972,23.2011863392862,7.90482753507546,10.8214021027931,36.8961189194346,0
PVDAQ,clipping,99,0.01,3,0.3,175,0.540040117265854,8.55130501778105,2.3095987607761,-72.9912714378254,7.90482753507546,6.27373433529866,-20.6341402458091,0
PVDAQ,cloud,99,0.01,3,0.3,3467,10.6989662089184,8.55130501778105,17.5215682969342,104.8993488187,7.90482753507546,15.7678542671864,99.4711990517304,0
PVDAQ,combined,99,0.01,3,0.3,3642,11.2390063261842,8.55130501778105,17.1029208444152,100.003634636497,7.90482753507546,15.4457085441957,95.3958954279481,0
PVDAQ,clipping,99,0.01,3,0.4,175,0.540040117265854,8.55130501778105,2.3095987607761,-72.9912714378254,7.90482753507546,6.27373433529866,-20.6341402458091,0
PVDAQ,cloud,99,0.01,3,0.4,2678,8.26415676593118,8.55130501778105,19.3978770383339,126.841131242532,7.90482753507546,17.3700838442889,119.740200114601,0
PVDAQ,combined,99,0.01,3,0.4,2853,8.80419688319704,8.55130501778105,18.8022434534427,119.875719721686,7.90482753507546,16.9005006957166,113.799739725191,0
PVDAQ,clipping,99,0.01,3,0.5,175,0.540040117265854,8.55130501778105,2.3095987607761,-72.9912714378254,7.90482753507546,6.27373433529866,-20.6341402458091,0
PVDAQ,cloud,99,0.01,3,0.5,1989,6.13794167566734,8.55130501778105,18.2142738251305,112.999931440369,7.90482753507546,16.0901854452386,103.548848774283,0
PVDAQ,combined,99,0.01,3,0.5,2164,6.67798179293319,8.55130501778105,17.4746142466154,104.350262448595,7.90482753507546,15.5287024142007,96.445809162773,0
PVDAQ,clipping,99,0.01,3,0.6,175,0.540040117265854,8.55130501778105,2.3095987607761,-72.9912714378254,7.90482753507546,6.27373433529866,-20.6341402458091,0
PVDAQ,cloud,99,0.01,3,0.6,1496,4.61657151674124,8.55130501778105,14.8601793017271,73.7767425068774,7.90482753507546,13.9615825973905,76.6209640303958,0
PVDAQ,combined,99,0.01,3,0.6,1671,5.1566116340071,8.55130501778105,14.0803793848235,64.6576675202864,7.90482753507546,13.3653923690238,69.0788611101083,0
PVDAQ,clipping,99,0.01,3,0.7,175,0.540040117265854,8.55130501778105,2.3095987607761,-72.9912714378254,7.90482753507546,6.27373433529866,-20.6341402458091,0
PVDAQ,cloud,99,0.01,3,0.7,1174,3.62289770097207,8.55130501778105,11.4731934181842,34.1689180110823,7.90482753507546,11.282521854681,42.7295131312851,0
PVDAQ,combined,99,0.01,3,0.7,1349,4.16293781823793,8.55130501778105,10.7354468330044,25.5416197958298,7.90482753507546,10.765119401452,36.1841147537351,0
PVDAQ,clipping,99,0.01,5,0.3,93,0.286992748032711,8.55130501778105,2.06830291012071,-75.8130144367437,7.90482753507546,4.26877149702613,-45.9979173728377,0
PVDAQ,cloud,99,0.01,5,0.3,3467,10.6989662089184,8.55130501778105,17.5215682969342,104.8993488187,7.90482753507546,15.7678542671864,99.4711990517304,0
PVDAQ,combined,99,0.01,5,0.3,3560,10.9859589569511,8.55130501778105,17.2944217996232,102.243070077166,7.90482753507546,15.5758235149188,97.0419145238197,0
PVDAQ,clipping,99,0.01,5,0.4,93,0.286992748032711,8.55130501778105,2.06830291012071,-75.8130144367437,7.90482753507546,4.26877149702613,-45.9979173728377,0
PVDAQ,cloud,99,0.01,5,0.4,2678,8.26415676593118,8.55130501778105,19.3978770383339,126.841131242532,7.90482753507546,17.3700838442889,119.740200114601,0
PVDAQ,combined,99,0.01,5,0.4,2771,8.55114951396389,8.55130501778105,19.0733483768275,123.046053639386,7.90482753507546,17.0940078339356,116.247701269708,0
PVDAQ,clipping,99,0.01,5,0.5,93,0.286992748032711,8.55130501778105,2.06830291012071,-75.8130144367437,7.90482753507546,4.26877149702613,-45.9979173728377,0
PVDAQ,cloud,99,0.01,5,0.5,1989,6.13794167566734,8.55130501778105,18.2142738251305,112.999931440369,7.90482753507546,16.0901854452386,103.548848774283,0
PVDAQ,combined,99,0.01,5,0.5,2082,6.42493442370005,8.55130501778105,17.8081896106281,108.251133290169,7.90482753507546,15.7525745378951,99.2779028764059,0
PVDAQ,clipping,99,0.01,5,0.6,93,0.286992748032711,8.55130501778105,2.06830291012071,-75.8130144367437,7.90482753507546,4.26877149702613,-45.9979173728377,0
PVDAQ,cloud,99,0.01,5,0.6,1496,4.61657151674124,8.55130501778105,14.8601793017271,73.7767425068774,7.90482753507546,13.9615825973905,76.6209640303958,0
PVDAQ,combined,99,0.01,5,0.6,1589,4.90356426477396,8.55130501778105,14.4274390732193,68.716225689761,7.90482753507546,13.5861622101189,71.8717094058549,0
PVDAQ,clipping,99,0.01,5,0.7,93,0.286992748032711,8.55130501778105,2.06830291012071,-75.8130144367437,7.90482753507546,4.26877149702613,-45.9979173728377,0
PVDAQ,cloud,99,0.01,5,0.7,1174,3.62289770097207,8.55130501778105,11.4731934181842,34.1689180110823,7.90482753507546,11.282521854681,42.7295131312851,0
PVDAQ,combined,99,0.01,5,0.7,1267,3.90989044900478,8.55130501778105,11.0582997953898,29.3171015698285,7.90482753507546,10.9219576969348,38.1681971993913,0
PVDAQ,clipping,99,0.02,2,0.3,263,0.811603147662398,8.55130501778105,2.55480085737207,-70.1238483242058,7.90482753507546,7.96022709844619,0.700832031121592,0
PVDAQ,cloud,99,0.02,2,0.3,3467,10.6989662089184,8.55130501778105,17.5215682969342,104.8993488187,7.90482753507546,15.7678542671864,99.4711990517304,0
PVDAQ,combined,99,0.02,2,0.3,3730,11.5105693565808,8.55130501778105,16.9061767569338,97.7028853698959,7.90482753507546,15.3480506556651,94.1604745652255,0
PVDAQ,clipping,99,0.02,2,0.4,263,0.811603147662398,8.55130501778105,2.55480085737207,-70.1238483242058,7.90482753507546,7.96022709844619,0.700832031121592,0
PVDAQ,cloud,99,0.02,2,0.4,2678,8.26415676593118,8.55130501778105,19.3978770383339,126.841131242532,7.90482753507546,17.3700838442889,119.740200114601,0
PVDAQ,combined,99,0.02,2,0.4,2941,9.07575991359358,8.55130501778105,18.5259965642012,116.645255030424,7.90482753507546,16.7452938394747,111.836295797374,0
PVDAQ,clipping,99,0.02,2,0.5,263,0.811603147662398,8.55130501778105,2.55480085737207,-70.1238483242058,7.90482753507546,7.96022709844619,0.700832031121592,0
PVDAQ,cloud,99,0.02,2,0.5,1989,6.13794167566734,8.55130501778105,18.2142738251305,112.999931440369,7.90482753507546,16.0901854452386,103.548848774283,0
PVDAQ,combined,99,0.02,2,0.5,2252,6.94954482332973,8.55130501778105,17.1399368928077,100.436504804448,7.90482753507546,15.3642186598989,94.3650078603803,0
PVDAQ,clipping,99,0.02,2,0.6,263,0.811603147662398,8.55130501778105,2.55480085737207,-70.1238483242058,7.90482753507546,7.96022709844619,0.700832031121592,0
PVDAQ,cloud,99,0.02,2,0.6,1496,4.61657151674124,8.55130501778105,14.8601793017271,73.7767425068774,7.90482753507546,13.9615825973905,76.6209640303958,0
PVDAQ,combined,99,0.02,2,0.6,1759,5.42817466440364,8.55130501778105,13.7398615587638,60.6756106839128,7.90482753507546,13.2384015858171,67.4723645402175,0
PVDAQ,clipping,99,0.02,2,0.7,263,0.811603147662398,8.55130501778105,2.55480085737207,-70.1238483242058,7.90482753507546,7.96022709844619,0.700832031121592,0
PVDAQ,cloud,99,0.02,2,0.7,1174,3.62289770097207,8.55130501778105,11.4731934181842,34.1689180110823,7.90482753507546,11.282521854681,42.7295131312851,0
PVDAQ,combined,99,0.02,2,0.7,1437,4.43450084863447,8.55130501778105,10.4277050298858,21.9428497545472,7.90482753507546,10.7515024006492,36.0118529207926,0
PVDAQ,clipping,99,0.02,3,0.3,194,0.59867304428329,8.55130501778105,2.24773282861942,-73.7147391661784,7.90482753507546,6.0166652876812,-23.8861915584631,0
PVDAQ,cloud,99,0.02,3,0.3,3467,10.6989662089184,8.55130501778105,17.5215682969342,104.8993488187,7.90482753507546,15.7678542671864,99.4711990517304,0
PVDAQ,combined,99,0.02,3,0.3,3661,11.2976392532017,8.55130501778105,17.0588559280535,99.4883341499619,7.90482753507546,15.4067718787473,94.9033272438145,0
PVDAQ,clipping,99,0.02,3,0.4,194,0.59867304428329,8.55130501778105,2.24773282861942,-73.7147391661784,7.90482753507546,6.0166652876812,-23.8861915584631,0
PVDAQ,cloud,99,0.02,3,0.4,2678,8.26415676593118,8.55130501778105,19.3978770383339,126.841131242532,7.90482753507546,17.3700838442889,119.740200114601,0
PVDAQ,combined,99,0.02,3,0.4,2872,8.86282981021447,8.55130501778105,18.7403796073625,119.152276388164,7.90482753507546,16.8458986068651,113.108996143383,0
PVDAQ,clipping,99,0.02,3,0.5,194,0.59867304428329,8.55130501778105,2.24773282861942,-73.7147391661784,7.90482753507546,6.0166652876812,-23.8861915584631,0
PVDAQ,cloud,99,0.02,3,0.5,1989,6.13794167566734,8.55130501778105,18.2142738251305,112.999931440369,7.90482753507546,16.0901854452386,103.548848774283,0
PVDAQ,combined,99,0.02,3,0.5,2183,6.73661471995062,8.55130501778105,17.3990160266096,103.466207677439,7.90482753507546,15.4629750223345,95.6143249643574,0
PVDAQ,clipping,99,0.02,3,0.6,194,0.59867304428329,8.55130501778105,2.24773282861942,-73.7147391661784,7.90482753507546,6.0166652876812,-23.8861915584631,0
PVDAQ,cloud,99,0.02,3,0.6,1496,4.61657151674124,8.55130501778105,14.8601793017271,73.7767425068774,7.90482753507546,13.9615825973905,76.6209640303958,0
PVDAQ,combined,99,0.02,3,0.6,1690,5.21524456102453,8.55130501778105,14.0019914128948,63.7409890511436,7.90482753507546,13.2930517609327,68.1637164371834,0
PVDAQ,clipping,99,0.02,3,0.7,194,0.59867304428329,8.55130501778105,2.24773282861942,-73.7147391661784,7.90482753507546,6.0166652876812,-23.8861915584631,0
PVDAQ,cloud,99,0.02,3,0.7,1174,3.62289770097207,8.55130501778105,11.4731934181842,34.1689180110823,7.90482753507546,11.282521854681,42.7295131312851,0
PVDAQ,combined,99,0.02,3,0.7,1368,4.22157074525536,8.55130501778105,10.6622338329608,24.6854580767549,7.90482753507546,10.6947113565156,35.2934179659302,0
PVDAQ,clipping,99,0.02,5,0.3,107,0.330195957413979,8.55130501778105,1.94711355241581,-77.2302175122147,7.90482753507546,4.04627298341061,-48.8126342357705,0
PVDAQ,cloud,99,0.02,5,0.3,3467,10.6989662089184,8.55130501778105,17.5215682969342,104.8993488187,7.90482753507546,15.7678542671864,99.4711990517304,0
PVDAQ,combined,99,0.02,5,0.3,3574,11.0291621663324,8.55130501778105,17.2605792777224,101.847311513644,7.90482753507546,15.5458012846731,96.6621183788376,0
PVDAQ,clipping,99,0.02,5,0.4,107,0.330195957413979,8.55130501778105,1.94711355241581,-77.2302175122147,7.90482753507546,4.04627298341061,-48.8126342357705,0
PVDAQ,cloud,99,0.02,5,0.4,2678,8.26415676593118,8.55130501778105,19.3978770383339,126.841131242532,7.90482753507546,17.3700838442889,119.740200114601,0
PVDAQ,combined,99,0.02,5,0.4,2785,8.59435272334516,8.55130501778105,19.0254215894941,122.485591964429,7.90482753507546,17.0515902936509,115.711098287588,0
PVDAQ,clipping,99,0.02,5,0.5,107,0.330195957413979,8.55130501778105,1.94711355241581,-77.2302175122147,7.90482753507546,4.04627298341061,-48.8126342357705,0
PVDAQ,cloud,99,0.02,5,0.5,1989,6.13794167566734,8.55130501778105,18.2142738251305,112.999931440369,7.90482753507546,16.0901854452386,103.548848774283,0
PVDAQ,combined,99,0.02,5,0.5,2096,6.46813763308131,8.55130501778105,17.7487211714066,107.555702135534,7.90482753507546,15.7007460099095,98.6222462190582,0
PVDAQ,clipping,99,0.02,5,0.6,107,0.330195957413979,8.55130501778105,1.94711355241581,-77.2302175122147,7.90482753507546,4.04627298341061,-48.8126342357705,0
PVDAQ,cloud,99,0.02,5,0.6,1496,4.61657151674124,8.55130501778105,14.8601793017271,73.7767425068774,7.90482753507546,13.9615825973905,76.6209640303958,0
PVDAQ,combined,99,0.02,5,0.6,1603,4.94676747415522,8.55130501778105,14.3644688290756,67.9798440028398,7.90482753507546,13.5280217614178,71.1362038120498,0
PVDAQ,clipping,99,0.02,5,0.7,107,0.330195957413979,8.55130501778105,1.94711355241581,-77.2302175122147,7.90482753507546,4.04627298341061,-48.8126342357705,0
PVDAQ,cloud,99,0.02,5,0.7,1174,3.62289770097207,8.55130501778105,11.4731934181842,34.1689180110823,7.90482753507546,11.282521854681,42.7295131312851,0
PVDAQ,combined,99,0.02,5,0.7,1281,3.95309365838605,8.55130501778105,10.9979834991766,28.6117554725046,7.90482753507546,10.8641645088241,37.4370846247744,0
PVDAQ,clipping,99.5,0.005,2,0.3,110,0.33945378799568,8.55130501778105,3.41662954283909,-60.0455189502098,7.90482753507546,9.80670566740084,24.0597043248107,0
PVDAQ,cloud,99.5,0.005,2,0.3,3467,10.6989662089184,8.55130501778105,17.5215682969342,104.8993488187,7.90482753507546,15.7678542671864,99.4711990517304,0
PVDAQ,combined,99.5,0.005,2,0.3,3577,11.0384199969141,8.55130501778105,17.2604547463509,101.845855228653,7.90482753507546,15.6184815623579,97.5815600410673,0
PVDAQ,clipping,99.5,0.005,2,0.4,110,0.33945378799568,8.55130501778105,3.41662954283909,-60.0455189502098,7.90482753507546,9.80670566740084,24.0597043248107,0
PVDAQ,cloud,99.5,0.005,2,0.4,2678,8.26415676593118,8.55130501778105,19.3978770383339,126.841131242532,7.90482753507546,17.3700838442889,119.740200114601,0
PVDAQ,combined,99.5,0.005,2,0.4,2788,8.60361055392686,8.55130501778105,19.0234655753774,122.462718097662,7.90482753507546,17.1350501296261,116.766906723696,0
PVDAQ,clipping,99.5,0.005,2,0.5,110,0.33945378799568,8.55130501778105,3.41662954283909,-60.0455189502098,7.90482753507546,9.80670566740084,24.0597043248107,0
PVDAQ,cloud,99.5,0.005,2,0.5,1989,6.13794167566734,8.55130501778105,18.2142738251305,112.999931440369,7.90482753507546,16.0901854452386,103.548848774283,0
PVDAQ,combined,99.5,0.005,2,0.5,2099,6.47739546366301,8.55130501778105,17.7478266830796,107.545241880343,7.90482753507546,15.8229719890296,100.168465647348,0
PVDAQ,clipping,99.5,0.005,2,0.6,110,0.33945378799568,8.55130501778105,3.41662954283909,-60.0455189502098,7.90482753507546,9.80670566740084,24.0597043248107,0
PVDAQ,cloud,99.5,0.005,2,0.6,1496,4.61657151674124,8.55130501778105,14.8601793017271,73.7767425068774,7.90482753507546,13.9615825973905,76.6209640303958,0
PVDAQ,combined,99.5,0.005,2,0.6,1606,4.95602530473692,8.55130501778105,14.3700897276393,68.0455754736734,7.90482753507546,13.7172079743529,73.5295035025957,0
PVDAQ,clipping,99.5,0.005,2,0.7,110,0.33945378799568,8.55130501778105,3.41662954283909,-60.0455189502098,7.90482753507546,9.80670566740084,24.0597043248107,0
PVDAQ,cloud,99.5,0.005,2,0.7,1174,3.62289770097207,8.55130501778105,11.4731934181842,34.1689180110823,7.90482753507546,11.282521854681,42.7295131312851,0
PVDAQ,combined,99.5,0.005,2,0.7,1284,3.96235148896775,8.55130501778105,11.0162221653822,28.825040651406,7.90482753507546,11.1637327199157,41.2267714934921,0
PVDAQ,clipping,99.5,0.005,3,0.3,78,0.240703595124209,8.55130501778105,2.93649296460166,-65.6602944404895,7.90482753507546,7.39117415551175,-6.49797073098081,0
PVDAQ,cloud,99.5,0.005,3,0.3,3467,10.6989662089184,8.55130501778105,17.5215682969342,104.8993488187,7.90482753507546,15.7678542671864,99.4711990517304,0
PVDAQ,combined,99.5,0.005,3,0.3,3545,10.9396698040426,8.55130501778105,17.3332080660958,102.696641390457,7.90482753507546,15.6319152362093,97.751502696891,0
PVDAQ,clipping,99.5,0.005,3,0.4,78,0.240703595124209,8.55130501778105,2.93649296460166,-65.6602944404895,7.90482753507546,7.39117415551175,-6.49797073098081,0
PVDAQ,cloud,99.5,0.005,3,0.4,2678,8.26415676593118,8.55130501778105,19.3978770383339,126.841131242532,7.90482753507546,17.3700838442889,119.740200114601,0
PVDAQ,combined,99.5,0.005,3,0.4,2756,8.50486036105539,8.55130501778105,19.1277890389598,123.682689357784,7.90482753507546,17.1676058154917,117.178752342353,0
PVDAQ,clipping,99.5,0.005,3,0.5,78,0.240703595124209,8.55130501778105,2.93649296460166,-65.6602944404895,7.90482753507546,7.39117415551175,-6.49797073098081,0
PVDAQ,cloud,99.5,0.005,3,0.5,1989,6.13794167566734,8.55130501778105,18.2142738251305,112.999931440369,7.90482753507546,16.0901854452386,103.548848774283,0
PVDAQ,combined,99.5,0.005,3,0.5,2067,6.37864527079154,8.55130501778105,17.8764070836506,109.048876709222,7.90482753507546,15.8488475633444,100.495804532352,0
PVDAQ,clipping,99.5,0.005,3,0.6,78,0.240703595124209,8.55130501778105,2.93649296460166,-65.6602944404895,7.90482753507546,7.39117415551175,-6.49797073098081,0
PVDAQ,cloud,99.5,0.005,3,0.6,1496,4.61657151674124,8.55130501778105,14.8601793017271,73.7767425068774,7.90482753507546,13.9615825973905,76.6209640303958,0
PVDAQ,combined,99.5,0.005,3,0.6,1574,4.85727511186545,8.55130501778105,14.5020413691709,69.5886340040058,7.90482753507546,13.7103379062388,73.4425937239365,0
PVDAQ,clipping,99.5,0.005,3,0.7,78,0.240703595124209,8.55130501778105,2.93649296460166,-65.6602944404895,7.90482753507546,7.39117415551175,-6.49797073098081,0
PVDAQ,cloud,99.5,0.005,3,0.7,1174,3.62289770097207,8.55130501778105,11.4731934181842,34.1689180110823,7.90482753507546,11.282521854681,42.7295131312851,0
PVDAQ,combined,99.5,0.005,3,0.7,1252,3.86360129609628,8.55130501778105,11.1342054780811,30.2047518469914,7.90482753507546,11.0800809610744,40.1685351376698,0
PVDAQ,clipping,99.5,0.005,5,0.3,43,0.132695571671038,8.55130501778105,2.85404812462481,-66.6244144175622,7.90482753507546,5.08016212947047,-35.7334223051842,0
PVDAQ,cloud,99.5,0.005,5,0.3,3467,10.6989662089184,8.55130501778105,17.5215682969342,104.8993488187,7.90482753507546,15.7678542671864,99.4711990517304,0
PVDAQ,combined,99.5,0.005,5,0.3,3510,10.8316617805894,8.55130501778105,17.4167766995271,103.673903144745,7.90482753507546,15.6810573311606,98.3731746401837,0
PVDAQ,clipping,99.5,0.005,5,0.4,43,0.132695571671038,8.55130501778105,2.85404812462481,-66.6244144175622,7.90482753507546,5.08016212947047,-35.7334223051842,0
PVDAQ,cloud,99.5,0.005,5,0.4,2678,8.26415676593118,8.55130501778105,19.3978770383339,126.841131242532,7.90482753507546,17.3700838442889,119.740200114601,0
PVDAQ,combined,99.5,0.005,5,0.4,2721,8.39685233760222,8.55130501778105,19.2473384631379,125.080714851315,7.90482753507546,17.2441171236936,118.146658446091,0
PVDAQ,clipping,99.5,0.005,5,0.5,43,0.132695571671038,8.55130501778105,2.85404812462481,-66.6244144175622,7.90482753507546,5.08016212947047,-35.7334223051842,0
PVDAQ,cloud,99.5,0.005,5,0.5,1989,6.13794167566734,8.55130501778105,18.2142738251305,112.999931440369,7.90482753507546,16.0901854452386,103.548848774283,0
PVDAQ,combined,99.5,0.005,5,0.5,2032,6.27063724733837,8.55130501778105,18.0253054414165,110.790112198498,7.90482753507546,15.9361738542335,101.600525546208,0
PVDAQ,clipping,99.5,0.005,5,0.6,43,0.132695571671038,8.55130501778105,2.85404812462481,-66.6244144175622,7.90482753507546,5.08016212947047,-35.7334223051842,0
PVDAQ,cloud,99.5,0.005,5,0.6,1496,4.61657151674124,8.55130501778105,14.8601793017271,73.7767425068774,7.90482753507546,13.9615825973905,76.6209640303958,0
PVDAQ,combined,99.5,0.005,5,0.6,1539,4.74926708841228,8.55130501778105,14.6588751677947,71.4226675029599,7.90482753507546,13.7913234161249,74.4671007043455,0
PVDAQ,clipping,99.5,0.005,5,0.7,43,0.132695571671038,8.55130501778105,2.85404812462481,-66.6244144175622,7.90482753507546,5.08016212947047,-35.7334223051842,0
PVDAQ,cloud,99.5,0.005,5,0.7,1174,3.62289770097207,8.55130501778105,11.4731934181842,34.1689180110823,7.90482753507546,11.282521854681,42.7295131312851,0
PVDAQ,combined,99.5,0.005,5,0.7,1217,3.75559327264311,8.55130501778105,11.2814436939915,31.9265734356747,7.90482753507546,11.122475987236,40.7048533049345,0
PVDAQ,clipping,99.5,0.01,2,0.3,116,0.35796944915908,8.55130501778105,3.33564685299645,-60.9925403659382,7.90482753507546,9.70333529981299,22.7520177607564,0
PVDAQ,cloud,99.5,0.01,2,0.3,3467,10.6989662089184,8.55130501778105,17.5215682969342,104.8993488187,7.90482753507546,15.7678542671864,99.4711990517304,0
PVDAQ,combined,99.5,0.01,2,0.3,3583,11.0569356580775,8.55130501778105,17.2460502133189,101.677406868993,7.90482753507546,15.6084665867628,97.4548656185677,0
PVDAQ,clipping,99.5,0.01,2,0.4,116,0.35796944915908,8.55130501778105,3.33564685299645,-60.9925403659382,7.90482753507546,9.70333529981299,22.7520177607564,0
PVDAQ,cloud,99.5,0.01,2,0.4,2678,8.26415676593118,8.55130501778105,19.3978770383339,126.841131242532,7.90482753507546,17.3700838442889,119.740200114601,0
PVDAQ,combined,99.5,0.01,2,0.4,2794,8.62212621509027,8.55130501778105,19.0030907838819,122.224452810045,7.90482753507546,17.1202284169961,116.579404686944,0
PVDAQ,clipping,99.5,0.01,2,0.5,116,0.35796944915908,8.55130501778105,3.33564685299645,-60.9925403659382,7.90482753507546,9.70333529981299,22.7520177607564,0
PVDAQ,cloud,99.5,0.01,2,0.5,1989,6.13794167566734,8.55130501778105,18.2142738251305,112.999931440369,7.90482753507546,16.0901854452386,103.548848774283,0
PVDAQ,combined,99.5,0.01,2,0.5,2105,6.49591112482642,8.55130501778105,17.7226034009843,107.250277754483,7.90482753507546,15.8055621411634,99.9482224125779,0
PVDAQ,clipping,99.5,0.01,2,0.6,116,0.35796944915908,8.55130501778105,3.33564685299645,-60.9925403659382,7.90482753507546,9.70333529981299,22.7520177607564,0
PVDAQ,cloud,99.5,0.01,2,0.6,1496,4.61657151674124,8.55130501778105,14.8601793017271,73.7767425068774,7.90482753507546,13.9615825973905,76.6209640303958,0
PVDAQ,combined,99.5,0.01,2,0.6,1612,4.97454096590032,8.55130501778105,14.3434643782217,67.734215402173,7.90482753507546,13.699425981668,73.3045524507734,0
PVDAQ,clipping,99.5,0.01,2,0.7,116,0.35796944915908,8.55130501778105,3.33564685299645,-60.9925403659382,7.90482753507546,9.70333529981299,22.7520177607564,0
PVDAQ,cloud,99.5,0.01,2,0.7,1174,3.62289770097207,8.55130501778105,11.4731934181842,34.1689180110823,7.90482753507546,11.282521854681,42.7295131312851,0
PVDAQ,combined,99.5,0.01,2,0.7,1290,3.98086715013115,8.55130501778105,10.9908062685189,28.5278240650442,7.90482753507546,11.1496733551868,41.0489135368643,0
PVDAQ,clipping,99.5,0.01,3,0.3,83,0.256133312760376,8.55130501778105,2.85906001617069,-66.5658047487987,7.90482753507546,7.326902364553,-7.31104085393495,0
PVDAQ,cloud,99.5,0.01,3,0.3,3467,10.6989662089184,8.55130501778105,17.5215682969342,104.8993488187,7.90482753507546,15.7678542671864,99.4711990517304,0
PVDAQ,combined,99.5,0.01,3,0.3,3550,10.9550995216788,8.55130501778105,17.3210449902431,102.554404903424,7.90482753507546,15.6226577646783,97.6343910775684,0
PVDAQ,clipping,99.5,0.01,3,0.4,83,0.256133312760376,8.55130501778105,2.85906001617069,-66.5658047487987,7.90482753507546,7.326902364553,-7.31104085393495,0
PVDAQ,cloud,99.5,0.01,3,0.4,2678,8.26415676593118,8.55130501778105,19.3978770383339,126.841131242532,7.90482753507546,17.3700838442889,119.740200114601,0
PVDAQ,combined,99.5,0.01,3,0.4,2761,8.52029007869156,8.55130501778105,19.1105171695478,123.480710018068,7.90482753507546,17.1541088738811,117.008009317907,0
PVDAQ,clipping,99.5,0.01,3,0.5,83,0.256133312760376,8.55130501778105,2.85906001617069,-66.5658047487987,7.90482753507546,7.326902364553,-7.31104085393495,0
PVDAQ,cloud,99.5,0.01,3,0.5,1989,6.13794167566734,8.55130501778105,18.2142738251305,112.999931440369,7.90482753507546,16.0901854452386,103.548848774283,0
PVDAQ,combined,99.5,0.01,3,0.5,2072,6.39407498842771,8.55130501778105,17.8549043298786,108.79742089368,7.90482753507546,15.832680130163,100.291278461294,1
PVDAQ,clipping,99.5,0.01,3,0.6,83,0.256133312760376,8.55130501778105,2.85906001617069,-66.5658047487987,7.90482753507546,7.326902364553,-7.31104085393495,0
PVDAQ,cloud,99.5,0.01,3,0.6,1496,4.61657151674124,8.55130501778105,14.8601793017271,73.7767425068774,7.90482753507546,13.9615825973905,76.6209640303958,0
PVDAQ,combined,99.5,0.01,3,0.6,1579,4.87270482950162,8.55130501778105,14.4791906806897,69.3214152761782,7.90482753507546,13.6931150475917,73.2247159957928,0
PVDAQ,clipping,99.5,0.01,3,0.7,83,0.256133312760376,8.55130501778105,2.85906001617069,-66.5658047487987,7.90482753507546,7.326902364553,-7.31104085393495,0
PVDAQ,cloud,99.5,0.01,3,0.7,1174,3.62289770097207,8.55130501778105,11.4731934181842,34.1689180110823,7.90482753507546,11.282521854681,42.7295131312851,0
PVDAQ,combined,99.5,0.01,3,0.7,1257,3.87903101373245,8.55130501778105,11.1122490383029,29.9479905721617,7.90482753507546,11.0650212466645,39.9780222600243,0
PVDAQ,clipping,99.5,0.01,5,0.3,46,0.141953402252739,8.55130501778105,2.77467741955866,-67.552585087432,7.90482753507546,5.06231902511584,-35.9591464500242,0
PVDAQ,cloud,99.5,0.01,5,0.3,3467,10.6989662089184,8.55130501778105,17.5215682969342,104.8993488187,7.90482753507546,15.7678542671864,99.4711990517304,0
PVDAQ,combined,99.5,0.01,5,0.3,3513,10.8409196111711,8.55130501778105,17.4093701699801,103.587290288209,7.90482753507546,15.6749877503373,98.2963914238981,0
PVDAQ,clipping,99.5,0.01,5,0.4,46,0.141953402252739,8.55130501778105,2.77467741955866,-67.552585087432,7.90482753507546,5.06231902511584,-35.9591464500242,0
PVDAQ,cloud,99.5,0.01,5,0.4,2678,8.26415676593118,8.55130501778105,19.3978770383339,126.841131242532,7.90482753507546,17.3700838442889,119.740200114601,0
PVDAQ,combined,99.5,0.01,5,0.4,2724,8.40611016818392,8.55130501778105,19.2367738682109,124.957171194468,7.90482753507546,17.2353547608281,118.035810197643,0
PVDAQ,clipping,99.5,0.01,5,0.5,46,0.141953402252739,8.55130501778105,2.77467741955866,-67.552585087432,7.90482753507546,5.06231902511584,-35.9591464500242,0
PVDAQ,cloud,99.5,0.01,5,0.5,1989,6.13794167566734,8.55130501778105,18.2142738251305,112.999931440369,7.90482753507546,16.0901854452386,103.548848774283,0
PVDAQ,combined,99.5,0.01,5,0.5,2035,6.27989507792007,8.55130501778105,18.0120670836391,110.635301233974,7.90482753507546,15.9254890648852,101.465357646581,0
PVDAQ,clipping,99.5,0.01,5,0.6,46,0.141953402252739,8.55130501778105,2.77467741955866,-67.552585087432,7.90482753507546,5.06231902511584,-35.9591464500242,0
PVDAQ,cloud,99.5,0.01,5,0.6,1496,4.61657151674124,8.55130501778105,14.8601793017271,73.7767425068774,7.90482753507546,13.9615825973905,76.6209640303958,0
PVDAQ,combined,99.5,0.01,5,0.6,1542,4.75852491899398,8.55130501778105,14.6446946610184,71.2568389335561,7.90482753507546,13.7795273144541,74.3178741510976,0
PVDAQ,clipping,99.5,0.01,5,0.7,46,0.141953402252739,8.55130501778105,2.77467741955866,-67.552585087432,7.90482753507546,5.06231902511584,-35.9591464500242,0
PVDAQ,cloud,99.5,0.01,5,0.7,1174,3.62289770097207,8.55130501778105,11.4731934181842,34.1689180110823,7.90482753507546,11.282521854681,42.7295131312851,0
PVDAQ,combined,99.5,0.01,5,0.7,1220,3.76485110322481,8.55130501778105,11.2677058738895,31.7659216980352,7.90482753507546,11.1113413813428,40.5639950022858,0
PVDAQ,clipping,99.5,0.02,2,0.3,126,0.388828884431415,8.55130501778105,3.20752424660553,-62.4908216940455,7.90482753507546,9.54212024121504,20.7125670847915,0
PVDAQ,cloud,99.5,0.02,2,0.3,3467,10.6989662089184,8.55130501778105,17.5215682969342,104.8993488187,7.90482753507546,15.7678542671864,99.4711990517304,0
PVDAQ,combined,99.5,0.02,2,0.3,3593,11.0877950933498,8.55130501778105,17.2220795190421,101.397090657293,7.90482753507546,15.5916459245664,97.2420758755683,0
PVDAQ,clipping,99.5,0.02,2,0.4,126,0.388828884431415,8.55130501778105,3.20752424660553,-62.4908216940455,7.90482753507546,9.54212024121504,20.7125670847915,0
PVDAQ,cloud,99.5,0.02,2,0.4,2678,8.26415676593118,8.55130501778105,19.3978770383339,126.841131242532,7.90482753507546,17.3700838442889,119.740200114601,0
PVDAQ,combined,99.5,0.02,2,0.4,2804,8.6529856503626,8.55130501778105,18.9692278161585,121.828455150588,7.90482753507546,17.0954171470761,116.265529781895,0
PVDAQ,clipping,99.5,0.02,2,0.5,126,0.388828884431415,8.55130501778105,3.20752424660553,-62.4908216940455,7.90482753507546,9.54212024121504,20.7125670847915,0
PVDAQ,cloud,99.5,0.02,2,0.5,1989,6.13794167566734,8.55130501778105,18.2142738251305,112.999931440369,7.90482753507546,16.0901854452386,103.548848774283,0
PVDAQ,combined,99.5,0.02,2,0.5,2115,6.52677056009875,8.55130501778105,17.6807317109316,106.760625122918,7.90482753507546,15.7764054605535,99.5793759009932,0
PVDAQ,clipping,99.5,0.02,2,0.6,126,0.388828884431415,8.55130501778105,3.20752424660553,-62.4908216940455,7.90482753507546,9.54212024121504,20.7125670847915,0
PVDAQ,cloud,99.5,0.02,2,0.6,1496,4.61657151674124,8.55130501778105,14.8601793017271,73.7767425068774,7.90482753507546,13.9615825973905,76.6209640303958,0
PVDAQ,combined,99.5,0.02,2,0.6,1622,5.00540040117266,8.55130501778105,14.2993021543736,67.2177769900674,7.90482753507546,13.6695531236363,72.9266459385924,0
PVDAQ,clipping,99.5,0.02,2,0.7,126,0.388828884431415,8.55130501778105,3.20752424660553,-62.4908216940455,7.90482753507546,9.54212024121504,20.7125670847915,0
PVDAQ,cloud,99.5,0.02,2,0.7,1174,3.62289770097207,8.55130501778105,11.4731934181842,34.1689180110823,7.90482753507546,11.282521854681,42.7295131312851,0
PVDAQ,combined,99.5,0.02,2,0.7,1300,4.01172658540349,8.55130501778105,10.9486503204611,28.034847285826,7.90482753507546,11.1257580862925,40.7463734904402,0
PVDAQ,clipping,99.5,0.02,3,0.3,91,0.280820860978244,8.55130501778105,2.74280569209371,-67.9252969413382,7.90482753507546,7.05946309746444,-10.6942806008094,0
PVDAQ,cloud,99.5,0.02,3,0.3,3467,10.6989662089184,8.55130501778105,17.5215682969342,104.8993488187,7.90482753507546,15.7678542671864,99.4711990517304,0
PVDAQ,combined,99.5,0.02,3,0.3,3558,10.9797870698966,8.55130501778105,17.3016110404497,102.327141933001,7.90482753507546,15.6057989961113,97.4211192700279,0
PVDAQ,clipping,99.5,0.02,3,0.4,91,0.280820860978244,8.55130501778105,2.74280569209371,-67.9252969413382,7.90482753507546,7.05946309746444,-10.6942806008094,0
PVDAQ,cloud,99.5,0.02,3,0.4,2678,8.26415676593118,8.55130501778105,19.3978770383339,126.841131242532,7.90482753507546,17.3700838442889,119.740200114601,0
PVDAQ,combined,99.5,0.02,3,0.4,2769,8.54497762690943,8.55130501778105,19.0829488328998,123.158322539308,7.90482753507546,17.1301471566548,116.704881676983,0
PVDAQ,clipping,99.5,0.02,3,0.5,91,0.280820860978244,8.55130501778105,2.74280569209371,-67.9252969413382,7.90482753507546,7.05946309746444,-10.6942806008094,0
PVDAQ,cloud,99.5,0.02,3,0.5,1989,6.13794167566734,8.55130501778105,18.2142738251305,112.999931440369,7.90482753507546,16.0901854452386,103.548848774283,0
PVDAQ,combined,99.5,0.02,3,0.5,2080,6.41876253664558,8.55130501778105,17.8206175960788,108.39646766223,7.90482753507546,15.8034103295149,99.9210009249629,0
PVDAQ,clipping,99.5,0.02,3,0.6,91,0.280820860978244,8.55130501778105,2.74280569209371,-67.9252969413382,7.90482753507546,7.05946309746444,-10.6942806008094,0
PVDAQ,cloud,99.5,0.02,3,0.6,1496,4.61657151674124,8.55130501778105,14.8601793017271,73.7767425068774,7.90482753507546,13.9615825973905,76.6209640303958,0
PVDAQ,combined,99.5,0.02,3,0.6,1587,4.89739237771949,8.55130501778105,14.4427838192735,68.8956690147534,7.90482753507546,13.6603884067923,72.8107077121947,0
PVDAQ,clipping,99.5,0.02,3,0.7,91,0.280820860978244,8.55130501778105,2.74280569209371,-67.9252969413382,7.90482753507546,7.05946309746444,-10.6942806008094,0
PVDAQ,cloud,99.5,0.02,3,0.7,1174,3.62289770097207,8.55130501778105,11.4731934181842,34.1689180110823,7.90482753507546,11.282521854681,42.7295131312851,0
PVDAQ,combined,99.5,0.02,3,0.7,1265,3.90371856195032,8.55130501778105,11.0772745240497,29.5389943525148,7.90482753507546,11.0328205749582,39.5706677470593,0
PVDAQ,clipping,99.5,0.02,5,0.3,52,0.160469063416139,8.55130501778105,2.62908646113294,-69.2551434469221,7.90482753507546,4.77874722467973,-39.5464707677001,0
PVDAQ,cloud,99.5,0.02,5,0.3,3467,10.6989662089184,8.55130501778105,17.5215682969342,104.8993488187,7.90482753507546,15.7678542671864,99.4711990517304,0
PVDAQ,combined,99.5,0.02,5,0.3,3519,10.8594352723345,8.55130501778105,17.3945652406076,103.414159645088,7.90482753507546,15.6616973512398,98.1282612649729,0
PVDAQ,clipping,99.5,0.02,5,0.4,52,0.160469063416139,8.55130501778105,2.62908646113294,-69.2551434469221,7.90482753507546,4.77874722467973,-39.5464707677001,0
PVDAQ,cloud,99.5,0.02,5,0.4,2678,8.26415676593118,8.55130501778105,19.3978770383339,126.841131242532,7.90482753507546,17.3700838442889,119.740200114601,0
PVDAQ,combined,99.5,0.02,5,0.4,2730,8.42462582934732,8.55130501778105,19.2156732782818,124.710418331774,7.90482753507546,17.2164963982113,117.797242530819,0
PVDAQ,clipping,99.5,0.02,5,0.5,52,0.160469063416139,8.55130501778105,2.62908646113294,-69.2551434469221,7.90482753507546,4.77874722467973,-39.5464707677001,0
PVDAQ,cloud,99.5,0.02,5,0.5,1989,6.13794167566734,8.55130501778105,18.2142738251305,112.999931440369,7.90482753507546,16.0901854452386,103.548848774283,0
PVDAQ,combined,99.5,0.02,5,0.5,2041,6.29841073908347,8.55130501778105,17.9856441942566,110.326308754726,7.90482753507546,15.9021967101014,101.170697773479,0
PVDAQ,clipping,99.5,0.02,5,0.6,52,0.160469063416139,8.55130501778105,2.62908646113294,-69.2551434469221,7.90482753507546,4.77874722467973,-39.5464707677001,0
PVDAQ,cloud,99.5,0.02,5,0.6,1496,4.61657151674124,8.55130501778105,14.8601793017271,73.7767425068774,7.90482753507546,13.9615825973905,76.6209640303958,0
PVDAQ,combined,99.5,0.02,5,0.6,1548,4.77704058015738,8.55130501778105,14.6164026514819,70.9259887360994,7.90482753507546,13.7529999988512,73.9822904146366,0
PVDAQ,clipping,99.5,0.02,5,0.7,52,0.160469063416139,8.55130501778105,2.62908646113294,-69.2551434469221,7.90482753507546,4.77874722467973,-39.5464707677001,0
PVDAQ,cloud,99.5,0.02,5,0.7,1174,3.62289770097207,8.55130501778105,11.4731934181842,34.1689180110823,7.90482753507546,11.282521854681,42.7295131312851,0
PVDAQ,combined,99.5,0.02,5,0.7,1226,3.78336676438821,8.55130501778105,11.2402918517243,31.4453387915868,7.90482753507546,11.0844369976816,40.2236411673443,0
PVDAQ,clipping,99.9,0.005,2,0.3,9,0.0277734917451011,8.55130501778105,NaN,NaN,7.90482753507546,NaN,NaN,0
PVDAQ,cloud,99.9,0.005,2,0.3,3467,10.6989662089184,8.55130501778105,17.5215682969342,104.8993488187,7.90482753507546,15.7678542671864,99.4711990517304,0
PVDAQ,combined,99.9,0.005,2,0.3,3476,10.7267397006635,8.55130501778105,17.5032214649798,104.684798736388,7.90482753507546,15.7717307210096,99.520238120654,0
PVDAQ,clipping,99.9,0.005,2,0.4,9,0.0277734917451011,8.55130501778105,NaN,NaN,7.90482753507546,NaN,NaN,0
PVDAQ,cloud,99.9,0.005,2,0.4,2678,8.26415676593118,8.55130501778105,19.3978770383339,126.841131242532,7.90482753507546,17.3700838442889,119.740200114601,0
PVDAQ,combined,99.9,0.005,2,0.4,2687,8.29193025767628,8.55130501778105,19.3704498188524,126.520394005063,7.90482753507546,17.3695174587161,119.733035055398,0
PVDAQ,clipping,99.9,0.005,2,0.5,9,0.0277734917451011,8.55130501778105,NaN,NaN,7.90482753507546,NaN,NaN,0
PVDAQ,cloud,99.9,0.005,2,0.5,1989,6.13794167566734,8.55130501778105,18.2142738251305,112.999931440369,7.90482753507546,16.0901854452386,103.548848774283,0
PVDAQ,combined,99.9,0.005,2,0.5,1998,6.16571516741244,8.55130501778105,18.1804927986338,112.604892011576,7.90482753507546,16.095356946791,103.614270841107,0
PVDAQ,clipping,99.9,0.005,2,0.6,9,0.0277734917451011,8.55130501778105,NaN,NaN,7.90482753507546,NaN,NaN,0
PVDAQ,cloud,99.9,0.005,2,0.6,1496,4.61657151674124,8.55130501778105,14.8601793017271,73.7767425068774,7.90482753507546,13.9615825973905,76.6209640303958,0
PVDAQ,combined,99.9,0.005,2,0.6,1505,4.64434500848634,8.55130501778105,14.8275465404604,73.3951310312166,7.90482753507546,13.9831789944411,76.8941691946427,0
PVDAQ,clipping,99.9,0.005,2,0.7,9,0.0277734917451011,8.55130501778105,NaN,NaN,7.90482753507546,NaN,NaN,0
PVDAQ,cloud,99.9,0.005,2,0.7,1174,3.62289770097207,8.55130501778105,11.4731934181842,34.1689180110823,7.90482753507546,11.282521854681,42.7295131312851,0
PVDAQ,combined,99.9,0.005,2,0.7,1183,3.65067119271717,8.55130501778105,11.4490271709049,33.8863149788079,7.90482753507546,11.3392059328859,43.4465949139478,0
PVDAQ,clipping,99.9,0.005,3,0.3,3,0.00925783058170035,8.55130501778105,NaN,NaN,7.90482753507546,NaN,NaN,0
PVDAQ,cloud,99.9,0.005,3,0.3,3467,10.6989662089184,8.55130501778105,17.5215682969342,104.8993488187,7.90482753507546,15.7678542671864,99.4711990517304,0
PVDAQ,combined,99.9,0.005,3,0.3,3470,10.7082240395001,8.55130501778105,17.5140050821927,104.81090366646,7.90482753507546,15.7632721845182,99.4132334269542,0
PVDAQ,clipping,99.9,0.005,3,0.4,3,0.00925783058170035,8.55130501778105,NaN,NaN,7.90482753507546,NaN,NaN,0
PVDAQ,cloud,99.9,0.005,3,0.4,2678,8.26415676593118,8.55130501778105,19.3978770383339,126.841131242532,7.90482753507546,17.3700838442889,119.740200114601,0
PVDAQ,combined,99.9,0.005,3,0.4,2681,8.27341459651288,8.55130501778105,19.387035747942,126.714351875296,7.90482753507546,17.3629894749005,119.65045281326,0
PVDAQ,clipping,99.9,0.005,3,0.5,3,0.00925783058170035,8.55130501778105,NaN,NaN,7.90482753507546,NaN,NaN,0
PVDAQ,cloud,99.9,0.005,3,0.5,1989,6.13794167566734,8.55130501778105,18.2142738251305,112.999931440369,7.90482753507546,16.0901854452386,103.548848774283,0
PVDAQ,combined,99.9,0.005,3,0.5,1992,6.14719950624904,8.55130501778105,18.2005741903351,112.839726246345,7.90482753507546,16.0818819206938,103.443805058807,0
PVDAQ,clipping,99.9,0.005,3,0.6,3,0.00925783058170035,8.55130501778105,NaN,NaN,7.90482753507546,NaN,NaN,0
PVDAQ,cloud,99.9,0.005,3,0.6,1496,4.61657151674124,8.55130501778105,14.8601793017271,73.7767425068774,7.90482753507546,13.9615825973905,76.6209640303958,0
PVDAQ,combined,99.9,0.005,3,0.6,1499,4.62582934732294,8.55130501778105,14.8453361395602,73.6031647648132,7.90482753507546,13.9534515401353,76.5181021119154,0
PVDAQ,clipping,99.9,0.005,3,0.7,3,0.00925783058170035,8.55130501778105,NaN,NaN,7.90482753507546,NaN,NaN,0
PVDAQ,cloud,99.9,0.005,3,0.7,1174,3.62289770097207,8.55130501778105,11.4731934181842,34.1689180110823,7.90482753507546,11.282521854681,42.7295131312851,0
PVDAQ,combined,99.9,0.005,3,0.7,1177,3.63215553155377,8.55130501778105,11.4586190709251,33.998483823215,7.90482753507546,11.2773491875897,42.6640763198142,0
PVDAQ,clipping,99.9,0.005,5,0.3,0,0,8.55130501778105,NaN,NaN,7.90482753507546,NaN,NaN,0
PVDAQ,cloud,99.9,0.005,5,0.3,3467,10.6989662089184,8.55130501778105,17.5215682969342,104.8993488187,7.90482753507546,15.7678542671864,99.4711990517304,0
PVDAQ,combined,99.9,0.005,5,0.3,3467,10.6989662089184,8.55130501778105,17.5215682969342,104.8993488187,7.90482753507546,15.7678542671864,99.4711990517304,0
PVDAQ,clipping,99.9,0.005,5,0.4,0,0,8.55130501778105,NaN,NaN,7.90482753507546,NaN,NaN,0
PVDAQ,cloud,99.9,0.005,5,0.4,2678,8.26415676593118,8.55130501778105,19.3978770383339,126.841131242532,7.90482753507546,17.3700838442889,119.740200114601,0
PVDAQ,combined,99.9,0.005,5,0.4,2678,8.26415676593118,8.55130501778105,19.3978770383339,126.841131242532,7.90482753507546,17.3700838442889,119.740200114601,0
PVDAQ,clipping,99.9,0.005,5,0.5,0,0,8.55130501778105,NaN,NaN,7.90482753507546,NaN,NaN,0
PVDAQ,cloud,99.9,0.005,5,0.5,1989,6.13794167566734,8.55130501778105,18.2142738251305,112.999931440369,7.90482753507546,16.0901854452386,103.548848774283,0
PVDAQ,combined,99.9,0.005,5,0.5,1989,6.13794167566734,8.55130501778105,18.2142738251305,112.999931440369,7.90482753507546,16.0901854452386,103.548848774283,0
PVDAQ,clipping,99.9,0.005,5,0.6,0,0,8.55130501778105,NaN,NaN,7.90482753507546,NaN,NaN,0
PVDAQ,cloud,99.9,0.005,5,0.6,1496,4.61657151674124,8.55130501778105,14.8601793017271,73.7767425068774,7.90482753507546,13.9615825973905,76.6209640303958,0
PVDAQ,combined,99.9,0.005,5,0.6,1496,4.61657151674124,8.55130501778105,14.8601793017271,73.7767425068774,7.90482753507546,13.9615825973905,76.6209640303958,0
PVDAQ,clipping,99.9,0.005,5,0.7,0,0,8.55130501778105,NaN,NaN,7.90482753507546,NaN,NaN,0
PVDAQ,cloud,99.9,0.005,5,0.7,1174,3.62289770097207,8.55130501778105,11.4731934181842,34.1689180110823,7.90482753507546,11.282521854681,42.7295131312851,0
PVDAQ,combined,99.9,0.005,5,0.7,1174,3.62289770097207,8.55130501778105,11.4731934181842,34.1689180110823,7.90482753507546,11.282521854681,42.7295131312851,0
PVDAQ,clipping,99.9,0.01,2,0.3,9,0.0277734917451011,8.55130501778105,NaN,NaN,7.90482753507546,NaN,NaN,0
PVDAQ,cloud,99.9,0.01,2,0.3,3467,10.6989662089184,8.55130501778105,17.5215682969342,104.8993488187,7.90482753507546,15.7678542671864,99.4711990517304,0
PVDAQ,combined,99.9,0.01,2,0.3,3476,10.7267397006635,8.55130501778105,17.5032214649798,104.684798736388,7.90482753507546,15.7717307210096,99.520238120654,0
PVDAQ,clipping,99.9,0.01,2,0.4,9,0.0277734917451011,8.55130501778105,NaN,NaN,7.90482753507546,NaN,NaN,0
PVDAQ,cloud,99.9,0.01,2,0.4,2678,8.26415676593118,8.55130501778105,19.3978770383339,126.841131242532,7.90482753507546,17.3700838442889,119.740200114601,0
PVDAQ,combined,99.9,0.01,2,0.4,2687,8.29193025767628,8.55130501778105,19.3704498188524,126.520394005063,7.90482753507546,17.3695174587161,119.733035055398,0
PVDAQ,clipping,99.9,0.01,2,0.5,9,0.0277734917451011,8.55130501778105,NaN,NaN,7.90482753507546,NaN,NaN,0
PVDAQ,cloud,99.9,0.01,2,0.5,1989,6.13794167566734,8.55130501778105,18.2142738251305,112.999931440369,7.90482753507546,16.0901854452386,103.548848774283,0
PVDAQ,combined,99.9,0.01,2,0.5,1998,6.16571516741244,8.55130501778105,18.1804927986338,112.604892011576,7.90482753507546,16.095356946791,103.614270841107,0
PVDAQ,clipping,99.9,0.01,2,0.6,9,0.0277734917451011,8.55130501778105,NaN,NaN,7.90482753507546,NaN,NaN,0
PVDAQ,cloud,99.9,0.01,2,0.6,1496,4.61657151674124,8.55130501778105,14.8601793017271,73.7767425068774,7.90482753507546,13.9615825973905,76.6209640303958,0
PVDAQ,combined,99.9,0.01,2,0.6,1505,4.64434500848634,8.55130501778105,14.8275465404604,73.3951310312166,7.90482753507546,13.9831789944411,76.8941691946427,0
PVDAQ,clipping,99.9,0.01,2,0.7,9,0.0277734917451011,8.55130501778105,NaN,NaN,7.90482753507546,NaN,NaN,0
PVDAQ,cloud,99.9,0.01,2,0.7,1174,3.62289770097207,8.55130501778105,11.4731934181842,34.1689180110823,7.90482753507546,11.282521854681,42.7295131312851,0
PVDAQ,combined,99.9,0.01,2,0.7,1183,3.65067119271717,8.55130501778105,11.4490271709049,33.8863149788079,7.90482753507546,11.3392059328859,43.4465949139478,0
PVDAQ,clipping,99.9,0.01,3,0.3,3,0.00925783058170035,8.55130501778105,NaN,NaN,7.90482753507546,NaN,NaN,0
PVDAQ,cloud,99.9,0.01,3,0.3,3467,10.6989662089184,8.55130501778105,17.5215682969342,104.8993488187,7.90482753507546,15.7678542671864,99.4711990517304,0
PVDAQ,combined,99.9,0.01,3,0.3,3470,10.7082240395001,8.55130501778105,17.5140050821927,104.81090366646,7.90482753507546,15.7632721845182,99.4132334269542,0
PVDAQ,clipping,99.9,0.01,3,0.4,3,0.00925783058170035,8.55130501778105,NaN,NaN,7.90482753507546,NaN,NaN,0
PVDAQ,cloud,99.9,0.01,3,0.4,2678,8.26415676593118,8.55130501778105,19.3978770383339,126.841131242532,7.90482753507546,17.3700838442889,119.740200114601,0
PVDAQ,combined,99.9,0.01,3,0.4,2681,8.27341459651288,8.55130501778105,19.387035747942,126.714351875296,7.90482753507546,17.3629894749005,119.65045281326,0
PVDAQ,clipping,99.9,0.01,3,0.5,3,0.00925783058170035,8.55130501778105,NaN,NaN,7.90482753507546,NaN,NaN,0
PVDAQ,cloud,99.9,0.01,3,0.5,1989,6.13794167566734,8.55130501778105,18.2142738251305,112.999931440369,7.90482753507546,16.0901854452386,103.548848774283,0
PVDAQ,combined,99.9,0.01,3,0.5,1992,6.14719950624904,8.55130501778105,18.2005741903351,112.839726246345,7.90482753507546,16.0818819206938,103.443805058807,0
PVDAQ,clipping,99.9,0.01,3,0.6,3,0.00925783058170035,8.55130501778105,NaN,NaN,7.90482753507546,NaN,NaN,0
PVDAQ,cloud,99.9,0.01,3,0.6,1496,4.61657151674124,8.55130501778105,14.8601793017271,73.7767425068774,7.90482753507546,13.9615825973905,76.6209640303958,0
PVDAQ,combined,99.9,0.01,3,0.6,1499,4.62582934732294,8.55130501778105,14.8453361395602,73.6031647648132,7.90482753507546,13.9534515401353,76.5181021119154,0
PVDAQ,clipping,99.9,0.01,3,0.7,3,0.00925783058170035,8.55130501778105,NaN,NaN,7.90482753507546,NaN,NaN,0
PVDAQ,cloud,99.9,0.01,3,0.7,1174,3.62289770097207,8.55130501778105,11.4731934181842,34.1689180110823,7.90482753507546,11.282521854681,42.7295131312851,0
PVDAQ,combined,99.9,0.01,3,0.7,1177,3.63215553155377,8.55130501778105,11.4586190709251,33.998483823215,7.90482753507546,11.2773491875897,42.6640763198142,0
PVDAQ,clipping,99.9,0.01,5,0.3,0,0,8.55130501778105,NaN,NaN,7.90482753507546,NaN,NaN,0
PVDAQ,cloud,99.9,0.01,5,0.3,3467,10.6989662089184,8.55130501778105,17.5215682969342,104.8993488187,7.90482753507546,15.7678542671864,99.4711990517304,0
PVDAQ,combined,99.9,0.01,5,0.3,3467,10.6989662089184,8.55130501778105,17.5215682969342,104.8993488187,7.90482753507546,15.7678542671864,99.4711990517304,0
PVDAQ,clipping,99.9,0.01,5,0.4,0,0,8.55130501778105,NaN,NaN,7.90482753507546,NaN,NaN,0
PVDAQ,cloud,99.9,0.01,5,0.4,2678,8.26415676593118,8.55130501778105,19.3978770383339,126.841131242532,7.90482753507546,17.3700838442889,119.740200114601,0
PVDAQ,combined,99.9,0.01,5,0.4,2678,8.26415676593118,8.55130501778105,19.3978770383339,126.841131242532,7.90482753507546,17.3700838442889,119.740200114601,0
PVDAQ,clipping,99.9,0.01,5,0.5,0,0,8.55130501778105,NaN,NaN,7.90482753507546,NaN,NaN,0
PVDAQ,cloud,99.9,0.01,5,0.5,1989,6.13794167566734,8.55130501778105,18.2142738251305,112.999931440369,7.90482753507546,16.0901854452386,103.548848774283,0
PVDAQ,combined,99.9,0.01,5,0.5,1989,6.13794167566734,8.55130501778105,18.2142738251305,112.999931440369,7.90482753507546,16.0901854452386,103.548848774283,0
PVDAQ,clipping,99.9,0.01,5,0.6,0,0,8.55130501778105,NaN,NaN,7.90482753507546,NaN,NaN,0
PVDAQ,cloud,99.9,0.01,5,0.6,1496,4.61657151674124,8.55130501778105,14.8601793017271,73.7767425068774,7.90482753507546,13.9615825973905,76.6209640303958,0
PVDAQ,combined,99.9,0.01,5,0.6,1496,4.61657151674124,8.55130501778105,14.8601793017271,73.7767425068774,7.90482753507546,13.9615825973905,76.6209640303958,0
PVDAQ,clipping,99.9,0.01,5,0.7,0,0,8.55130501778105,NaN,NaN,7.90482753507546,NaN,NaN,0
PVDAQ,cloud,99.9,0.01,5,0.7,1174,3.62289770097207,8.55130501778105,11.4731934181842,34.1689180110823,7.90482753507546,11.282521854681,42.7295131312851,0
PVDAQ,combined,99.9,0.01,5,0.7,1174,3.62289770097207,8.55130501778105,11.4731934181842,34.1689180110823,7.90482753507546,11.282521854681,42.7295131312851,0
PVDAQ,clipping,99.9,0.02,2,0.3,12,0.0370313223268014,8.55130501778105,NaN,NaN,7.90482753507546,NaN,NaN,0
PVDAQ,cloud,99.9,0.02,2,0.3,3467,10.6989662089184,8.55130501778105,17.5215682969342,104.8993488187,7.90482753507546,15.7678542671864,99.4711990517304,0
PVDAQ,combined,99.9,0.02,2,0.3,3479,10.7359975312452,8.55130501778105,17.4956871908371,104.596692019027,7.90482753507546,15.7671296984044,99.4620328962542,0
PVDAQ,clipping,99.9,0.02,2,0.4,12,0.0370313223268014,8.55130501778105,NaN,NaN,7.90482753507546,NaN,NaN,0
PVDAQ,cloud,99.9,0.02,2,0.4,2678,8.26415676593118,8.55130501778105,19.3978770383339,126.841131242532,7.90482753507546,17.3700838442889,119.740200114601,0
PVDAQ,combined,99.9,0.02,2,0.4,2690,8.30118808825799,8.55130501778105,19.3596618190131,126.394237824026,7.90482753507546,17.3624136698383,119.64316859283,0
PVDAQ,clipping,99.9,0.02,2,0.5,12,0.0370313223268014,8.55130501778105,NaN,NaN,7.90482753507546,NaN,NaN,0
PVDAQ,cloud,99.9,0.02,2,0.5,1989,6.13794167566734,8.55130501778105,18.2142738251305,112.999931440369,7.90482753507546,16.0901854452386,103.548848774283,0
PVDAQ,combined,99.9,0.02,2,0.5,2001,6.17497299799414,8.55130501778105,18.1668825963934,112.445732652715,7.90482753507546,16.0870369858265,103.509019196748,0
PVDAQ,clipping,99.9,0.02,2,0.6,12,0.0370313223268014,8.55130501778105,NaN,NaN,7.90482753507546,NaN,NaN,0
PVDAQ,cloud,99.9,0.02,2,0.6,1496,4.61657151674124,8.55130501778105,14.8601793017271,73.7767425068774,7.90482753507546,13.9615825973905,76.6209640303958,0
PVDAQ,combined,99.9,0.02,2,0.6,1508,4.65360283906805,8.55130501778105,14.8128284985528,73.2230164606683,7.90482753507546,13.974991634993,76.7905950254178,0
PVDAQ,clipping,99.9,0.02,2,0.7,12,0.0370313223268014,8.55130501778105,NaN,NaN,7.90482753507546,NaN,NaN,0
PVDAQ,cloud,99.9,0.02,2,0.7,1174,3.62289770097207,8.55130501778105,11.4731934181842,34.1689180110823,7.90482753507546,11.282521854681,42.7295131312851,0
PVDAQ,combined,99.9,0.02,2,0.7,1186,3.65992902329887,8.55130501778105,11.4346006815894,33.7176098596995,7.90482753507546,11.3338385000721,43.3786942192148,0
PVDAQ,clipping,99.9,0.02,3,0.3,5,0.0154297176361673,8.55130501778105,NaN,NaN,7.90482753507546,NaN,NaN,0
PVDAQ,cloud,99.9,0.02,3,0.3,3467,10.6989662089184,8.55130501778105,17.5215682969342,104.8993488187,7.90482753507546,15.7678542671864,99.4711990517304,0
PVDAQ,combined,99.9,0.02,3,0.3,3472,10.7143959265545,8.55130501778105,17.5089601308453,104.75190739236,7.90482753507546,15.7590535927528,99.3598661428905,0
PVDAQ,clipping,99.9,0.02,3,0.4,5,0.0154297176361673,8.55130501778105,NaN,NaN,7.90482753507546,NaN,NaN,0
PVDAQ,cloud,99.9,0.02,3,0.4,2678,8.26415676593118,8.55130501778105,19.3978770383339,126.841131242532,7.90482753507546,17.3700838442889,119.740200114601,0
PVDAQ,combined,99.9,0.02,3,0.4,2683,8.27958648356735,8.55130501778105,19.3798086748021,126.629837603792,7.90482753507546,17.3568953232585,119.573358763897,0
PVDAQ,clipping,99.9,0.02,3,0.5,5,0.0154297176361673,8.55130501778105,NaN,NaN,7.90482753507546,NaN,NaN,0
PVDAQ,cloud,99.9,0.02,3,0.5,1989,6.13794167566734,8.55130501778105,18.2142738251305,112.999931440369,7.90482753507546,16.0901854452386,103.548848774283,0
PVDAQ,combined,99.9,0.02,3,0.5,1994,6.1533713933035,8.55130501778105,18.1914444508424,112.732961963306,7.90482753507546,16.074364739785,103.348708981436,0
PVDAQ,clipping,99.9,0.02,3,0.6,5,0.0154297176361673,8.55130501778105,NaN,NaN,7.90482753507546,NaN,NaN,0
PVDAQ,cloud,99.9,0.02,3,0.6,1496,4.61657151674124,8.55130501778105,14.8601793017271,73.7767425068774,7.90482753507546,13.9615825973905,76.6209640303958,0
PVDAQ,combined,99.9,0.02,3,0.6,1501,4.63200123437741,8.55130501778105,14.8354429048258,73.4874720756409,7.90482753507546,13.9449945307312,76.4111167366292,0
PVDAQ,clipping,99.9,0.02,3,0.7,5,0.0154297176361673,8.55130501778105,NaN,NaN,7.90482753507546,NaN,NaN,0
PVDAQ,cloud,99.9,0.02,3,0.7,1174,3.62289770097207,8.55130501778105,11.4731934181842,34.1689180110823,7.90482753507546,11.282521854681,42.7295131312851,0
PVDAQ,combined,99.9,0.02,3,0.7,1179,3.63832741860824,8.55130501778105,11.4488966079014,33.8847881591793,7.90482753507546,11.2691067897411,42.5598058874478,0
PVDAQ,clipping,99.9,0.02,5,0.3,0,0,8.55130501778105,NaN,NaN,7.90482753507546,NaN,NaN,0
PVDAQ,cloud,99.9,0.02,5,0.3,3467,10.6989662089184,8.55130501778105,17.5215682969342,104.8993488187,7.90482753507546,15.7678542671864,99.4711990517304,0
PVDAQ,combined,99.9,0.02,5,0.3,3467,10.6989662089184,8.55130501778105,17.5215682969342,104.8993488187,7.90482753507546,15.7678542671864,99.4711990517304,0
PVDAQ,clipping,99.9,0.02,5,0.4,0,0,8.55130501778105,NaN,NaN,7.90482753507546,NaN,NaN,0
PVDAQ,cloud,99.9,0.02,5,0.4,2678,8.26415676593118,8.55130501778105,19.3978770383339,126.841131242532,7.90482753507546,17.3700838442889,119.740200114601,0
PVDAQ,combined,99.9,0.02,5,0.4,2678,8.26415676593118,8.55130501778105,19.3978770383339,126.841131242532,7.90482753507546,17.3700838442889,119.740200114601,0
PVDAQ,clipping,99.9,0.02,5,0.5,0,0,8.55130501778105,NaN,NaN,7.90482753507546,NaN,NaN,0
PVDAQ,cloud,99.9,0.02,5,0.5,1989,6.13794167566734,8.55130501778105,18.2142738251305,112.999931440369,7.90482753507546,16.0901854452386,103.548848774283,0
PVDAQ,combined,99.9,0.02,5,0.5,1989,6.13794167566734,8.55130501778105,18.2142738251305,112.999931440369,7.90482753507546,16.0901854452386,103.548848774283,0
PVDAQ,clipping,99.9,0.02,5,0.6,0,0,8.55130501778105,NaN,NaN,7.90482753507546,NaN,NaN,0
PVDAQ,cloud,99.9,0.02,5,0.6,1496,4.61657151674124,8.55130501778105,14.8601793017271,73.7767425068774,7.90482753507546,13.9615825973905,76.6209640303958,0
PVDAQ,combined,99.9,0.02,5,0.6,1496,4.61657151674124,8.55130501778105,14.8601793017271,73.7767425068774,7.90482753507546,13.9615825973905,76.6209640303958,0
PVDAQ,clipping,99.9,0.02,5,0.7,0,0,8.55130501778105,NaN,NaN,7.90482753507546,NaN,NaN,0
PVDAQ,cloud,99.9,0.02,5,0.7,1174,3.62289770097207,8.55130501778105,11.4731934181842,34.1689180110823,7.90482753507546,11.282521854681,42.7295131312851,0
PVDAQ,combined,99.9,0.02,5,0.7,1174,3.62289770097207,8.55130501778105,11.4731934181842,34.1689180110823,7.90482753507546,11.282521854681,42.7295131312851,0
