Control,Source,Target,Seed,Site_ID,RMSE_kW,Skill
within_same_half,HKUST-A,HKUST-A,42,Indoor Sports Centre,0.48681867340937174,0.04140147558156548
within_same_half,HKUST-A,HKUST-A,42,LSK North,0.7822020117793599,0.054470065560550784
within_same_half,HKUST-A,HKUST-A,42,LSK South,0.30716005921632983,0.054284277014476356
within_same_half,HKUST-A,HKUST-A,42,S H Ho Sports Hall,0.43413541037542913,-0.0021058015911035177
within_same_half,HKUST-A,HKUST-A,42,SQ Apartment13-24,0.285398224889199,0.005791938491566895
within_same_half,HKUST-A,HKUST-A,42,SQ Apartment37-48,0.16618343298877755,0.029527532679909152
within_same_half,HKUST-A,HKUST-A,42,SQ Block S,0.3693777288784579,0.027478801919873397
within_same_half,HKUST-A,HKUST-A,42,SQ1,0.40553484054643996,0.00678314652461065
within_same_half,HKUST-A,HKUST-A,42,SQ2,0.41373819479669033,0.04405742660147238
within_same_half,HKUST-A,HKUST-A,42,SQ4,0.4375670026503086,0.051553200255878284
within_same_half,HKUST-A,HKUST-A,42,Shaw Auditorium,1.0414526272053377,0.07948300947685383
within_same_half,HKUST-A,HKUST-A,42,UG Hall6,0.3511408518919623,0.02217573401006223
within_same_half,HKUST-A,HKUST-A,42,UG Hall7,0.2933467299324972,0.05564342359551022
within_same_half,HKUST-A,HKUST-A,42,Zone A5,0.22213816192295277,0.06674347780594969
within_same_half,HKUST-A,HKUST-A,42,Zone A6,0.777606695677708,0.03282240654044488
within_same_half,HKUST-A,HKUST-A,42,Zone D,1.067523273677346,0.017282274997944547
within_same_half,HKUST-A,HKUST-A,42,Zone J1,0.29270862340798104,0.06559040389225124
within_same_half,HKUST-A,HKUST-A,7,Indoor Sports Centre,0.4776029615060022,0.05954820723868637
within_same_half,HKUST-A,HKUST-A,7,LSK North,0.7525705939530057,0.0902886803592603
within_same_half,HKUST-A,HKUST-A,7,LSK South,0.29760705527220127,0.0836970400369702
within_same_half,HKUST-A,HKUST-A,7,S H Ho Sports Hall,0.4252189711922083,0.018475830824720152
within_same_half,HKUST-A,HKUST-A,7,SQ Apartment13-24,0.2785961593061425,0.0294874903479575
within_same_half,HKUST-A,HKUST-A,7,SQ Apartment37-48,0.16492418380998097,0.03688125401986986
within_same_half,HKUST-A,HKUST-A,7,SQ Block S,0.35227415840278853,0.07251017103070312
within_same_half,HKUST-A,HKUST-A,7,SQ1,0.3849410254931952,0.05722054953707889
within_same_half,HKUST-A,HKUST-A,7,SQ2,0.39650700126691163,0.08387011900633734
within_same_half,HKUST-A,HKUST-A,7,SQ4,0.42602280653500385,0.07657578147169608
within_same_half,HKUST-A,HKUST-A,7,Shaw Auditorium,1.026995427976864,0.09226140877946964
within_same_half,HKUST-A,HKUST-A,7,UG Hall6,0.3452245614940047,0.03865086723536448
within_same_half,HKUST-A,HKUST-A,7,UG Hall7,0.2863837764259152,0.07805891442662505
within_same_half,HKUST-A,HKUST-A,7,Zone A5,0.21817877533256866,0.08337782522008408
within_same_half,HKUST-A,HKUST-A,7,Zone A6,0.7513547075480633,0.06547430478654992
within_same_half,HKUST-A,HKUST-A,7,Zone D,1.0419327783406553,0.040839825431780996
within_same_half,HKUST-A,HKUST-A,7,Zone J1,0.2889702044394207,0.07752450585967141
within_same_half,HKUST-A,HKUST-A,123,Indoor Sports Centre,0.4965062648738752,0.02232556212490866
within_same_half,HKUST-A,HKUST-A,123,LSK North,0.7591043460580966,0.08239064621138492
within_same_half,HKUST-A,HKUST-A,123,LSK South,0.28972488390849266,0.10796547327319217
within_same_half,HKUST-A,HKUST-A,123,S H Ho Sports Hall,0.4043465739010116,0.0666551544153362
within_same_half,HKUST-A,HKUST-A,123,SQ Apartment13-24,0.27309975171851525,0.048634675776586866
within_same_half,HKUST-A,HKUST-A,123,SQ Apartment37-48,0.16607043110414757,0.030187437315505883
within_same_half,HKUST-A,HKUST-A,123,SQ Block S,0.35414886646491645,0.06757432030638666
within_same_half,HKUST-A,HKUST-A,123,SQ1,0.3844426708655772,0.058441096246433566
within_same_half,HKUST-A,HKUST-A,123,SQ2,0.40529961739134496,0.06355476937073867
within_same_half,HKUST-A,HKUST-A,123,SQ4,0.41926055986333916,0.09123326518498776
within_same_half,HKUST-A,HKUST-A,123,Shaw Auditorium,1.0664272064381854,0.05740853012516833
within_same_half,HKUST-A,HKUST-A,123,UG Hall6,0.3391008446202005,0.05570362234772064
within_same_half,HKUST-A,HKUST-A,123,UG Hall7,0.2901115190979025,0.06605837735486386
within_same_half,HKUST-A,HKUST-A,123,Zone A5,0.21681066940340296,0.089125571444297
within_same_half,HKUST-A,HKUST-A,123,Zone A6,0.7524609668059472,0.06409835319980339
within_same_half,HKUST-A,HKUST-A,123,Zone D,1.015902867965146,0.06480188315639723
within_same_half,HKUST-A,HKUST-A,123,Zone J1,0.29300183651992096,0.06465438382454247
within_cross_half,HKUST-A,HKUST-B,42,Library,1.66710952955954,0.02956921835286952
within_cross_half,HKUST-A,HKUST-B,42,SQ Apartment1-12,0.2680809977342141,0.05843218438302
within_cross_half,HKUST-A,HKUST-B,42,SQ Apartment25-36,0.23438241145736677,0.036184283167020936
within_cross_half,HKUST-A,HKUST-B,42,SQ Block P,0.4553005343859304,0.039348086876970445
within_cross_half,HKUST-A,HKUST-B,42,SQ Block R,0.43888489375550127,0.022008281951328645
within_cross_half,HKUST-A,HKUST-B,42,SQ3,0.3939781997571986,0.014797968320038213
within_cross_half,HKUST-A,HKUST-B,42,SQ567,0.44582917730774985,0.10148317834638243
within_cross_half,HKUST-A,HKUST-B,42,UG Hall2 2F,0.18859166222573204,-0.08655315606928649
within_cross_half,HKUST-A,HKUST-B,42,UG Hall2 RF,0.08649693860931316,0.03129955191858391
within_cross_half,HKUST-A,HKUST-B,42,UG Hall3,0.29837342947741674,0.035921727113045754
within_cross_half,HKUST-A,HKUST-B,42,UG Hall4,0.37078018212596947,0.017902550050927557
within_cross_half,HKUST-A,HKUST-B,42,UG Hall8,0.3250339421533785,0.06693965165274829
within_cross_half,HKUST-A,HKUST-B,42,UG Hall9,0.31184742918156405,0.03742879909908592
within_cross_half,HKUST-A,HKUST-B,42,Wong Check She Research Centre,1.423210812237384,0.08234901835917874
within_cross_half,HKUST-A,HKUST-B,42,Zone A1,0.35006841527874527,0.058412759402887704
within_cross_half,HKUST-A,HKUST-B,42,Zone A2,3.0021043471184345,-0.0020987207304454802
within_cross_half,HKUST-A,HKUST-B,42,Zone A4,0.7146333118122844,-0.040394262579128926
within_cross_half,HKUST-A,HKUST-B,42,Zone A7,0.1198256506185599,0.02773350685759912
within_cross_half,HKUST-A,HKUST-B,42,Zone J2,0.41585385333332675,-0.010000565749455514
within_cross_half,HKUST-A,HKUST-B,42,Zone L2,0.11855797380844342,0.04330524947400116
within_cross_half,HKUST-A,HKUST-B,7,Library,1.6269185580592835,0.05296453533510537
within_cross_half,HKUST-A,HKUST-B,7,SQ Apartment1-12,0.26012663437137346,0.08636990693506408
within_cross_half,HKUST-A,HKUST-B,7,SQ Apartment25-36,0.2258031915855328,0.07146332522152021
within_cross_half,HKUST-A,HKUST-B,7,SQ Block P,0.4377482370625172,0.07638219233037746
within_cross_half,HKUST-A,HKUST-B,7,SQ Block R,0.43588396908545124,0.02869540997864195
within_cross_half,HKUST-A,HKUST-B,7,SQ3,0.37736045501846,0.05635315053223666
within_cross_half,HKUST-A,HKUST-B,7,SQ567,0.44144265509673924,0.11032370336305175
within_cross_half,HKUST-A,HKUST-B,7,UG Hall2 2F,0.1790342630490044,-0.0314890980047382
within_cross_half,HKUST-A,HKUST-B,7,UG Hall2 RF,0.08736126830943892,0.0216197114379435
within_cross_half,HKUST-A,HKUST-B,7,UG Hall3,0.29452454147456647,0.048357919252614456
within_cross_half,HKUST-A,HKUST-B,7,UG Hall4,0.3545225430873675,0.060964683928889096
within_cross_half,HKUST-A,HKUST-B,7,UG Hall8,0.3177504139389114,0.08784814917138828
within_cross_half,HKUST-A,HKUST-B,7,UG Hall9,0.3098307927000254,0.04365349751943137
within_cross_half,HKUST-A,HKUST-B,7,Wong Check She Research Centre,1.3945609853315204,0.10082171513603566
within_cross_half,HKUST-A,HKUST-B,7,Zone A1,0.3408999406529496,0.08307342099531834
within_cross_half,HKUST-A,HKUST-B,7,Zone A2,2.8464942215067772,0.049843746878257544
within_cross_half,HKUST-A,HKUST-B,7,Zone A4,0.6540227010859954,0.04784530113660801
within_cross_half,HKUST-A,HKUST-B,7,Zone A7,0.11371815555455587,0.07728978113702256
within_cross_half,HKUST-A,HKUST-B,7,Zone J2,0.40016713869019993,0.028098373426680867
within_cross_half,HKUST-A,HKUST-B,7,Zone L2,0.11255696784932413,0.09172992066685348
within_cross_half,HKUST-A,HKUST-B,123,Library,1.6677954061363893,0.02916996699548502
within_cross_half,HKUST-A,HKUST-B,123,SQ Apartment1-12,0.26508486200199133,0.06895536581148487
within_cross_half,HKUST-A,HKUST-B,123,SQ Apartment25-36,0.22609851037652753,0.07024892994984855
within_cross_half,HKUST-A,HKUST-B,123,SQ Block P,0.4460971881613978,0.05876649623520913
within_cross_half,HKUST-A,HKUST-B,123,SQ Block R,0.43410337818301975,0.03266320012268131
within_cross_half,HKUST-A,HKUST-B,123,SQ3,0.38749829996573176,0.031001937076609143
within_cross_half,HKUST-A,HKUST-B,123,SQ567,0.4451705395989485,0.1028105859967905
within_cross_half,HKUST-A,HKUST-B,123,UG Hall2 2F,0.17867319476836202,-0.02940883700455177
within_cross_half,HKUST-A,HKUST-B,123,UG Hall2 RF,0.08404195511223721,0.058793514732591645
within_cross_half,HKUST-A,HKUST-B,123,UG Hall3,0.2983611214224651,0.03596149582965402
within_cross_half,HKUST-A,HKUST-B,123,UG Hall4,0.37450190215855733,0.008044709935332794
within_cross_half,HKUST-A,HKUST-B,123,UG Hall8,0.32039368701767096,0.08026022378948938
within_cross_half,HKUST-A,HKUST-B,123,UG Hall9,0.30248129110983235,0.06633900943871163
within_cross_half,HKUST-A,HKUST-B,123,Wong Check She Research Centre,1.4477233452811065,0.06654394590142187
within_cross_half,HKUST-A,HKUST-B,123,Zone A1,0.3394531933949205,0.08696477108311274
within_cross_half,HKUST-A,HKUST-B,123,Zone A2,2.842110471009031,0.05130703737647413
within_cross_half,HKUST-A,HKUST-B,123,Zone A4,0.6622072271750924,0.03592991202127038
within_cross_half,HKUST-A,HKUST-B,123,Zone A7,0.11955045949190701,0.029966410332552318
within_cross_half,HKUST-A,HKUST-B,123,Zone J2,0.4050462295706022,0.01624833401968906
within_cross_half,HKUST-A,HKUST-B,123,Zone L2,0.11563396612896516,0.0669003119366437
within_cross_half,HKUST-B,HKUST-A,42,Indoor Sports Centre,0.4814717185801796,0.04058211022691793
within_cross_half,HKUST-B,HKUST-A,42,LSK North,0.7225965404756148,0.10228951765911842
within_cross_half,HKUST-B,HKUST-A,42,LSK South,0.30096524141972425,0.07448894506411696
within_cross_half,HKUST-B,HKUST-A,42,S H Ho Sports Hall,0.4607876601805057,0.011997847783104532
within_cross_half,HKUST-B,HKUST-A,42,SQ Apartment13-24,0.27956975973530807,0.0639882202599179
within_cross_half,HKUST-B,HKUST-A,42,SQ Apartment37-48,0.15787157101208052,0.07529517755521797
within_cross_half,HKUST-B,HKUST-A,42,SQ Block S,0.3329489773781668,0.07489233083110547
within_cross_half,HKUST-B,HKUST-A,42,SQ1,0.37849240641867915,0.03588611292537858
within_cross_half,HKUST-B,HKUST-A,42,SQ2,0.4117262080501324,0.08361799217616916
within_cross_half,HKUST-B,HKUST-A,42,SQ4,0.4030809033406587,0.06644813023533513
within_cross_half,HKUST-B,HKUST-A,42,Shaw Auditorium,0.8658507012479084,0.07059860063768308
within_cross_half,HKUST-B,HKUST-A,42,UG Hall6,0.3316352449483161,0.08442549504076602
within_cross_half,HKUST-B,HKUST-A,42,UG Hall7,0.28939800157327183,0.028067631022263617
within_cross_half,HKUST-B,HKUST-A,42,Zone A5,0.20676007051001574,0.0646068943396132
within_cross_half,HKUST-B,HKUST-A,42,Zone A6,0.7265107779881614,0.07031566240245524
within_cross_half,HKUST-B,HKUST-A,42,Zone D,0.9378074673755997,0.11062709525814496
within_cross_half,HKUST-B,HKUST-A,42,Zone J1,0.28090205075011254,0.07339957345392778
within_cross_half,HKUST-B,HKUST-A,7,Indoor Sports Centre,0.47534885705811036,0.052782998989812535
within_cross_half,HKUST-B,HKUST-A,7,LSK North,0.7183519001062822,0.10756280356609094
within_cross_half,HKUST-B,HKUST-A,7,LSK South,0.30679923510082086,0.056548582180979245
within_cross_half,HKUST-B,HKUST-A,7,S H Ho Sports Hall,0.4596865456396616,0.014358812778923036
within_cross_half,HKUST-B,HKUST-A,7,SQ Apartment13-24,0.2848269996813888,0.04638675104840295
within_cross_half,HKUST-B,HKUST-A,7,SQ Apartment37-48,0.16258721896548056,0.04767410318757759
within_cross_half,HKUST-B,HKUST-A,7,SQ Block S,0.33138593843495506,0.07923527648290274
within_cross_half,HKUST-B,HKUST-A,7,SQ1,0.37145521896158445,0.05381157203175568
within_cross_half,HKUST-B,HKUST-A,7,SQ2,0.4126894217619564,0.081474160430833
within_cross_half,HKUST-B,HKUST-A,7,SQ4,0.40861544642456143,0.05362990193067185
within_cross_half,HKUST-B,HKUST-A,7,Shaw Auditorium,0.8590434149314341,0.07790552020161345
within_cross_half,HKUST-B,HKUST-A,7,UG Hall6,0.335366867832493,0.07412327648312378
within_cross_half,HKUST-B,HKUST-A,7,UG Hall7,0.3072038025140067,-0.03173248575737064
within_cross_half,HKUST-B,HKUST-A,7,Zone A5,0.2087000717481517,0.055830229780306606
within_cross_half,HKUST-B,HKUST-A,7,Zone A6,0.7455479174656491,0.04595466055484243
within_cross_half,HKUST-B,HKUST-A,7,Zone D,0.9585105232665425,0.09099328171399845
within_cross_half,HKUST-B,HKUST-A,7,Zone J1,0.27870865199880057,0.08063485070848686
within_cross_half,HKUST-B,HKUST-A,123,Indoor Sports Centre,0.477399440541019,0.04869684729687962
within_cross_half,HKUST-B,HKUST-A,123,LSK North,0.7378016982534746,0.08339954412859563
within_cross_half,HKUST-B,HKUST-A,123,LSK South,0.3005033512573374,0.07590932320957522
within_cross_half,HKUST-B,HKUST-A,123,S H Ho Sports Hall,0.4614761124399175,0.010521696460538799
within_cross_half,HKUST-B,HKUST-A,123,SQ Apartment13-24,0.2811487260445018,0.05870177201666971
within_cross_half,HKUST-B,HKUST-A,123,SQ Apartment37-48,0.15699569769101837,0.08042545071741336
within_cross_half,HKUST-B,HKUST-A,123,SQ Block S,0.33539744339181476,0.06808920230143778
within_cross_half,HKUST-B,HKUST-A,123,SQ1,0.3825719986700538,0.02549438121174008
within_cross_half,HKUST-B,HKUST-A,123,SQ2,0.40775568124827205,0.09245522248035243
within_cross_half,HKUST-B,HKUST-A,123,SQ4,0.4140606162813177,0.04101866567802093
within_cross_half,HKUST-B,HKUST-A,123,Shaw Auditorium,0.8827312983691831,0.05247902117210945
within_cross_half,HKUST-B,HKUST-A,123,UG Hall6,0.3335540406953434,0.07912810734460551
within_cross_half,HKUST-B,HKUST-A,123,UG Hall7,0.2868478010042499,0.0366323842926497
within_cross_half,HKUST-B,HKUST-A,123,Zone A5,0.2096976793058478,0.05131700230209091
within_cross_half,HKUST-B,HKUST-A,123,Zone A6,0.7294411739770503,0.0665657617315073
within_cross_half,HKUST-B,HKUST-A,123,Zone D,0.9366362341982982,0.11173783822966521
within_cross_half,HKUST-B,HKUST-A,123,Zone J1,0.2813128972655609,0.07204433038808744
within_same_half,Ausgrid-A,Ausgrid-A,42,1,0.5433553550304387,0.12031798617982592
within_same_half,Ausgrid-A,Ausgrid-A,42,103,0.3309566238580037,0.05691345449629448
within_same_half,Ausgrid-A,Ausgrid-A,42,104,0.8933452050459817,-0.013513793272222685
within_same_half,Ausgrid-A,Ausgrid-A,42,106,0.5551916602636644,0.0704174653107631
within_same_half,Ausgrid-A,Ausgrid-A,42,108,0.37298546364993,0.12925820875570315
within_same_half,Ausgrid-A,Ausgrid-A,42,110,0.38194542511410784,0.13222124503061905
within_same_half,Ausgrid-A,Ausgrid-A,42,111,0.4603111861496474,-0.034923127327179726
within_same_half,Ausgrid-A,Ausgrid-A,42,114,0.7433849966722338,0.07144710154227796
within_same_half,Ausgrid-A,Ausgrid-A,42,115,0.21534098593011888,0.08797375011283193
within_same_half,Ausgrid-A,Ausgrid-A,42,121,0.6686026139893356,0.045155461931101315
within_same_half,Ausgrid-A,Ausgrid-A,42,124,0.6308720732470158,0.10816008952314693
within_same_half,Ausgrid-A,Ausgrid-A,42,127,0.35176287338322454,0.11236563515986497
within_same_half,Ausgrid-A,Ausgrid-A,42,129,0.44399593791605163,0.05624449395227582
within_same_half,Ausgrid-A,Ausgrid-A,42,130,0.38712472748107224,0.03600916453382352
within_same_half,Ausgrid-A,Ausgrid-A,42,131,0.4086856623174396,0.0421746356477235
within_same_half,Ausgrid-A,Ausgrid-A,42,132,0.17281531990815285,0.03505258695472713
within_same_half,Ausgrid-A,Ausgrid-A,42,134,0.6194733166539682,0.07287041521674831
within_same_half,Ausgrid-A,Ausgrid-A,42,136,0.1844488601103957,0.04275036453657366
within_same_half,Ausgrid-A,Ausgrid-A,42,137,0.40751154367818754,0.12488747951284396
within_same_half,Ausgrid-A,Ausgrid-A,42,138,0.3779689541788053,-0.067977088559519
within_same_half,Ausgrid-A,Ausgrid-A,42,139,0.4711535606216628,0.12001075210498602
within_same_half,Ausgrid-A,Ausgrid-A,42,14,0.5035079792245784,0.13596162761564934
within_same_half,Ausgrid-A,Ausgrid-A,42,140,0.2476729138176938,0.12048251552747047
within_same_half,Ausgrid-A,Ausgrid-A,42,141,0.5650692337127382,-0.028981199504283017
within_same_half,Ausgrid-A,Ausgrid-A,42,144,0.27808087002057286,0.10435977121924844
within_same_half,Ausgrid-A,Ausgrid-A,42,146,0.2396261218277326,0.10239929156672689
within_same_half,Ausgrid-A,Ausgrid-A,42,148,0.5036632822042844,0.10746059261868024
within_same_half,Ausgrid-A,Ausgrid-A,42,153,0.25702254646492617,0.14016950805618067
within_same_half,Ausgrid-A,Ausgrid-A,42,154,0.34141951740018306,0.08602371678409759
within_same_half,Ausgrid-A,Ausgrid-A,42,156,0.7215956803273232,0.10126682214036076
within_same_half,Ausgrid-A,Ausgrid-A,42,157,0.4808235482053285,0.056633982000903305
within_same_half,Ausgrid-A,Ausgrid-A,42,158,0.4477517488662655,0.03828746806065053
within_same_half,Ausgrid-A,Ausgrid-A,42,160,0.5131675359172307,0.047463312854673756
within_same_half,Ausgrid-A,Ausgrid-A,42,162,0.3362767039585073,0.10306886232860735
within_same_half,Ausgrid-A,Ausgrid-A,42,163,0.22188815680763024,0.12487199187615439
within_same_half,Ausgrid-A,Ausgrid-A,42,164,0.2816024114657626,0.030459436917590565
within_same_half,Ausgrid-A,Ausgrid-A,42,166,0.5552629249267378,0.05755460220035291
within_same_half,Ausgrid-A,Ausgrid-A,42,167,0.43326033951199777,0.1377386878203547
within_same_half,Ausgrid-A,Ausgrid-A,42,173,0.31722341723118946,0.09482390523141404
within_same_half,Ausgrid-A,Ausgrid-A,42,174,0.23290040230268236,0.11792915801352721
within_same_half,Ausgrid-A,Ausgrid-A,42,175,0.8719581944818305,0.10728694981710896
within_same_half,Ausgrid-A,Ausgrid-A,42,180,0.2775990392505907,0.047305959946143616
within_same_half,Ausgrid-A,Ausgrid-A,42,181,0.3969240484663939,0.061472680410796676
within_same_half,Ausgrid-A,Ausgrid-A,42,182,0.19128228562085106,0.08392254491909201
within_same_half,Ausgrid-A,Ausgrid-A,42,183,0.2500487466813274,0.08047679557294163
within_same_half,Ausgrid-A,Ausgrid-A,42,184,0.35349174339989115,0.14336928811667338
within_same_half,Ausgrid-A,Ausgrid-A,42,187,0.3494026405351785,0.138342705778024
within_same_half,Ausgrid-A,Ausgrid-A,42,188,0.7055009227323931,0.1583620406494488
within_same_half,Ausgrid-A,Ausgrid-A,42,189,0.7074187918819276,0.1549528912683693
within_same_half,Ausgrid-A,Ausgrid-A,42,191,0.7722771191077537,0.1249105028148848
within_same_half,Ausgrid-A,Ausgrid-A,42,192,0.3901892620039878,0.009834969114157488
within_same_half,Ausgrid-A,Ausgrid-A,42,195,0.34928127009978743,0.11449211641457246
within_same_half,Ausgrid-A,Ausgrid-A,42,196,0.2994465814705191,0.1375398283309489
within_same_half,Ausgrid-A,Ausgrid-A,42,198,0.9176908474535042,0.1129600514318364
within_same_half,Ausgrid-A,Ausgrid-A,42,2,0.3969470111952461,0.05192853519131346
within_same_half,Ausgrid-A,Ausgrid-A,42,203,0.47400794414382974,0.07440782446891847
within_same_half,Ausgrid-A,Ausgrid-A,42,204,0.32768958163129447,0.06355728042252584
within_same_half,Ausgrid-A,Ausgrid-A,42,205,0.40738384580577286,0.06852921547079582
within_same_half,Ausgrid-A,Ausgrid-A,42,206,0.38678564083033495,0.08029048348196066
within_same_half,Ausgrid-A,Ausgrid-A,42,208,0.36165972402271707,0.10074036216725824
within_same_half,Ausgrid-A,Ausgrid-A,42,209,0.4251962972829491,0.1410670107561628
within_same_half,Ausgrid-A,Ausgrid-A,42,21,0.5444308657784064,0.0818120619267585
within_same_half,Ausgrid-A,Ausgrid-A,42,210,0.5601651937523955,0.07688884707640575
within_same_half,Ausgrid-A,Ausgrid-A,42,212,0.737773971981921,0.10370340895923769
within_same_half,Ausgrid-A,Ausgrid-A,42,214,0.3657894322879434,0.06516710587721952
within_same_half,Ausgrid-A,Ausgrid-A,42,216,0.26518782799703944,0.11237032943322467
within_same_half,Ausgrid-A,Ausgrid-A,42,218,0.4119582384693017,0.061094199129485216
within_same_half,Ausgrid-A,Ausgrid-A,42,219,0.27307244504688033,0.06950779974423205
within_same_half,Ausgrid-A,Ausgrid-A,42,223,0.47854901238814956,0.05929635531077959
within_same_half,Ausgrid-A,Ausgrid-A,42,225,0.31195141596534354,0.09668920763677924
within_same_half,Ausgrid-A,Ausgrid-A,42,226,0.5170333015595926,0.132469229088087
within_same_half,Ausgrid-A,Ausgrid-A,42,229,0.4789957014401945,-0.03184484681175492
within_same_half,Ausgrid-A,Ausgrid-A,42,231,0.7614438868940571,0.14615083042732457
within_same_half,Ausgrid-A,Ausgrid-A,42,232,0.48770317574051036,0.01665641375179805
within_same_half,Ausgrid-A,Ausgrid-A,42,233,0.20957501237550313,0.107900295726165
within_same_half,Ausgrid-A,Ausgrid-A,42,234,0.32836759404134436,-0.03277702085828893
within_same_half,Ausgrid-A,Ausgrid-A,42,235,0.362023995882995,0.13070745450688914
within_same_half,Ausgrid-A,Ausgrid-A,42,236,0.4420624294751686,0.07560205653353258
within_same_half,Ausgrid-A,Ausgrid-A,42,239,0.23707497449845033,0.07841884436149238
within_same_half,Ausgrid-A,Ausgrid-A,42,242,0.6602665047738393,0.04211791134209408
within_same_half,Ausgrid-A,Ausgrid-A,42,243,0.32177118607755384,0.00832457298388345
within_same_half,Ausgrid-A,Ausgrid-A,42,244,0.2879162377357217,0.0815355440207014
within_same_half,Ausgrid-A,Ausgrid-A,42,245,0.20699584323792478,0.032038721237582446
within_same_half,Ausgrid-A,Ausgrid-A,42,247,0.243633588912535,0.033018352419075025
within_same_half,Ausgrid-A,Ausgrid-A,42,249,0.4039508999665498,0.06603937209938404
within_same_half,Ausgrid-A,Ausgrid-A,42,25,0.5972995655076621,0.04035590920052501
within_same_half,Ausgrid-A,Ausgrid-A,42,250,0.2701737360943234,-0.020913983579621043
within_same_half,Ausgrid-A,Ausgrid-A,42,252,0.25721718904390334,0.17295499810759962
within_same_half,Ausgrid-A,Ausgrid-A,42,255,0.591303185638865,0.07733578354655513
within_same_half,Ausgrid-A,Ausgrid-A,42,260,0.6545436602707199,0.04212854113003761
within_same_half,Ausgrid-A,Ausgrid-A,42,262,0.33502999244403,0.02431649112717915
within_same_half,Ausgrid-A,Ausgrid-A,42,263,0.29411820696897656,0.06439630994479473
within_same_half,Ausgrid-A,Ausgrid-A,42,266,0.5027179574118014,0.16099757784386248
within_same_half,Ausgrid-A,Ausgrid-A,42,267,0.8675365691465351,0.09076894707951888
within_same_half,Ausgrid-A,Ausgrid-A,42,27,0.47610836921502925,0.07581155207551682
within_same_half,Ausgrid-A,Ausgrid-A,42,272,0.41617900392199003,0.11162831895922665
within_same_half,Ausgrid-A,Ausgrid-A,42,274,0.39019241880138256,0.06483966146589937
within_same_half,Ausgrid-A,Ausgrid-A,42,275,0.49103146407656484,0.011218498650894082
within_same_half,Ausgrid-A,Ausgrid-A,42,276,0.5673191319133417,0.06197917664318342
within_same_half,Ausgrid-A,Ausgrid-A,42,277,0.30265556309227043,-0.06013740181821747
within_same_half,Ausgrid-A,Ausgrid-A,42,279,0.5276145747668697,0.08424129743356668
within_same_half,Ausgrid-A,Ausgrid-A,42,28,0.34419100341223896,0.06027225593632979
within_same_half,Ausgrid-A,Ausgrid-A,42,283,0.23574175238564765,0.05445756221971465
within_same_half,Ausgrid-A,Ausgrid-A,42,284,0.3276016698088894,0.10696258696088101
within_same_half,Ausgrid-A,Ausgrid-A,42,285,0.46271814092200636,0.0039146425436447085
within_same_half,Ausgrid-A,Ausgrid-A,42,287,0.43815303656398513,0.11467204679610676
within_same_half,Ausgrid-A,Ausgrid-A,42,288,0.457372053410633,0.12661734380516299
within_same_half,Ausgrid-A,Ausgrid-A,42,289,0.6185644594874415,0.05652005267674465
within_same_half,Ausgrid-A,Ausgrid-A,42,290,0.5126227994521273,0.06980278301592546
within_same_half,Ausgrid-A,Ausgrid-A,42,293,0.8822762284500286,0.0942543001685463
within_same_half,Ausgrid-A,Ausgrid-A,42,294,0.5908451594264189,0.04029514642838372
within_same_half,Ausgrid-A,Ausgrid-A,42,296,0.24746631946768172,0.07856224586534422
within_same_half,Ausgrid-A,Ausgrid-A,42,297,0.3099980007985752,0.03703972811635636
within_same_half,Ausgrid-A,Ausgrid-A,42,299,0.6547669287967735,0.018201859421941302
within_same_half,Ausgrid-A,Ausgrid-A,42,30,0.25389045843981795,0.1250921711507199
within_same_half,Ausgrid-A,Ausgrid-A,42,32,0.3959104378720039,0.11869987240920932
within_same_half,Ausgrid-A,Ausgrid-A,42,33,0.5849381057203948,0.047732079481138
within_same_half,Ausgrid-A,Ausgrid-A,42,35,0.5646577504445092,0.06453009077599348
within_same_half,Ausgrid-A,Ausgrid-A,42,38,0.44066892285381315,0.09045243024213512
within_same_half,Ausgrid-A,Ausgrid-A,42,39,0.3805192250871816,0.09971648771286534
within_same_half,Ausgrid-A,Ausgrid-A,42,43,0.32586604009849895,0.04997862347758031
within_same_half,Ausgrid-A,Ausgrid-A,42,47,0.377452871899457,0.06122962584459046
within_same_half,Ausgrid-A,Ausgrid-A,42,48,0.5064248808571915,0.11148880525054505
within_same_half,Ausgrid-A,Ausgrid-A,42,50,0.43482337809602833,0.16116114862868025
within_same_half,Ausgrid-A,Ausgrid-A,42,53,0.3638262432616553,0.08572833502250954
within_same_half,Ausgrid-A,Ausgrid-A,42,54,0.3763006959232446,0.0392705187874417
within_same_half,Ausgrid-A,Ausgrid-A,42,55,0.4163067283236692,0.08032176667683977
within_same_half,Ausgrid-A,Ausgrid-A,42,56,0.5290142860410506,0.1134451271993957
within_same_half,Ausgrid-A,Ausgrid-A,42,59,0.36355551823606785,0.10161847101513544
within_same_half,Ausgrid-A,Ausgrid-A,42,61,0.377079348209848,0.0924277805711139
within_same_half,Ausgrid-A,Ausgrid-A,42,62,0.6762114958995241,0.003830108253573661
within_same_half,Ausgrid-A,Ausgrid-A,42,67,0.34293840057155717,0.09409701339460586
within_same_half,Ausgrid-A,Ausgrid-A,42,68,0.4000863479870601,0.017970655255978518
within_same_half,Ausgrid-A,Ausgrid-A,42,69,0.3589204161014285,0.07544999749078152
within_same_half,Ausgrid-A,Ausgrid-A,42,7,0.2685696047970419,0.13032860496899046
within_same_half,Ausgrid-A,Ausgrid-A,42,71,0.5026435690221964,0.11269065248163002
within_same_half,Ausgrid-A,Ausgrid-A,42,74,0.6405800614024071,0.05255339389911062
within_same_half,Ausgrid-A,Ausgrid-A,42,76,0.3881459036539165,0.12112746929637808
within_same_half,Ausgrid-A,Ausgrid-A,42,77,0.38044352757339556,0.07003145613805961
within_same_half,Ausgrid-A,Ausgrid-A,42,78,0.6029896337522173,0.11069309070538813
within_same_half,Ausgrid-A,Ausgrid-A,42,79,0.5154228981276553,0.08787338471477979
within_same_half,Ausgrid-A,Ausgrid-A,42,83,0.3624287910498044,0.16368877830411654
within_same_half,Ausgrid-A,Ausgrid-A,42,86,0.5343223083559204,0.08111406625760698
within_same_half,Ausgrid-A,Ausgrid-A,42,87,0.15648197804423822,0.08201327753055099
within_same_half,Ausgrid-A,Ausgrid-A,42,90,0.18494928436322144,0.04612595880225501
within_same_half,Ausgrid-A,Ausgrid-A,42,91,0.5715573395250404,0.0505155949080458
within_same_half,Ausgrid-A,Ausgrid-A,42,92,0.2737083460356032,0.012145229188177065
within_same_half,Ausgrid-A,Ausgrid-A,42,93,0.3436768715989659,0.09730732109327911
within_same_half,Ausgrid-A,Ausgrid-A,42,94,0.4082769308830578,0.09139829810487676
within_same_half,Ausgrid-A,Ausgrid-A,42,95,0.7600503168853887,0.09815875193740586
within_same_half,Ausgrid-A,Ausgrid-A,7,1,0.5558847959259033,0.10003305901950432
within_same_half,Ausgrid-A,Ausgrid-A,7,103,0.33489569654506,0.045688761635885644
within_same_half,Ausgrid-A,Ausgrid-A,7,104,0.8857545726382432,-0.0049021047542257
within_same_half,Ausgrid-A,Ausgrid-A,7,106,0.5472699232612303,0.083681188253516
within_same_half,Ausgrid-A,Ausgrid-A,7,108,0.37285202168294496,0.12956973161298213
within_same_half,Ausgrid-A,Ausgrid-A,7,110,0.39856786225257457,0.09445512229131392
within_same_half,Ausgrid-A,Ausgrid-A,7,111,0.4689393310112879,-0.054321888278294095
within_same_half,Ausgrid-A,Ausgrid-A,7,114,0.7488682890218366,0.06459798967277974
within_same_half,Ausgrid-A,Ausgrid-A,7,115,0.2146340965507321,0.09096761431839662
within_same_half,Ausgrid-A,Ausgrid-A,7,121,0.6665372624780521,0.0481050310301131
within_same_half,Ausgrid-A,Ausgrid-A,7,124,0.6298344720181106,0.10962690700697486
within_same_half,Ausgrid-A,Ausgrid-A,7,127,0.3500185076283903,0.11676734752350693
within_same_half,Ausgrid-A,Ausgrid-A,7,129,0.4405849822636615,0.06349480392794149
within_same_half,Ausgrid-A,Ausgrid-A,7,130,0.3811396174754333,0.05091286555089425
within_same_half,Ausgrid-A,Ausgrid-A,7,131,0.4126545485611959,0.03287286594300143
within_same_half,Ausgrid-A,Ausgrid-A,7,132,0.1698833948109403,0.051423551862823214
within_same_half,Ausgrid-A,Ausgrid-A,7,134,0.6274049054192758,0.060999668889253456
within_same_half,Ausgrid-A,Ausgrid-A,7,136,0.18461307453628129,0.04189812723230024
within_same_half,Ausgrid-A,Ausgrid-A,7,137,0.40334372945358393,0.13383767115182088
within_same_half,Ausgrid-A,Ausgrid-A,7,138,0.3911161335261877,-0.10512534152302822
within_same_half,Ausgrid-A,Ausgrid-A,7,139,0.4765779531897184,0.10987943285961665
within_same_half,Ausgrid-A,Ausgrid-A,7,14,0.5039885016526751,0.1351370333017593
within_same_half,Ausgrid-A,Ausgrid-A,7,140,0.2562092296996102,0.09016899050207194
within_same_half,Ausgrid-A,Ausgrid-A,7,141,0.5622436906551445,-0.023835934975278583
within_same_half,Ausgrid-A,Ausgrid-A,7,144,0.2763878976140147,0.1098124806897598
within_same_half,Ausgrid-A,Ausgrid-A,7,146,0.24251719476806688,0.09156979977516888
within_same_half,Ausgrid-A,Ausgrid-A,7,148,0.5034361526129526,0.10786308793253119
within_same_half,Ausgrid-A,Ausgrid-A,7,153,0.2580646348347902,0.13668335725722192
within_same_half,Ausgrid-A,Ausgrid-A,7,154,0.33942245607484306,0.09136982793025406
within_same_half,Ausgrid-A,Ausgrid-A,7,156,0.7156717221236362,0.10864499516308779
within_same_half,Ausgrid-A,Ausgrid-A,7,157,0.4650925584350777,0.08749786384308134
within_same_half,Ausgrid-A,Ausgrid-A,7,158,0.4465685271617614,0.04082887441844929
within_same_half,Ausgrid-A,Ausgrid-A,7,160,0.5139650575124778,0.04598296087390075
within_same_half,Ausgrid-A,Ausgrid-A,7,162,0.3370204638594383,0.10108507514905074
within_same_half,Ausgrid-A,Ausgrid-A,7,163,0.2187626397280955,0.13719904698140573
within_same_half,Ausgrid-A,Ausgrid-A,7,164,0.28348168143196073,0.023989220800733513
within_same_half,Ausgrid-A,Ausgrid-A,7,166,0.5564480669047699,0.05554306576816104
within_same_half,Ausgrid-A,Ausgrid-A,7,167,0.43454316195906467,0.13518565430764662
within_same_half,Ausgrid-A,Ausgrid-A,7,173,0.31187043534633957,0.1100982859192815
within_same_half,Ausgrid-A,Ausgrid-A,7,174,0.23480311543005572,0.11072295418679545
within_same_half,Ausgrid-A,Ausgrid-A,7,175,0.8680102368060516,0.1113288790759217
within_same_half,Ausgrid-A,Ausgrid-A,7,180,0.2743082675725505,0.05859958175877833
within_same_half,Ausgrid-A,Ausgrid-A,7,181,0.392919035482776,0.07094253771714498
within_same_half,Ausgrid-A,Ausgrid-A,7,182,0.1920613939036114,0.0801912870528082
within_same_half,Ausgrid-A,Ausgrid-A,7,183,0.2505551542325044,0.07861454471032181
within_same_half,Ausgrid-A,Ausgrid-A,7,184,0.35937942272121204,0.12910143880326452
within_same_half,Ausgrid-A,Ausgrid-A,7,187,0.35152397775876476,0.13311130372162294
within_same_half,Ausgrid-A,Ausgrid-A,7,188,0.7218658225115887,0.13883928679989377
within_same_half,Ausgrid-A,Ausgrid-A,7,189,0.7049387108564762,0.15791547202538103
within_same_half,Ausgrid-A,Ausgrid-A,7,191,0.7662425063252449,0.1317484967614796
within_same_half,Ausgrid-A,Ausgrid-A,7,192,0.39384123964119094,0.0005675163622190782
within_same_half,Ausgrid-A,Ausgrid-A,7,195,0.35032800270042763,0.11183840993438254
within_same_half,Ausgrid-A,Ausgrid-A,7,196,0.3013547881501125,0.13204384887317644
within_same_half,Ausgrid-A,Ausgrid-A,7,198,0.917369051415214,0.11327109947382841
within_same_half,Ausgrid-A,Ausgrid-A,7,2,0.39840107131360575,0.04845564619743448
within_same_half,Ausgrid-A,Ausgrid-A,7,203,0.47474849823938076,0.07296174938754485
within_same_half,Ausgrid-A,Ausgrid-A,7,204,0.3319545668704107,0.05136917741237401
within_same_half,Ausgrid-A,Ausgrid-A,7,205,0.40988018730820747,0.06282140648017087
within_same_half,Ausgrid-A,Ausgrid-A,7,206,0.38428572922562,0.0862348419342921
within_same_half,Ausgrid-A,Ausgrid-A,7,208,0.364369440735616,0.0940027060003864
within_same_half,Ausgrid-A,Ausgrid-A,7,209,0.4287902153369108,0.13380698803980196
within_same_half,Ausgrid-A,Ausgrid-A,7,21,0.5461348499626472,0.07893827606525994
within_same_half,Ausgrid-A,Ausgrid-A,7,210,0.551830573881666,0.09062368930483922
within_same_half,Ausgrid-A,Ausgrid-A,7,212,0.7254197254055313,0.11871216436646481
within_same_half,Ausgrid-A,Ausgrid-A,7,214,0.3646344089827812,0.06811895107512589
within_same_half,Ausgrid-A,Ausgrid-A,7,216,0.26567851005407395,0.11072793145467397
within_same_half,Ausgrid-A,Ausgrid-A,7,218,0.4173935021056048,0.04870653435951411
within_same_half,Ausgrid-A,Ausgrid-A,7,219,0.27633271855991376,0.05839844349242396
within_same_half,Ausgrid-A,Ausgrid-A,7,223,0.4758692935009216,0.0645639898867616
within_same_half,Ausgrid-A,Ausgrid-A,7,225,0.320485628264605,0.07197687847364354
within_same_half,Ausgrid-A,Ausgrid-A,7,226,0.5173269821217605,0.13197646213529912
within_same_half,Ausgrid-A,Ausgrid-A,7,229,0.46484077053562634,-0.0013525220018657524
within_same_half,Ausgrid-A,Ausgrid-A,7,231,0.7620252217439644,0.14549894748837056
within_same_half,Ausgrid-A,Ausgrid-A,7,232,0.48494676892848365,0.022214087137011895
within_same_half,Ausgrid-A,Ausgrid-A,7,233,0.2079032190036189,0.11501663252490835
within_same_half,Ausgrid-A,Ausgrid-A,7,234,0.32596603196015167,-0.025223662437335426
within_same_half,Ausgrid-A,Ausgrid-A,7,235,0.36271645156211174,0.12904472892298857
within_same_half,Ausgrid-A,Ausgrid-A,7,236,0.4486611035107907,0.06180355138715199
within_same_half,Ausgrid-A,Ausgrid-A,7,239,0.24163324505174602,0.060699486790722346
within_same_half,Ausgrid-A,Ausgrid-A,7,242,0.6595772441976279,0.04311785659995193
within_same_half,Ausgrid-A,Ausgrid-A,7,243,0.32886861524404926,-0.013549188259935896
within_same_half,Ausgrid-A,Ausgrid-A,7,244,0.28764930955106016,0.0823870557375771
within_same_half,Ausgrid-A,Ausgrid-A,7,245,0.20584012326683448,0.03744313981724434
within_same_half,Ausgrid-A,Ausgrid-A,7,247,0.24405723413568542,0.03133690464456951
within_same_half,Ausgrid-A,Ausgrid-A,7,249,0.4032697019808254,0.06761434593537374
within_same_half,Ausgrid-A,Ausgrid-A,7,25,0.5972858942113087,0.04037787402272919
within_same_half,Ausgrid-A,Ausgrid-A,7,250,0.2729217499425106,-0.03129798983145515
within_same_half,Ausgrid-A,Ausgrid-A,7,252,0.2576509690916958,0.17156024054189833
within_same_half,Ausgrid-A,Ausgrid-A,7,255,0.5857516321430012,0.0859983781017093
within_same_half,Ausgrid-A,Ausgrid-A,7,260,0.6497516694168256,0.04914123034959672
within_same_half,Ausgrid-A,Ausgrid-A,7,262,0.33346425996147705,0.02887626009409816
within_same_half,Ausgrid-A,Ausgrid-A,7,263,0.2914932411943391,0.07274644810974851
within_same_half,Ausgrid-A,Ausgrid-A,7,266,0.5163374275532941,0.138267599197336
within_same_half,Ausgrid-A,Ausgrid-A,7,267,0.8769017447307752,0.08095367385637309
within_same_half,Ausgrid-A,Ausgrid-A,7,27,0.47094929415764764,0.08582598970842059
within_same_half,Ausgrid-A,Ausgrid-A,7,272,0.416162230041415,0.1116641243226486
within_same_half,Ausgrid-A,Ausgrid-A,7,274,0.38480214966837056,0.07775832842181296
within_same_half,Ausgrid-A,Ausgrid-A,7,275,0.4890680684561557,0.015172154192991338
within_same_half,Ausgrid-A,Ausgrid-A,7,276,0.5626575246958699,0.06968680431572749
within_same_half,Ausgrid-A,Ausgrid-A,7,277,0.3168677453987082,-0.10991962247384901
within_same_half,Ausgrid-A,Ausgrid-A,7,279,0.531029469543567,0.07831420640979991
within_same_half,Ausgrid-A,Ausgrid-A,7,28,0.3440957459869939,0.060532332592731164
within_same_half,Ausgrid-A,Ausgrid-A,7,283,0.23527357096864232,0.05633540266960857
within_same_half,Ausgrid-A,Ausgrid-A,7,284,0.32254074216407785,0.12075860251274684
within_same_half,Ausgrid-A,Ausgrid-A,7,285,0.4589540758973637,0.01201748037077055
within_same_half,Ausgrid-A,Ausgrid-A,7,287,0.436719783155057,0.11756806531260411
within_same_half,Ausgrid-A,Ausgrid-A,7,288,0.45953026469602537,0.12249609439560771
within_same_half,Ausgrid-A,Ausgrid-A,7,289,0.6007780813537532,0.08364914302013271
within_same_half,Ausgrid-A,Ausgrid-A,7,290,0.5084857814735982,0.07730975035010113
within_same_half,Ausgrid-A,Ausgrid-A,7,293,0.8894046790590059,0.08693622531019396
within_same_half,Ausgrid-A,Ausgrid-A,7,294,0.5976284778860518,0.029277058956276192
within_same_half,Ausgrid-A,Ausgrid-A,7,296,0.25001155535757225,0.06908509177355293
within_same_half,Ausgrid-A,Ausgrid-A,7,297,0.31764432519998503,0.013287618084922959
within_same_half,Ausgrid-A,Ausgrid-A,7,299,0.6514072278714935,0.023239603352288807
within_same_half,Ausgrid-A,Ausgrid-A,7,30,0.2549540114517886,0.12142716198776271
within_same_half,Ausgrid-A,Ausgrid-A,7,32,0.3949265556807069,0.12089000284725726
within_same_half,Ausgrid-A,Ausgrid-A,7,33,0.5970278544639479,0.0280502024021263
within_same_half,Ausgrid-A,Ausgrid-A,7,35,0.5627811370192315,0.06763908093722137
within_same_half,Ausgrid-A,Ausgrid-A,7,38,0.44016862457180045,0.09148505374463167
within_same_half,Ausgrid-A,Ausgrid-A,7,39,0.37846717047337985,0.10457151424850275
within_same_half,Ausgrid-A,Ausgrid-A,7,43,0.3267820254399578,0.047308183640695
within_same_half,Ausgrid-A,Ausgrid-A,7,47,0.37934817552161315,0.05651577936739738
within_same_half,Ausgrid-A,Ausgrid-A,7,48,0.502738961279555,0.11795566920504286
within_same_half,Ausgrid-A,Ausgrid-A,7,50,0.4516217383761823,0.12875461771944752
within_same_half,Ausgrid-A,Ausgrid-A,7,53,0.37286607011924716,0.06301183860348991
within_same_half,Ausgrid-A,Ausgrid-A,7,54,0.37481828835035247,0.04305523849133708
within_same_half,Ausgrid-A,Ausgrid-A,7,55,0.41826589081805354,0.07599371003244293
within_same_half,Ausgrid-A,Ausgrid-A,7,56,0.5439242553107861,0.08845807815708395
within_same_half,Ausgrid-A,Ausgrid-A,7,59,0.3606168968955664,0.10888009407011268
within_same_half,Ausgrid-A,Ausgrid-A,7,61,0.3804586590714011,0.08429429706606373
within_same_half,Ausgrid-A,Ausgrid-A,7,62,0.6859947198451045,-0.01058217724866517
within_same_half,Ausgrid-A,Ausgrid-A,7,67,0.34470987969670014,0.0894174901114112
within_same_half,Ausgrid-A,Ausgrid-A,7,68,0.3893386640495748,0.04435131300085593
within_same_half,Ausgrid-A,Ausgrid-A,7,69,0.358142136898243,0.07745478185795085
within_same_half,Ausgrid-A,Ausgrid-A,7,7,0.26990681628172447,0.12599850001085788
within_same_half,Ausgrid-A,Ausgrid-A,7,71,0.4989056105412646,0.11928921596712028
within_same_half,Ausgrid-A,Ausgrid-A,7,74,0.6353716892623683,0.060256809607346806
within_same_half,Ausgrid-A,Ausgrid-A,7,76,0.39108922791994455,0.11446294747091545
within_same_half,Ausgrid-A,Ausgrid-A,7,77,0.38357119919874477,0.06238607379798766
within_same_half,Ausgrid-A,Ausgrid-A,7,78,0.6062927970545733,0.10582148797312507
within_same_half,Ausgrid-A,Ausgrid-A,7,79,0.5180367739224485,0.08324769639138252
within_same_half,Ausgrid-A,Ausgrid-A,7,83,0.3747559037257052,0.13524373498373443
within_same_half,Ausgrid-A,Ausgrid-A,7,86,0.5368019643464207,0.07684974681116341
within_same_half,Ausgrid-A,Ausgrid-A,7,87,0.1587691733348687,0.06859566270528428
within_same_half,Ausgrid-A,Ausgrid-A,7,90,0.18609872493674687,0.04019773080850897
within_same_half,Ausgrid-A,Ausgrid-A,7,91,0.5722356923983049,0.049388699267358005
within_same_half,Ausgrid-A,Ausgrid-A,7,92,0.27414304325932615,0.010576341236702147
within_same_half,Ausgrid-A,Ausgrid-A,7,93,0.34305397375399466,0.09894340827524839
within_same_half,Ausgrid-A,Ausgrid-A,7,94,0.41156413900315436,0.08408276625265287
within_same_half,Ausgrid-A,Ausgrid-A,7,95,0.766134329450628,0.09093973845478764
within_same_half,Ausgrid-A,Ausgrid-A,123,1,0.550539262422916,0.10868737637060089
within_same_half,Ausgrid-A,Ausgrid-A,123,103,0.33105187273110365,0.05664203545156343
within_same_half,Ausgrid-A,Ausgrid-A,123,104,0.8996766668607168,-0.020696933501290316
within_same_half,Ausgrid-A,Ausgrid-A,123,106,0.5414882451715581,0.09336171366126833
within_same_half,Ausgrid-A,Ausgrid-A,123,108,0.37293672506071396,0.1293719899365069
within_same_half,Ausgrid-A,Ausgrid-A,123,110,0.3878289877528851,0.11885380998427131
within_same_half,Ausgrid-A,Ausgrid-A,123,111,0.4650072419053416,-0.0454813254657882
within_same_half,Ausgrid-A,Ausgrid-A,123,114,0.748413930644533,0.06516552303715006
within_same_half,Ausgrid-A,Ausgrid-A,123,115,0.21337007672558092,0.09632107388363598
within_same_half,Ausgrid-A,Ausgrid-A,123,121,0.6584811209850512,0.05961016508366446
within_same_half,Ausgrid-A,Ausgrid-A,123,124,0.6222613356761401,0.12033276247857616
within_same_half,Ausgrid-A,Ausgrid-A,123,127,0.35215983928632744,0.11136393599282401
within_same_half,Ausgrid-A,Ausgrid-A,123,129,0.4432285761312791,0.05787559425672639
within_same_half,Ausgrid-A,Ausgrid-A,123,130,0.37995521811730937,0.05386217373431246
within_same_half,Ausgrid-A,Ausgrid-A,123,131,0.4100905561948142,0.03888202444540667
within_same_half,Ausgrid-A,Ausgrid-A,123,132,0.17108320675426966,0.044724172250692695
within_same_half,Ausgrid-A,Ausgrid-A,123,134,0.6296185990985294,0.057686562664163055
within_same_half,Ausgrid-A,Ausgrid-A,123,136,0.18034619967376406,0.06404228363569597
within_same_half,Ausgrid-A,Ausgrid-A,123,137,0.4049155123801427,0.13046233874748114
within_same_half,Ausgrid-A,Ausgrid-A,123,138,0.3871555112002083,-0.09393433270122342
within_same_half,Ausgrid-A,Ausgrid-A,123,139,0.472637015955133,0.11724005301175655
within_same_half,Ausgrid-A,Ausgrid-A,123,14,0.5069648829921456,0.13002945250013664
within_same_half,Ausgrid-A,Ausgrid-A,123,140,0.25239626221237926,0.10370931479935619
within_same_half,Ausgrid-A,Ausgrid-A,123,141,0.5610986639141516,-0.02175086129028969
within_same_half,Ausgrid-A,Ausgrid-A,123,144,0.27516304641613426,0.113757469811129
within_same_half,Ausgrid-A,Ausgrid-A,123,146,0.2419471965325556,0.09370492100526773
within_same_half,Ausgrid-A,Ausgrid-A,123,148,0.5043437985365746,0.10625465272709744
within_same_half,Ausgrid-A,Ausgrid-A,123,153,0.25512860282260047,0.1465054132757525
within_same_half,Ausgrid-A,Ausgrid-A,123,154,0.33659157981530946,0.09894805246069294
within_same_half,Ausgrid-A,Ausgrid-A,123,156,0.733085014061256,0.0869570837374044
within_same_half,Ausgrid-A,Ausgrid-A,123,157,0.4704627836346207,0.0769615912724878
within_same_half,Ausgrid-A,Ausgrid-A,123,158,0.4518022400690437,0.029587539673803787
within_same_half,Ausgrid-A,Ausgrid-A,123,160,0.5065828811670824,0.05968568621757819
within_same_half,Ausgrid-A,Ausgrid-A,123,162,0.3341879817737486,0.10863998855710233
within_same_half,Ausgrid-A,Ausgrid-A,123,163,0.21798729047831245,0.14025702832806786
within_same_half,Ausgrid-A,Ausgrid-A,123,164,0.2828463738438038,0.02617654751269638
within_same_half,Ausgrid-A,Ausgrid-A,123,166,0.5585568298942643,0.0519638713266064
within_same_half,Ausgrid-A,Ausgrid-A,123,167,0.4377370898125373,0.12882919799077164
within_same_half,Ausgrid-A,Ausgrid-A,123,173,0.3123501712588675,0.10872939113965752
within_same_half,Ausgrid-A,Ausgrid-A,123,174,0.23471774673640117,0.11104627366047026
within_same_half,Ausgrid-A,Ausgrid-A,123,175,0.8625204328089257,0.11694935457829692
within_same_half,Ausgrid-A,Ausgrid-A,123,180,0.27364060921219946,0.06089092304877608
within_same_half,Ausgrid-A,Ausgrid-A,123,181,0.4000940117422259,0.053977298994735357
within_same_half,Ausgrid-A,Ausgrid-A,123,182,0.19252079117819362,0.07799116964619923
within_same_half,Ausgrid-A,Ausgrid-A,123,183,0.25187597594995076,0.0737573869192013
within_same_half,Ausgrid-A,Ausgrid-A,123,184,0.35671590176707835,0.1355560559015614
within_same_half,Ausgrid-A,Ausgrid-A,123,187,0.35134058256564743,0.1335635722151659
within_same_half,Ausgrid-A,Ausgrid-A,123,188,0.7225136367023615,0.13806646709691073
within_same_half,Ausgrid-A,Ausgrid-A,123,189,0.7038820212828028,0.1591777405420034
within_same_half,Ausgrid-A,Ausgrid-A,123,191,0.7628994886184218,0.13553656662884095
within_same_half,Ausgrid-A,Ausgrid-A,123,192,0.3890008505828957,0.012850745164546984
within_same_half,Ausgrid-A,Ausgrid-A,123,195,0.34254079435361323,0.1315807636547992
within_same_half,Ausgrid-A,Ausgrid-A,123,196,0.3019544329104001,0.13031676379390011
within_same_half,Ausgrid-A,Ausgrid-A,123,198,0.9170665502233154,0.113563497117815
within_same_half,Ausgrid-A,Ausgrid-A,123,2,0.39702945696260833,0.05173162105107343
within_same_half,Ausgrid-A,Ausgrid-A,123,203,0.4657231340984576,0.09058551821539895
within_same_half,Ausgrid-A,Ausgrid-A,123,204,0.3287002938387791,0.06066895518626014
within_same_half,Ausgrid-A,Ausgrid-A,123,205,0.40507285669726684,0.0738132218448847
within_same_half,Ausgrid-A,Ausgrid-A,123,206,0.38287696945747796,0.08958462959048985
within_same_half,Ausgrid-A,Ausgrid-A,123,208,0.3622947414200685,0.0991614041666049
within_same_half,Ausgrid-A,Ausgrid-A,123,209,0.42376679213986246,0.14395473375266332
within_same_half,Ausgrid-A,Ausgrid-A,123,21,0.5475347913185274,0.07657726138410037
within_same_half,Ausgrid-A,Ausgrid-A,123,210,0.5524180728702102,0.0896555340629479
within_same_half,Ausgrid-A,Ausgrid-A,123,212,0.7275542114243595,0.11611904965253617
within_same_half,Ausgrid-A,Ausgrid-A,123,214,0.3640162205320458,0.0696988296815132
within_same_half,Ausgrid-A,Ausgrid-A,123,216,0.2635371459259902,0.11789544871943969
within_same_half,Ausgrid-A,Ausgrid-A,123,218,0.4161565200434673,0.05152577554772053
within_same_half,Ausgrid-A,Ausgrid-A,123,219,0.2766366080441934,0.057362942474320944
within_same_half,Ausgrid-A,Ausgrid-A,123,223,0.4856012642052917,0.04543345137426302
within_same_half,Ausgrid-A,Ausgrid-A,123,225,0.3173277639015498,0.08112103623019584
within_same_half,Ausgrid-A,Ausgrid-A,123,226,0.5146299370623408,0.13650183714020647
within_same_half,Ausgrid-A,Ausgrid-A,123,229,0.4656678369300255,-0.0031341751450277844
within_same_half,Ausgrid-A,Ausgrid-A,123,231,0.7643212107746983,0.14292432792548104
within_same_half,Ausgrid-A,Ausgrid-A,123,232,0.4838216182203784,0.024482700070889152
within_same_half,Ausgrid-A,Ausgrid-A,123,233,0.2056485331625446,0.12461417256202345
within_same_half,Ausgrid-A,Ausgrid-A,123,234,0.3325805905598999,-0.04602767674600816
within_same_half,Ausgrid-A,Ausgrid-A,123,235,0.3659302556235773,0.12132773793598672
within_same_half,Ausgrid-A,Ausgrid-A,123,236,0.44659300411253183,0.066128159639666
within_same_half,Ausgrid-A,Ausgrid-A,123,239,0.2397080834978146,0.068183164110171
within_same_half,Ausgrid-A,Ausgrid-A,123,242,0.6569203407318076,0.04697236114137815
within_same_half,Ausgrid-A,Ausgrid-A,123,243,0.3201635468483677,0.01327920033422303
within_same_half,Ausgrid-A,Ausgrid-A,123,244,0.28706939460613523,0.08423700789238975
within_same_half,Ausgrid-A,Ausgrid-A,123,245,0.20582525372499016,0.03751267329440544
within_same_half,Ausgrid-A,Ausgrid-A,123,247,0.24215960816985255,0.03886858158256423
within_same_half,Ausgrid-A,Ausgrid-A,123,249,0.40699798297104356,0.05899431895956453
within_same_half,Ausgrid-A,Ausgrid-A,123,25,0.5891112275616704,0.053511602887764353
within_same_half,Ausgrid-A,Ausgrid-A,123,250,0.27071763803329,-0.02296924292205116
within_same_half,Ausgrid-A,Ausgrid-A,123,252,0.25641082808833465,0.17554773617655672
within_same_half,Ausgrid-A,Ausgrid-A,123,255,0.588819359991638,0.08121152293079259
within_same_half,Ausgrid-A,Ausgrid-A,123,260,0.6500261868399393,0.04873949640803754
within_same_half,Ausgrid-A,Ausgrid-A,123,262,0.3353106334324405,0.02349920076368528
within_same_half,Ausgrid-A,Ausgrid-A,123,263,0.2960238299603244,0.0583344346160527
within_same_half,Ausgrid-A,Ausgrid-A,123,266,0.5160564597827348,0.13873651548841237
within_same_half,Ausgrid-A,Ausgrid-A,123,267,0.8680042699994573,0.0902787681590238
within_same_half,Ausgrid-A,Ausgrid-A,123,27,0.4705815061630734,0.08653991417992535
within_same_half,Ausgrid-A,Ausgrid-A,123,272,0.4177398010239488,0.10829665654434284
within_same_half,Ausgrid-A,Ausgrid-A,123,274,0.38545732599565696,0.07618809054300746
within_same_half,Ausgrid-A,Ausgrid-A,123,275,0.49347886427581805,0.0062902115237735146
within_same_half,Ausgrid-A,Ausgrid-A,123,276,0.5730579536248371,0.052490453340727994
within_same_half,Ausgrid-A,Ausgrid-A,123,277,0.3092036396714155,-0.08307390700119077
within_same_half,Ausgrid-A,Ausgrid-A,123,279,0.5305384616558697,0.0791664284061051
within_same_half,Ausgrid-A,Ausgrid-A,123,28,0.3401634516217987,0.07126848221943516
within_same_half,Ausgrid-A,Ausgrid-A,123,283,0.23330899944264993,0.06421515129742805
within_same_half,Ausgrid-A,Ausgrid-A,123,284,0.32631763546655196,0.11046284600413725
within_same_half,Ausgrid-A,Ausgrid-A,123,285,0.4595806632889595,0.010668636505060558
within_same_half,Ausgrid-A,Ausgrid-A,123,287,0.43718830319439467,0.11662137807584627
within_same_half,Ausgrid-A,Ausgrid-A,123,288,0.45622954067640475,0.12879904861007108
within_same_half,Ausgrid-A,Ausgrid-A,123,289,0.6030121841482922,0.0802415253424974
within_same_half,Ausgrid-A,Ausgrid-A,123,290,0.505904111931413,0.08199440703310434
within_same_half,Ausgrid-A,Ausgrid-A,123,293,0.8877583998363808,0.08862629728372318
within_same_half,Ausgrid-A,Ausgrid-A,123,294,0.6077158352611493,0.012892248692296882
within_same_half,Ausgrid-A,Ausgrid-A,123,296,0.25420322885246105,0.05347744779394259
within_same_half,Ausgrid-A,Ausgrid-A,123,297,0.3161870112223683,0.01781453587307169
within_same_half,Ausgrid-A,Ausgrid-A,123,299,0.6502366743364866,0.02499480391843345
within_same_half,Ausgrid-A,Ausgrid-A,123,30,0.2556672333804981,0.11896939554403918
within_same_half,Ausgrid-A,Ausgrid-A,123,32,0.39375182899990435,0.12350495480265455
within_same_half,Ausgrid-A,Ausgrid-A,123,33,0.5883814243868989,0.04212642330287064
within_same_half,Ausgrid-A,Ausgrid-A,123,35,0.5548426025144026,0.08079087093170523
within_same_half,Ausgrid-A,Ausgrid-A,123,38,0.43746366279292664,0.09706813729027741
within_same_half,Ausgrid-A,Ausgrid-A,123,39,0.3800628067724885,0.10079634348974476
within_same_half,Ausgrid-A,Ausgrid-A,123,43,0.3215307139741213,0.06261772048538738
within_same_half,Ausgrid-A,Ausgrid-A,123,47,0.37982013679235227,0.05534195531755248
within_same_half,Ausgrid-A,Ausgrid-A,123,48,0.5076238299047248,0.1093852758013909
within_same_half,Ausgrid-A,Ausgrid-A,123,50,0.45439581447817334,0.12340301307206147
within_same_half,Ausgrid-A,Ausgrid-A,123,53,0.3756273672842012,0.056072878582718255
within_same_half,Ausgrid-A,Ausgrid-A,123,54,0.37285099085334433,0.04807792573100378
within_same_half,Ausgrid-A,Ausgrid-A,123,55,0.4188623181181306,0.07467612093689957
within_same_half,Ausgrid-A,Ausgrid-A,123,56,0.5360802560340908,0.10160353748492335
within_same_half,Ausgrid-A,Ausgrid-A,123,59,0.3633934221106157,0.10201902652240091
within_same_half,Ausgrid-A,Ausgrid-A,123,61,0.38354753280591136,0.07685985122840677
within_same_half,Ausgrid-A,Ausgrid-A,123,62,0.686981022936881,-0.012035162668348365
within_same_half,Ausgrid-A,Ausgrid-A,123,67,0.34682091332919635,0.08384100270342354
within_same_half,Ausgrid-A,Ausgrid-A,123,68,0.3968425036884155,0.02593281219304211
within_same_half,Ausgrid-A,Ausgrid-A,123,69,0.3602316407162936,0.07207238878818523
within_same_half,Ausgrid-A,Ausgrid-A,123,7,0.2677291656015415,0.1330500816906096
within_same_half,Ausgrid-A,Ausgrid-A,123,71,0.4974117858575849,0.1219262428527147
within_same_half,Ausgrid-A,Ausgrid-A,123,74,0.6351357167757619,0.0606058234856105
within_same_half,Ausgrid-A,Ausgrid-A,123,76,0.39196146574885865,0.1124879533749924
within_same_half,Ausgrid-A,Ausgrid-A,123,77,0.3767701468791564,0.07901078749128687
within_same_half,Ausgrid-A,Ausgrid-A,123,78,0.5993550468954815,0.11605348667772541
within_same_half,Ausgrid-A,Ausgrid-A,123,79,0.5146964970057616,0.08915887241635301
within_same_half,Ausgrid-A,Ausgrid-A,123,83,0.3689082028011465,0.1487374143632454
within_same_half,Ausgrid-A,Ausgrid-A,123,86,0.538781054460905,0.07344626161249401
within_same_half,Ausgrid-A,Ausgrid-A,123,87,0.15811835110065436,0.07241364978062503
within_same_half,Ausgrid-A,Ausgrid-A,123,90,0.18702620131955455,0.03541428085664655
within_same_half,Ausgrid-A,Ausgrid-A,123,91,0.5684136832298615,0.05573791018742247
within_same_half,Ausgrid-A,Ausgrid-A,123,92,0.27354617658952235,0.012730523218524303
within_same_half,Ausgrid-A,Ausgrid-A,123,93,0.3402491330067684,0.10631052959546006
within_same_half,Ausgrid-A,Ausgrid-A,123,94,0.40734050985967074,0.09348226041374297
within_same_half,Ausgrid-A,Ausgrid-A,123,95,0.7575547618825941,0.1011198643642145
within_cross_half,Ausgrid-A,Ausgrid-B,42,10,0.2514204050511652,0.08204225537449827
within_cross_half,Ausgrid-A,Ausgrid-B,42,100,0.40153315266402906,0.049592461068597826
within_cross_half,Ausgrid-A,Ausgrid-B,42,101,0.2707016571022971,0.05056497908977364
within_cross_half,Ausgrid-A,Ausgrid-B,42,102,0.37960966871176116,0.0533015478971417
within_cross_half,Ausgrid-A,Ausgrid-B,42,105,0.24141545206905368,0.10443443379546835
within_cross_half,Ausgrid-A,Ausgrid-B,42,107,0.24698607735980307,0.08529924666206057
within_cross_half,Ausgrid-A,Ausgrid-B,42,109,0.44398946420529645,0.07826150826754441
within_cross_half,Ausgrid-A,Ausgrid-B,42,11,0.37254558876111243,0.0636791152416969
within_cross_half,Ausgrid-A,Ausgrid-B,42,112,0.7001325998685466,0.12666515649277832
within_cross_half,Ausgrid-A,Ausgrid-B,42,113,0.31924967400743004,0.07821460623971166
within_cross_half,Ausgrid-A,Ausgrid-B,42,116,0.2831107657443645,0.11471837589455136
within_cross_half,Ausgrid-A,Ausgrid-B,42,117,0.21530437693172438,0.104408467141752
within_cross_half,Ausgrid-A,Ausgrid-B,42,118,0.3508218366623328,0.043867311962291766
within_cross_half,Ausgrid-A,Ausgrid-B,42,119,0.3887381659641106,0.14823183242454085
within_cross_half,Ausgrid-A,Ausgrid-B,42,12,0.22974057274553225,-0.0023808831381035844
within_cross_half,Ausgrid-A,Ausgrid-B,42,120,0.41805537554240707,0.00570874695236645
within_cross_half,Ausgrid-A,Ausgrid-B,42,122,0.3222472873870655,0.0009801310187659285
within_cross_half,Ausgrid-A,Ausgrid-B,42,123,0.36099999315410963,0.11956347572062143
within_cross_half,Ausgrid-A,Ausgrid-B,42,125,0.34656577384553444,0.007754576013448089
within_cross_half,Ausgrid-A,Ausgrid-B,42,126,0.31797030304756185,0.054814935499371886
within_cross_half,Ausgrid-A,Ausgrid-B,42,128,0.27574588375831066,-0.035444496510219414
within_cross_half,Ausgrid-A,Ausgrid-B,42,13,0.4119946652071044,0.0340529208567486
within_cross_half,Ausgrid-A,Ausgrid-B,42,133,0.5061495389273396,0.11874223821244256
within_cross_half,Ausgrid-A,Ausgrid-B,42,135,0.24919281256486678,0.09475266470600585
within_cross_half,Ausgrid-A,Ausgrid-B,42,142,0.3460634154658431,0.14052967165504293
within_cross_half,Ausgrid-A,Ausgrid-B,42,143,0.5278039637993498,0.02407223853869933
within_cross_half,Ausgrid-A,Ausgrid-B,42,145,0.4124867570818039,0.03576961512172283
within_cross_half,Ausgrid-A,Ausgrid-B,42,147,0.5082646819541825,0.06500546219208458
within_cross_half,Ausgrid-A,Ausgrid-B,42,149,0.736681078912065,0.11403633807207425
within_cross_half,Ausgrid-A,Ausgrid-B,42,15,0.18960019013845167,0.14674034316133777
within_cross_half,Ausgrid-A,Ausgrid-B,42,150,0.14756349735110982,0.12989285326782984
within_cross_half,Ausgrid-A,Ausgrid-B,42,151,0.30994903276393704,0.10656985458220036
within_cross_half,Ausgrid-A,Ausgrid-B,42,152,0.7476851464661595,0.11276261991213987
within_cross_half,Ausgrid-A,Ausgrid-B,42,155,0.2352343531696998,0.07873791958328946
within_cross_half,Ausgrid-A,Ausgrid-B,42,159,0.7390113349194974,0.014617219478755494
within_cross_half,Ausgrid-A,Ausgrid-B,42,16,0.4528994895449376,0.04309975794784482
within_cross_half,Ausgrid-A,Ausgrid-B,42,161,0.5889513381529734,0.11124424325749671
within_cross_half,Ausgrid-A,Ausgrid-B,42,165,0.42381097730799694,0.1914251418542734
within_cross_half,Ausgrid-A,Ausgrid-B,42,168,0.23320947760495178,0.030623186909168987
within_cross_half,Ausgrid-A,Ausgrid-B,42,169,0.29994940639237516,0.10316917801794812
within_cross_half,Ausgrid-A,Ausgrid-B,42,17,0.5236544936799009,0.022165125748422776
within_cross_half,Ausgrid-A,Ausgrid-B,42,170,0.30338631354182405,0.1495126120672745
within_cross_half,Ausgrid-A,Ausgrid-B,42,171,0.2609161861347345,0.05130028572072043
within_cross_half,Ausgrid-A,Ausgrid-B,42,172,0.3338967288118357,0.11102757616644598
within_cross_half,Ausgrid-A,Ausgrid-B,42,176,0.31221219543230766,-0.04317387471940903
within_cross_half,Ausgrid-A,Ausgrid-B,42,177,0.4250932397662932,0.054397227073782806
within_cross_half,Ausgrid-A,Ausgrid-B,42,178,0.27194441050286555,0.1695293347267155
within_cross_half,Ausgrid-A,Ausgrid-B,42,179,0.32335448650552,0.09452087462339942
within_cross_half,Ausgrid-A,Ausgrid-B,42,18,0.3290180102061097,0.1367715442033628
within_cross_half,Ausgrid-A,Ausgrid-B,42,185,0.47821373978620707,0.0021861291698794805
within_cross_half,Ausgrid-A,Ausgrid-B,42,186,0.1804337268188028,0.16197738396032513
within_cross_half,Ausgrid-A,Ausgrid-B,42,19,0.21336927243301257,0.10033836973833032
within_cross_half,Ausgrid-A,Ausgrid-B,42,190,0.44303157365792645,0.12223563949655225
within_cross_half,Ausgrid-A,Ausgrid-B,42,193,0.39671373062033666,0.08006431540361225
within_cross_half,Ausgrid-A,Ausgrid-B,42,194,0.4300538367223308,0.08317273852697604
within_cross_half,Ausgrid-A,Ausgrid-B,42,197,0.39398645736166776,0.030084999566789228
within_cross_half,Ausgrid-A,Ausgrid-B,42,199,0.3873519623301284,-0.07119894072789967
within_cross_half,Ausgrid-A,Ausgrid-B,42,20,0.4816003295599113,0.019656779853507667
within_cross_half,Ausgrid-A,Ausgrid-B,42,200,0.49014450018285105,-0.0026042660411738083
within_cross_half,Ausgrid-A,Ausgrid-B,42,201,0.49607170518735616,0.04957613920829562
within_cross_half,Ausgrid-A,Ausgrid-B,42,202,0.24041532697257556,0.0797924778059993
within_cross_half,Ausgrid-A,Ausgrid-B,42,207,0.41050688132893315,0.0658326237737541
within_cross_half,Ausgrid-A,Ausgrid-B,42,211,0.16196628134352198,-0.05246336420278541
within_cross_half,Ausgrid-A,Ausgrid-B,42,213,0.2868089519042661,0.04182186951405675
within_cross_half,Ausgrid-A,Ausgrid-B,42,215,0.4595919931726521,0.11662439503816946
within_cross_half,Ausgrid-A,Ausgrid-B,42,217,0.4055975382123782,0.06911531742072097
within_cross_half,Ausgrid-A,Ausgrid-B,42,22,0.5974806348791781,0.09159717095909203
within_cross_half,Ausgrid-A,Ausgrid-B,42,220,0.6717256341076311,0.12475302562746671
within_cross_half,Ausgrid-A,Ausgrid-B,42,221,0.42112512247964934,0.04256923028770676
within_cross_half,Ausgrid-A,Ausgrid-B,42,222,0.3000633241122548,0.05186362243789644
within_cross_half,Ausgrid-A,Ausgrid-B,42,224,0.5525036861698241,0.16495226247471617
within_cross_half,Ausgrid-A,Ausgrid-B,42,227,0.25227940100112656,0.07649982348993833
within_cross_half,Ausgrid-A,Ausgrid-B,42,228,0.5694705476699341,-0.017159366346224614
within_cross_half,Ausgrid-A,Ausgrid-B,42,23,0.35741982566358244,0.07448511740848007
within_cross_half,Ausgrid-A,Ausgrid-B,42,230,0.26494685335262835,0.08742774400888087
within_cross_half,Ausgrid-A,Ausgrid-B,42,237,0.37449092522933136,0.11992515292594008
within_cross_half,Ausgrid-A,Ausgrid-B,42,238,0.38558005004319945,0.11451489333963016
within_cross_half,Ausgrid-A,Ausgrid-B,42,24,0.2545789826743809,0.0743826516712156
within_cross_half,Ausgrid-A,Ausgrid-B,42,240,0.22634636988534637,0.0010971275166646866
within_cross_half,Ausgrid-A,Ausgrid-B,42,241,0.27454706257574535,0.06168014634323682
within_cross_half,Ausgrid-A,Ausgrid-B,42,246,0.4046076803001331,0.1001961862643731
within_cross_half,Ausgrid-A,Ausgrid-B,42,248,0.774009409091345,0.08087708951603256
within_cross_half,Ausgrid-A,Ausgrid-B,42,251,0.7403694380827919,0.045295757632227485
within_cross_half,Ausgrid-A,Ausgrid-B,42,253,0.4688039277034405,0.01306282183627383
within_cross_half,Ausgrid-A,Ausgrid-B,42,254,0.6407735702224121,0.05799626769719901
within_cross_half,Ausgrid-A,Ausgrid-B,42,256,0.6359195178131021,0.12110658076301972
within_cross_half,Ausgrid-A,Ausgrid-B,42,257,0.48046423468855787,0.050010485559051965
within_cross_half,Ausgrid-A,Ausgrid-B,42,258,0.3696482550685491,-0.10191022042695597
within_cross_half,Ausgrid-A,Ausgrid-B,42,259,0.17591992924270697,0.032733392956269425
within_cross_half,Ausgrid-A,Ausgrid-B,42,26,0.4982252865233515,-0.03146906443239139
within_cross_half,Ausgrid-A,Ausgrid-B,42,261,0.24897856894385598,0.051909557152533425
within_cross_half,Ausgrid-A,Ausgrid-B,42,264,0.23962957024369258,0.1403171753796525
within_cross_half,Ausgrid-A,Ausgrid-B,42,265,0.24269498344463622,0.017238619083855933
within_cross_half,Ausgrid-A,Ausgrid-B,42,268,0.43233180745949445,0.041003436659083126
within_cross_half,Ausgrid-A,Ausgrid-B,42,269,0.3622864407179218,0.01504177138621876
within_cross_half,Ausgrid-A,Ausgrid-B,42,270,0.421706932442696,0.11703948343802228
within_cross_half,Ausgrid-A,Ausgrid-B,42,271,0.44515461048270255,0.13521519519133662
within_cross_half,Ausgrid-A,Ausgrid-B,42,273,0.6205100492381583,0.10363190159545232
within_cross_half,Ausgrid-A,Ausgrid-B,42,278,0.13480678232241494,0.048651441068905954
within_cross_half,Ausgrid-A,Ausgrid-B,42,280,0.39447837815551606,0.08809435716454794
within_cross_half,Ausgrid-A,Ausgrid-B,42,281,0.4096604670100817,0.08257540617200121
within_cross_half,Ausgrid-A,Ausgrid-B,42,282,0.2580569597071672,0.10872051376285263
within_cross_half,Ausgrid-A,Ausgrid-B,42,286,0.39179063410345827,0.12599169376088137
within_cross_half,Ausgrid-A,Ausgrid-B,42,29,0.3105141219186876,0.1179427316027658
within_cross_half,Ausgrid-A,Ausgrid-B,42,291,0.22255553318277885,0.10433182701617849
within_cross_half,Ausgrid-A,Ausgrid-B,42,292,0.48222673576871294,0.14015295510325543
within_cross_half,Ausgrid-A,Ausgrid-B,42,295,0.3070750514175154,0.09893972578126664
within_cross_half,Ausgrid-A,Ausgrid-B,42,298,0.1353342170274859,-0.039968522791121064
within_cross_half,Ausgrid-A,Ausgrid-B,42,3,0.23141709783254927,0.06178706031336911
within_cross_half,Ausgrid-A,Ausgrid-B,42,300,0.5510264737221968,0.024679178574929628
within_cross_half,Ausgrid-A,Ausgrid-B,42,31,0.2860398650099216,-0.004907040027490428
within_cross_half,Ausgrid-A,Ausgrid-B,42,34,0.4089337495780167,0.1100628534282031
within_cross_half,Ausgrid-A,Ausgrid-B,42,36,0.25086043126428964,0.10286173730145753
within_cross_half,Ausgrid-A,Ausgrid-B,42,37,0.4263404558241658,0.07364592925918978
within_cross_half,Ausgrid-A,Ausgrid-B,42,4,0.39207404114707206,-0.009693439465014997
within_cross_half,Ausgrid-A,Ausgrid-B,42,40,0.18462979290075288,0.03857876554589068
within_cross_half,Ausgrid-A,Ausgrid-B,42,41,0.23288284921502606,0.1436599078305938
within_cross_half,Ausgrid-A,Ausgrid-B,42,42,0.38020711492420134,0.08488265528655836
within_cross_half,Ausgrid-A,Ausgrid-B,42,44,0.4048167884591603,0.08416605249308151
within_cross_half,Ausgrid-A,Ausgrid-B,42,45,0.2889943918970819,0.042740216049789836
within_cross_half,Ausgrid-A,Ausgrid-B,42,46,0.47373198973305414,0.023778475932222598
within_cross_half,Ausgrid-A,Ausgrid-B,42,49,0.5050961334619171,0.10627825659572565
within_cross_half,Ausgrid-A,Ausgrid-B,42,5,0.4413293805429527,0.07181681376695004
within_cross_half,Ausgrid-A,Ausgrid-B,42,51,0.38725972371938355,0.08247007580068033
within_cross_half,Ausgrid-A,Ausgrid-B,42,52,0.6136701407969616,0.04369874494056092
within_cross_half,Ausgrid-A,Ausgrid-B,42,57,0.760989455233982,0.08584893488517786
within_cross_half,Ausgrid-A,Ausgrid-B,42,58,0.9430970518931293,0.01867000494778992
within_cross_half,Ausgrid-A,Ausgrid-B,42,6,0.3632269688631675,0.14083461088134763
within_cross_half,Ausgrid-A,Ausgrid-B,42,60,0.35648225723475835,0.06664366053248405
within_cross_half,Ausgrid-A,Ausgrid-B,42,63,0.30045979582449917,0.10805473396497067
within_cross_half,Ausgrid-A,Ausgrid-B,42,64,0.3046012611131602,0.09556818925983968
within_cross_half,Ausgrid-A,Ausgrid-B,42,65,0.4430871352282478,0.030901644528810945
within_cross_half,Ausgrid-A,Ausgrid-B,42,66,0.2430940818149758,0.11006869662531304
within_cross_half,Ausgrid-A,Ausgrid-B,42,70,0.5113852014737255,-0.0027875975472810843
within_cross_half,Ausgrid-A,Ausgrid-B,42,72,0.3694988931351752,0.15090625454875317
within_cross_half,Ausgrid-A,Ausgrid-B,42,73,0.25710216854501206,0.10663990650878741
within_cross_half,Ausgrid-A,Ausgrid-B,42,75,0.8874132430261864,0.05379333183070556
within_cross_half,Ausgrid-A,Ausgrid-B,42,8,0.5032043007904426,0.06499819795318518
within_cross_half,Ausgrid-A,Ausgrid-B,42,80,0.814684273940903,0.15885513337555823
within_cross_half,Ausgrid-A,Ausgrid-B,42,81,0.3655760259241152,0.01580282469823613
within_cross_half,Ausgrid-A,Ausgrid-B,42,82,0.8453807416669592,0.08989012977104482
within_cross_half,Ausgrid-A,Ausgrid-B,42,84,0.41909016481079403,0.10463021329023536
within_cross_half,Ausgrid-A,Ausgrid-B,42,85,0.8285412894555892,0.07531975909590305
within_cross_half,Ausgrid-A,Ausgrid-B,42,88,0.20846667625515497,0.0672013251149769
within_cross_half,Ausgrid-A,Ausgrid-B,42,89,0.46844991351149,0.048343605239864584
within_cross_half,Ausgrid-A,Ausgrid-B,42,9,0.1866052887601374,0.026313236472306545
within_cross_half,Ausgrid-A,Ausgrid-B,42,96,0.6116135103724121,0.08611486929728462
within_cross_half,Ausgrid-A,Ausgrid-B,42,97,0.28343430325348207,0.09372040493667011
within_cross_half,Ausgrid-A,Ausgrid-B,42,98,0.3930312504812695,0.05037537301045025
within_cross_half,Ausgrid-A,Ausgrid-B,42,99,0.30504712732567896,0.15194519243565607
within_cross_half,Ausgrid-A,Ausgrid-B,7,10,0.2547819545218268,0.06976894617388829
within_cross_half,Ausgrid-A,Ausgrid-B,7,100,0.4020318354292851,0.04841210558240694
within_cross_half,Ausgrid-A,Ausgrid-B,7,101,0.2704670794517231,0.05138771596904457
within_cross_half,Ausgrid-A,Ausgrid-B,7,102,0.37767136359320236,0.058135435457671636
within_cross_half,Ausgrid-A,Ausgrid-B,7,105,0.2454617351089722,0.0894241611281168
within_cross_half,Ausgrid-A,Ausgrid-B,7,107,0.2489508073064386,0.07802296622753602
within_cross_half,Ausgrid-A,Ausgrid-B,7,109,0.441830811350186,0.08274295115584562
within_cross_half,Ausgrid-A,Ausgrid-B,7,11,0.36441400617647984,0.08411626663959082
within_cross_half,Ausgrid-A,Ausgrid-B,7,112,0.6951089517904205,0.13293157932320976
within_cross_half,Ausgrid-A,Ausgrid-B,7,113,0.3196670383463007,0.07700952951522155
within_cross_half,Ausgrid-A,Ausgrid-B,7,116,0.28644426581706006,0.10429458875755404
within_cross_half,Ausgrid-A,Ausgrid-B,7,117,0.21255942204683598,0.11582652741538746
within_cross_half,Ausgrid-A,Ausgrid-B,7,118,0.3497617926994465,0.04675636440359732
within_cross_half,Ausgrid-A,Ausgrid-B,7,119,0.3885309466710535,0.14868587273492762
within_cross_half,Ausgrid-A,Ausgrid-B,7,12,0.22972209855931777,-0.0023002784331025428
within_cross_half,Ausgrid-A,Ausgrid-B,7,120,0.4145570470561398,0.014029073917830925
within_cross_half,Ausgrid-A,Ausgrid-B,7,122,0.33715511223498923,-0.045236590763841455
within_cross_half,Ausgrid-A,Ausgrid-B,7,123,0.36012288379113433,0.12170264229567784
within_cross_half,Ausgrid-A,Ausgrid-B,7,125,0.3343816345367131,0.042638737655390946
within_cross_half,Ausgrid-A,Ausgrid-B,7,126,0.32877657514432923,0.02269266844833029
within_cross_half,Ausgrid-A,Ausgrid-B,7,128,0.2801933708992483,-0.05214511238385522
within_cross_half,Ausgrid-A,Ausgrid-B,7,13,0.41736617248884716,0.021459088441982188
within_cross_half,Ausgrid-A,Ausgrid-B,7,133,0.4998142909023665,0.1297725485564738
within_cross_half,Ausgrid-A,Ausgrid-B,7,135,0.24604432970949527,0.10619021655875827
within_cross_half,Ausgrid-A,Ausgrid-B,7,142,0.35149025877984613,0.1270517638597789
within_cross_half,Ausgrid-A,Ausgrid-B,7,143,0.5247716742127616,0.029679046731345693
within_cross_half,Ausgrid-A,Ausgrid-B,7,145,0.4181721029362193,0.022479532162085092
within_cross_half,Ausgrid-A,Ausgrid-B,7,147,0.5106464634138383,0.06062397999570579
within_cross_half,Ausgrid-A,Ausgrid-B,7,149,0.7372757789748403,0.11332112675411388
within_cross_half,Ausgrid-A,Ausgrid-B,7,15,0.19107516216554749,0.14010251160237475
within_cross_half,Ausgrid-A,Ausgrid-B,7,150,0.14836929671995097,0.1251414628342412
within_cross_half,Ausgrid-A,Ausgrid-B,7,151,0.3119556957478164,0.10078563520424444
within_cross_half,Ausgrid-A,Ausgrid-B,7,152,0.7425256262634574,0.11888514248570148
within_cross_half,Ausgrid-A,Ausgrid-B,7,155,0.23322768978842148,0.08659673295991754
within_cross_half,Ausgrid-A,Ausgrid-B,7,159,0.7344598651082809,0.020686057351889886
within_cross_half,Ausgrid-A,Ausgrid-B,7,16,0.4533257555887027,0.04219912968512074
within_cross_half,Ausgrid-A,Ausgrid-B,7,161,0.5855676328175532,0.11635041655426903
within_cross_half,Ausgrid-A,Ausgrid-B,7,165,0.4340721583546694,0.17184817605239144
within_cross_half,Ausgrid-A,Ausgrid-B,7,168,0.23415934950160275,0.026674874853087616
within_cross_half,Ausgrid-A,Ausgrid-B,7,169,0.29724340459318577,0.11125996188393561
within_cross_half,Ausgrid-A,Ausgrid-B,7,17,0.5259507296564444,0.01787729924359016
within_cross_half,Ausgrid-A,Ausgrid-B,7,170,0.3073329680437094,0.13844889650543635
within_cross_half,Ausgrid-A,Ausgrid-B,7,171,0.2635038973578855,0.04189128379405216
within_cross_half,Ausgrid-A,Ausgrid-B,7,172,0.3316364310735009,0.11704543194533668
within_cross_half,Ausgrid-A,Ausgrid-B,7,176,0.3061633671754279,-0.022963326564797937
within_cross_half,Ausgrid-A,Ausgrid-B,7,177,0.42677690575134636,0.050651979972174965
within_cross_half,Ausgrid-A,Ausgrid-B,7,178,0.27273220502290335,0.16712354805162022
within_cross_half,Ausgrid-A,Ausgrid-B,7,179,0.32749809243035,0.08291766877563922
within_cross_half,Ausgrid-A,Ausgrid-B,7,18,0.3283623510467577,0.138491765060883
within_cross_half,Ausgrid-A,Ausgrid-B,7,185,0.4747426847821175,0.009428637156043251
within_cross_half,Ausgrid-A,Ausgrid-B,7,186,0.18099445795546423,0.1593730738774779
within_cross_half,Ausgrid-A,Ausgrid-B,7,19,0.21437803770057115,0.09608495782566595
within_cross_half,Ausgrid-A,Ausgrid-B,7,190,0.44295154281659327,0.12239420205606322
within_cross_half,Ausgrid-A,Ausgrid-B,7,193,0.40225508412399064,0.06721452363814118
within_cross_half,Ausgrid-A,Ausgrid-B,7,194,0.440932473874237,0.05998068614451901
within_cross_half,Ausgrid-A,Ausgrid-B,7,197,0.39597419793499644,0.02519158416375311
within_cross_half,Ausgrid-A,Ausgrid-B,7,199,0.38905485789537725,-0.07590819769071855
within_cross_half,Ausgrid-A,Ausgrid-B,7,20,0.4866374530298081,0.009403236532084747
within_cross_half,Ausgrid-A,Ausgrid-B,7,200,0.4908873978405308,-0.004123883950879703
within_cross_half,Ausgrid-A,Ausgrid-B,7,201,0.5064810679133852,0.029632839465534966
within_cross_half,Ausgrid-A,Ausgrid-B,7,202,0.24180930386358995,0.07445692771013379
within_cross_half,Ausgrid-A,Ausgrid-B,7,207,0.42042806220599965,0.04325555154784688
within_cross_half,Ausgrid-A,Ausgrid-B,7,211,0.16064258598776002,-0.04386193892001278
within_cross_half,Ausgrid-A,Ausgrid-B,7,213,0.28385966203825524,0.05167492685871966
within_cross_half,Ausgrid-A,Ausgrid-B,7,215,0.4618053402634614,0.11237015028547714
within_cross_half,Ausgrid-A,Ausgrid-B,7,217,0.4068359211375098,0.06627311156993221
within_cross_half,Ausgrid-A,Ausgrid-B,7,22,0.604186175692933,0.08140214221695385
within_cross_half,Ausgrid-A,Ausgrid-B,7,220,0.6847842876910564,0.10773782409588328
within_cross_half,Ausgrid-A,Ausgrid-B,7,221,0.42894530953625476,0.024789982949496414
within_cross_half,Ausgrid-A,Ausgrid-B,7,222,0.3047851671744749,0.03694360117346729
within_cross_half,Ausgrid-A,Ausgrid-B,7,224,0.5558306897398833,0.15992386741879172
within_cross_half,Ausgrid-A,Ausgrid-B,7,227,0.2526803585215703,0.07503206853478384
within_cross_half,Ausgrid-A,Ausgrid-B,7,228,0.5695587371859805,-0.01731688598025527
within_cross_half,Ausgrid-A,Ausgrid-B,7,23,0.35607550134685845,0.07796615587591194
within_cross_half,Ausgrid-A,Ausgrid-B,7,230,0.2658134612588333,0.08444283468832126
within_cross_half,Ausgrid-A,Ausgrid-B,7,237,0.37801787702996775,0.1116366167893652
within_cross_half,Ausgrid-A,Ausgrid-B,7,238,0.38056100254360004,0.12604114271383482
within_cross_half,Ausgrid-A,Ausgrid-B,7,24,0.25062409654935613,0.08876212310099163
within_cross_half,Ausgrid-A,Ausgrid-B,7,240,0.2333022018279639,-0.029600075674672377
within_cross_half,Ausgrid-A,Ausgrid-B,7,241,0.27598862407232805,0.05675331973718811
within_cross_half,Ausgrid-A,Ausgrid-B,7,246,0.40234565662758165,0.10522668278340175
within_cross_half,Ausgrid-A,Ausgrid-B,7,248,0.7633112490070321,0.09358097130095888
within_cross_half,Ausgrid-A,Ausgrid-B,7,251,0.7779618841818955,-0.003179592545291099
within_cross_half,Ausgrid-A,Ausgrid-B,7,253,0.4685940682789373,0.013504622887824058
within_cross_half,Ausgrid-A,Ausgrid-B,7,254,0.6432288825931495,0.05438670337574758
within_cross_half,Ausgrid-A,Ausgrid-B,7,256,0.6346055010850808,0.1229226606641316
within_cross_half,Ausgrid-A,Ausgrid-B,7,257,0.4871715806365009,0.036748502959235374
within_cross_half,Ausgrid-A,Ausgrid-B,7,258,0.3633801302151843,-0.08322513063110648
within_cross_half,Ausgrid-A,Ausgrid-B,7,259,0.17607126632302075,0.03190129107432138
within_cross_half,Ausgrid-A,Ausgrid-B,7,26,0.5061216862234325,-0.04781687380967581
within_cross_half,Ausgrid-A,Ausgrid-B,7,261,0.2485176494894299,0.05366470150699543
within_cross_half,Ausgrid-A,Ausgrid-B,7,264,0.2442992846022892,0.12356434631149538
within_cross_half,Ausgrid-A,Ausgrid-B,7,265,0.24484427630600492,0.00853534062934369
within_cross_half,Ausgrid-A,Ausgrid-B,7,268,0.4324365506435865,0.04077109577681515
within_cross_half,Ausgrid-A,Ausgrid-B,7,269,0.3669852290997969,0.002267044647698113
within_cross_half,Ausgrid-A,Ausgrid-B,7,270,0.4197308678436126,0.12117692317385986
within_cross_half,Ausgrid-A,Ausgrid-B,7,271,0.4399243020097733,0.14537591505212077
within_cross_half,Ausgrid-A,Ausgrid-B,7,273,0.6314318772623487,0.08785459350968505
within_cross_half,Ausgrid-A,Ausgrid-B,7,278,0.1372258133486175,0.03158003233753126
within_cross_half,Ausgrid-A,Ausgrid-B,7,280,0.3920072572700068,0.09380678452282531
within_cross_half,Ausgrid-A,Ausgrid-B,7,281,0.40796758251617493,0.08636657958093519
within_cross_half,Ausgrid-A,Ausgrid-B,7,282,0.25940501328071164,0.10406459400849977
within_cross_half,Ausgrid-A,Ausgrid-B,7,286,0.393843450604401,0.1214122614905967
within_cross_half,Ausgrid-A,Ausgrid-B,7,29,0.30995693111832645,0.1195255072662551
within_cross_half,Ausgrid-A,Ausgrid-B,7,291,0.22421746733136239,0.09764342209901689
within_cross_half,Ausgrid-A,Ausgrid-B,7,292,0.4854065287050573,0.13448314180403886
within_cross_half,Ausgrid-A,Ausgrid-B,7,295,0.310544329843484,0.08875970967310642
within_cross_half,Ausgrid-A,Ausgrid-B,7,298,0.13323565252604846,-0.02384221658063379
within_cross_half,Ausgrid-A,Ausgrid-B,7,3,0.23046253879724696,0.06565704073833944
within_cross_half,Ausgrid-A,Ausgrid-B,7,300,0.5474724524858302,0.030969821723525026
within_cross_half,Ausgrid-A,Ausgrid-B,7,31,0.28808422657035176,-0.012089232357103574
within_cross_half,Ausgrid-A,Ausgrid-B,7,34,0.4181369387653441,0.09003452381935528
within_cross_half,Ausgrid-A,Ausgrid-B,7,36,0.25417034773721064,0.09102466638824835
within_cross_half,Ausgrid-A,Ausgrid-B,7,37,0.42425946677181786,0.07816750973196718
within_cross_half,Ausgrid-A,Ausgrid-B,7,4,0.3945145901350849,-0.015978492907166242
within_cross_half,Ausgrid-A,Ausgrid-B,7,40,0.18780952122314687,0.022020991846886218
within_cross_half,Ausgrid-A,Ausgrid-B,7,41,0.23276430012425087,0.14409582803538012
within_cross_half,Ausgrid-A,Ausgrid-B,7,42,0.3852594041221255,0.0727223424095873
within_cross_half,Ausgrid-A,Ausgrid-B,7,44,0.41626011325733764,0.058277340311926884
within_cross_half,Ausgrid-A,Ausgrid-B,7,45,0.29133683342593847,0.034981155200512926
within_cross_half,Ausgrid-A,Ausgrid-B,7,46,0.47008988568878823,0.03128377521106207
within_cross_half,Ausgrid-A,Ausgrid-B,7,49,0.5192154519049111,0.0812954047016432
within_cross_half,Ausgrid-A,Ausgrid-B,7,5,0.4355310403608458,0.08401160999481483
within_cross_half,Ausgrid-A,Ausgrid-B,7,51,0.3854946601043098,0.0866520203349358
within_cross_half,Ausgrid-A,Ausgrid-B,7,52,0.6235462214646411,0.028308541458760716
within_cross_half,Ausgrid-A,Ausgrid-B,7,57,0.7721348112806854,0.07246039312405039
within_cross_half,Ausgrid-A,Ausgrid-B,7,58,0.9412788971914965,0.02056186723362352
within_cross_half,Ausgrid-A,Ausgrid-B,7,6,0.3627820242394835,0.14188706858276823
within_cross_half,Ausgrid-A,Ausgrid-B,7,60,0.36078441711703635,0.05537957061486809
within_cross_half,Ausgrid-A,Ausgrid-B,7,63,0.2998008716066396,0.11001081709144311
within_cross_half,Ausgrid-A,Ausgrid-B,7,64,0.2974344126479535,0.11684822503841519
within_cross_half,Ausgrid-A,Ausgrid-B,7,65,0.43483219143761337,0.0489564509449123
within_cross_half,Ausgrid-A,Ausgrid-B,7,66,0.2418111282754384,0.11476539885304837
within_cross_half,Ausgrid-A,Ausgrid-B,7,70,0.509074532972182,0.0017434481472627938
within_cross_half,Ausgrid-A,Ausgrid-B,7,72,0.3680925026726986,0.15413808383846717
within_cross_half,Ausgrid-A,Ausgrid-B,7,73,0.25503970741407234,0.1138063978658439
within_cross_half,Ausgrid-A,Ausgrid-B,7,75,0.8936082056213518,0.047187936922899465
within_cross_half,Ausgrid-A,Ausgrid-B,7,8,0.5011030465803401,0.06890252959327281
within_cross_half,Ausgrid-A,Ausgrid-B,7,80,0.8158911172761637,0.1576090922909993
within_cross_half,Ausgrid-A,Ausgrid-B,7,81,0.36406607632665094,0.01986788373736692
within_cross_half,Ausgrid-A,Ausgrid-B,7,82,0.8548544625637062,0.07969102483411161
within_cross_half,Ausgrid-A,Ausgrid-B,7,84,0.42075170705383824,0.10108039311147876
within_cross_half,Ausgrid-A,Ausgrid-B,7,85,0.8356962090416392,0.0673346256442856
within_cross_half,Ausgrid-A,Ausgrid-B,7,88,0.2083778281991353,0.06759888193513663
within_cross_half,Ausgrid-A,Ausgrid-B,7,89,0.47095352009595304,0.043257526350004016
within_cross_half,Ausgrid-A,Ausgrid-B,7,9,0.1857842137502171,0.03059751948665579
within_cross_half,Ausgrid-A,Ausgrid-B,7,96,0.6245335409045276,0.06680950146076325
within_cross_half,Ausgrid-A,Ausgrid-B,7,97,0.2804800388158151,0.10316664890765592
within_cross_half,Ausgrid-A,Ausgrid-B,7,98,0.39131211298073193,0.05452907657904105
within_cross_half,Ausgrid-A,Ausgrid-B,7,99,0.30229144533774366,0.15960620330461595
within_cross_half,Ausgrid-A,Ausgrid-B,123,10,0.2544237040456464,0.07107694979061396
within_cross_half,Ausgrid-A,Ausgrid-B,123,100,0.40027355306070334,0.05257386609354586
within_cross_half,Ausgrid-A,Ausgrid-B,123,101,0.2668326106429183,0.06413493002906467
within_cross_half,Ausgrid-A,Ausgrid-B,123,102,0.3775952487569913,0.058325256222426125
within_cross_half,Ausgrid-A,Ausgrid-B,123,105,0.24560074025984152,0.08890850139889606
within_cross_half,Ausgrid-A,Ausgrid-B,123,107,0.24745159622495538,0.08357522050965716
within_cross_half,Ausgrid-A,Ausgrid-B,123,109,0.4412711869042819,0.08390475213152315
within_cross_half,Ausgrid-A,Ausgrid-B,123,11,0.36190937101960124,0.090411180005453
within_cross_half,Ausgrid-A,Ausgrid-B,123,112,0.6971361804744955,0.13040284484363773
within_cross_half,Ausgrid-A,Ausgrid-B,123,113,0.31752579652616586,0.08319204306185424
within_cross_half,Ausgrid-A,Ausgrid-B,123,116,0.2818591291723886,0.11863221807683388
within_cross_half,Ausgrid-A,Ausgrid-B,123,117,0.2118307314026557,0.11885762775947295
within_cross_half,Ausgrid-A,Ausgrid-B,123,118,0.3500704043053451,0.04591527182191901
within_cross_half,Ausgrid-A,Ausgrid-B,123,119,0.38430077998181156,0.15795463419162237
within_cross_half,Ausgrid-A,Ausgrid-B,123,12,0.23174553351457036,-0.011128725638486436
within_cross_half,Ausgrid-A,Ausgrid-B,123,120,0.432176062504205,-0.027875501342307762
within_cross_half,Ausgrid-A,Ausgrid-B,123,122,0.3301931448254691,-0.0236533407520072
within_cross_half,Ausgrid-A,Ausgrid-B,123,123,0.3611077521526005,0.11930066419737961
within_cross_half,Ausgrid-A,Ausgrid-B,123,125,0.34481348035397347,0.012771531898011945
within_cross_half,Ausgrid-A,Ausgrid-B,123,126,0.31874185707071495,0.052521446666766614
within_cross_half,Ausgrid-A,Ausgrid-B,123,128,0.2785675374992819,-0.04603999769168743
within_cross_half,Ausgrid-A,Ausgrid-B,123,13,0.4116320107038927,0.03490318686186644
within_cross_half,Ausgrid-A,Ausgrid-B,123,133,0.4881356384404192,0.15010626880666234
within_cross_half,Ausgrid-A,Ausgrid-B,123,135,0.24478815424015582,0.11075354840038276
within_cross_half,Ausgrid-A,Ausgrid-B,123,142,0.3472309268561466,0.13763008344916505
within_cross_half,Ausgrid-A,Ausgrid-B,123,143,0.5136821611207796,0.050183939513219866
within_cross_half,Ausgrid-A,Ausgrid-B,123,145,0.4151840628040815,0.02946438449292399
within_cross_half,Ausgrid-A,Ausgrid-B,123,147,0.5104023586056278,0.06107303079626902
within_cross_half,Ausgrid-A,Ausgrid-B,123,149,0.7391254212074766,0.11109666918001271
within_cross_half,Ausgrid-A,Ausgrid-B,123,15,0.1902614603780477,0.1437644220016422
within_cross_half,Ausgrid-A,Ausgrid-B,123,150,0.14705627909019436,0.1328836622531001
within_cross_half,Ausgrid-A,Ausgrid-B,123,151,0.3139042145497206,0.09516901681698697
within_cross_half,Ausgrid-A,Ausgrid-B,123,152,0.7413181988220947,0.1203179310930238
within_cross_half,Ausgrid-A,Ausgrid-B,123,155,0.23267802197606471,0.08874942922016393
within_cross_half,Ausgrid-A,Ausgrid-B,123,159,0.7264084029211572,0.03142171433348939
within_cross_half,Ausgrid-A,Ausgrid-B,123,16,0.4577208409450286,0.03291305553755686
within_cross_half,Ausgrid-A,Ausgrid-B,123,161,0.5923513699748114,0.1061134325113271
within_cross_half,Ausgrid-A,Ausgrid-B,123,165,0.438144883261167,0.16407795975347605
within_cross_half,Ausgrid-A,Ausgrid-B,123,168,0.2321074908421661,0.03520379155332087
within_cross_half,Ausgrid-A,Ausgrid-B,123,169,0.3005845077981815,0.10127026272199258
within_cross_half,Ausgrid-A,Ausgrid-B,123,17,0.5262424076000076,0.017332640754627704
within_cross_half,Ausgrid-A,Ausgrid-B,123,170,0.30388976388673533,0.14810128218953966
within_cross_half,Ausgrid-A,Ausgrid-B,123,171,0.25868940670329843,0.05939692794772067
within_cross_half,Ausgrid-A,Ausgrid-B,123,172,0.3294027263558224,0.12299248600624091
within_cross_half,Ausgrid-A,Ausgrid-B,123,176,0.2994041133830205,-0.0003790807473846858
within_cross_half,Ausgrid-A,Ausgrid-B,123,177,0.4342395111674926,0.034051715101715785
within_cross_half,Ausgrid-A,Ausgrid-B,123,178,0.26872297056769867,0.17936704884317378
within_cross_half,Ausgrid-A,Ausgrid-B,123,179,0.32890910780867255,0.07896644798243513
within_cross_half,Ausgrid-A,Ausgrid-B,123,18,0.32461784874798066,0.14831603253814174
within_cross_half,Ausgrid-A,Ausgrid-B,123,185,0.4765125958711697,0.005735640305760681
within_cross_half,Ausgrid-A,Ausgrid-B,123,186,0.17876419282940453,0.16973151765822136
within_cross_half,Ausgrid-A,Ausgrid-B,123,19,0.21450824281651448,0.09553595399984671
within_cross_half,Ausgrid-A,Ausgrid-B,123,190,0.44046706353083626,0.12731662181373582
within_cross_half,Ausgrid-A,Ausgrid-B,123,193,0.40312636309618094,0.06519412314304618
within_cross_half,Ausgrid-A,Ausgrid-B,123,194,0.43375548995794194,0.07528122283955896
within_cross_half,Ausgrid-A,Ausgrid-B,123,197,0.39288434452762167,0.0327981785350957
within_cross_half,Ausgrid-A,Ausgrid-B,123,199,0.38436207835879826,-0.06293059345086016
within_cross_half,Ausgrid-A,Ausgrid-B,123,20,0.4853535678978609,0.012016706680042288
within_cross_half,Ausgrid-A,Ausgrid-B,123,200,0.4894186286169553,-0.001119475477791898
within_cross_half,Ausgrid-A,Ausgrid-B,123,201,0.5073775230493822,0.02791532092442206
within_cross_half,Ausgrid-A,Ausgrid-B,123,202,0.2387685547204086,0.08609562092447964
within_cross_half,Ausgrid-A,Ausgrid-B,123,207,0.40823469581891936,0.07100330829265267
within_cross_half,Ausgrid-A,Ausgrid-B,123,211,0.16010383281621834,-0.04036109929652931
within_cross_half,Ausgrid-A,Ausgrid-B,123,213,0.2804965079371614,0.06291063162918253
within_cross_half,Ausgrid-A,Ausgrid-B,123,215,0.46279460416187784,0.11046869941663606
within_cross_half,Ausgrid-A,Ausgrid-B,123,217,0.4017537756900356,0.07793711567741413
within_cross_half,Ausgrid-A,Ausgrid-B,123,22,0.5965941746612475,0.09294493509200519
within_cross_half,Ausgrid-A,Ausgrid-B,123,220,0.674507985730029,0.12112766920887552
within_cross_half,Ausgrid-A,Ausgrid-B,123,221,0.4203816186798956,0.04425959112652533
within_cross_half,Ausgrid-A,Ausgrid-B,123,222,0.3024982966798924,0.044169626257012484
within_cross_half,Ausgrid-A,Ausgrid-B,123,224,0.5587618478875874,0.15549374859635035
within_cross_half,Ausgrid-A,Ausgrid-B,123,227,0.25164615044784755,0.07881791603101596
within_cross_half,Ausgrid-A,Ausgrid-B,123,228,0.5685071444043366,-0.015438584368683284
within_cross_half,Ausgrid-A,Ausgrid-B,123,23,0.3576142558102463,0.07398165346652397
within_cross_half,Ausgrid-A,Ausgrid-B,123,230,0.2644985014038281,0.08897202937863435
within_cross_half,Ausgrid-A,Ausgrid-B,123,237,0.37698638678320845,0.11406067718714163
within_cross_half,Ausgrid-A,Ausgrid-B,123,238,0.3822920900392903,0.12206569793761257
within_cross_half,Ausgrid-A,Ausgrid-B,123,24,0.2531423372542772,0.07960611477989621
within_cross_half,Ausgrid-A,Ausgrid-B,123,240,0.23163549807658176,-0.022244644413823345
within_cross_half,Ausgrid-A,Ausgrid-B,123,241,0.2775190362078682,0.051522828186551406
within_cross_half,Ausgrid-A,Ausgrid-B,123,246,0.4072967330915703,0.09421602307202648
within_cross_half,Ausgrid-A,Ausgrid-B,123,248,0.7671022614996906,0.08907920892571342
within_cross_half,Ausgrid-A,Ausgrid-B,123,251,0.7725498482974144,0.0037992120257627215
within_cross_half,Ausgrid-A,Ausgrid-B,123,253,0.4716293462645426,0.007114683484520157
within_cross_half,Ausgrid-A,Ausgrid-B,123,254,0.6412423226908034,0.05730715285964805
within_cross_half,Ausgrid-A,Ausgrid-B,123,256,0.6399518950786478,0.11553350155520314
within_cross_half,Ausgrid-A,Ausgrid-B,123,257,0.48211730690004406,0.04674197740767305
within_cross_half,Ausgrid-A,Ausgrid-B,123,258,0.36053081207463233,-0.07473139980113186
within_cross_half,Ausgrid-A,Ausgrid-B,123,259,0.17654432003582632,0.029300283549451356
within_cross_half,Ausgrid-A,Ausgrid-B,123,26,0.5101599213910042,-0.056177177397073175
within_cross_half,Ausgrid-A,Ausgrid-B,123,261,0.2476844422146854,0.05683748805423583
within_cross_half,Ausgrid-A,Ausgrid-B,123,264,0.24562254465179656,0.11881708604678398
within_cross_half,Ausgrid-A,Ausgrid-B,123,265,0.24896279301062554,-0.008142050499684306
within_cross_half,Ausgrid-A,Ausgrid-B,123,268,0.43130045626775443,0.04329117545463523
within_cross_half,Ausgrid-A,Ausgrid-B,123,269,0.36691566382056834,0.0024561737083006463
within_cross_half,Ausgrid-A,Ausgrid-B,123,270,0.4218812121209017,0.1166745805567646
within_cross_half,Ausgrid-A,Ausgrid-B,123,271,0.4400505885688337,0.1451305829927525
within_cross_half,Ausgrid-A,Ausgrid-B,123,273,0.6311876309556052,0.08820742356906419
within_cross_half,Ausgrid-A,Ausgrid-B,123,278,0.13542414785663398,0.044294614200148685
within_cross_half,Ausgrid-A,Ausgrid-B,123,280,0.39821705134483765,0.07945176135485843
within_cross_half,Ausgrid-A,Ausgrid-B,123,281,0.4082167245285392,0.085808632139321
within_cross_half,Ausgrid-A,Ausgrid-B,123,282,0.25988964857014474,0.10239075621598881
within_cross_half,Ausgrid-A,Ausgrid-B,123,286,0.3950640427615337,0.11868935902432043
within_cross_half,Ausgrid-A,Ausgrid-B,123,29,0.3114346696734232,0.11532779147394323
within_cross_half,Ausgrid-A,Ausgrid-B,123,291,0.22295067180307662,0.1027416033041183
within_cross_half,Ausgrid-A,Ausgrid-B,123,292,0.4910417282820706,0.12443515121311022
within_cross_half,Ausgrid-A,Ausgrid-B,123,295,0.3072714737044984,0.09836335749945868
within_cross_half,Ausgrid-A,Ausgrid-B,123,298,0.13561489631280266,-0.04212538768560403
within_cross_half,Ausgrid-A,Ausgrid-B,123,3,0.22409498093285515,0.0914724417546402
within_cross_half,Ausgrid-A,Ausgrid-B,123,300,0.5511234988527166,0.024507443396112882
within_cross_half,Ausgrid-A,Ausgrid-B,123,31,0.28408704037644683,0.001953567398855105
within_cross_half,Ausgrid-A,Ausgrid-B,123,34,0.4152891442606888,0.09623200230605633
within_cross_half,Ausgrid-A,Ausgrid-B,123,36,0.2520293248478715,0.09868148793503073
within_cross_half,Ausgrid-A,Ausgrid-B,123,37,0.4223508875438447,0.08231447752029619
within_cross_half,Ausgrid-A,Ausgrid-B,123,4,0.39201199809107823,-0.009533662331037807
within_cross_half,Ausgrid-A,Ausgrid-B,123,40,0.18504675680410715,0.03640751276817045
within_cross_half,Ausgrid-A,Ausgrid-B,123,41,0.23048765217497538,0.1524673544113725
within_cross_half,Ausgrid-A,Ausgrid-B,123,42,0.383860083561668,0.07609035543570886
within_cross_half,Ausgrid-A,Ausgrid-B,123,44,0.4127930151981997,0.06612110122406645
within_cross_half,Ausgrid-A,Ausgrid-B,123,45,0.28953018514655376,0.040965464204729574
within_cross_half,Ausgrid-A,Ausgrid-B,123,46,0.4736459006186257,0.02395588013610661
within_cross_half,Ausgrid-A,Ausgrid-B,123,49,0.503045386818884,0.10990686656454485
within_cross_half,Ausgrid-A,Ausgrid-B,123,5,0.4425827687555291,0.06918074665692697
within_cross_half,Ausgrid-A,Ausgrid-B,123,51,0.3838063220787516,0.0906521798292802
within_cross_half,Ausgrid-A,Ausgrid-B,123,52,0.6195242267875952,0.03457614077931159
within_cross_half,Ausgrid-A,Ausgrid-B,123,57,0.7557366640835816,0.09215893641271256
within_cross_half,Ausgrid-A,Ausgrid-B,123,58,0.9663623728825212,-0.005538486941330412
within_cross_half,Ausgrid-A,Ausgrid-B,123,6,0.361195264148967,0.14564033986345926
within_cross_half,Ausgrid-A,Ausgrid-B,123,60,0.36227413639578515,0.05147912703141233
within_cross_half,Ausgrid-A,Ausgrid-B,123,63,0.3024501389829294,0.10214619917057177
within_cross_half,Ausgrid-A,Ausgrid-B,123,64,0.29833255362239225,0.11418143611954135
within_cross_half,Ausgrid-A,Ausgrid-B,123,65,0.43613067868968797,0.04611646359132415
within_cross_half,Ausgrid-A,Ausgrid-B,123,66,0.2439770709961331,0.1068362044684239
within_cross_half,Ausgrid-A,Ausgrid-B,123,70,0.5145964516224047,-0.009084615553350384
within_cross_half,Ausgrid-A,Ausgrid-B,123,72,0.36956350255948395,0.1507577846640067
within_cross_half,Ausgrid-A,Ausgrid-B,123,73,0.255888806960283,0.11085600793222772
within_cross_half,Ausgrid-A,Ausgrid-B,123,75,0.8873192562603509,0.05389354546313896
within_cross_half,Ausgrid-A,Ausgrid-B,123,8,0.5058042004683743,0.06016733525946716
within_cross_half,Ausgrid-A,Ausgrid-B,123,80,0.8071640608369148,0.16661959974698148
within_cross_half,Ausgrid-A,Ausgrid-B,123,81,0.3602081970388709,0.03025399668908557
within_cross_half,Ausgrid-A,Ausgrid-B,123,82,0.8556270857864332,0.0788592433819042
within_cross_half,Ausgrid-A,Ausgrid-B,123,84,0.42773294992859645,0.08616524007618065
within_cross_half,Ausgrid-A,Ausgrid-B,123,85,0.8335347888939567,0.06974684399512632
within_cross_half,Ausgrid-A,Ausgrid-B,123,88,0.20832592956300225,0.0678311060003105
within_cross_half,Ausgrid-A,Ausgrid-B,123,89,0.467907286592639,0.04944595228359161
within_cross_half,Ausgrid-A,Ausgrid-B,123,9,0.185999264385775,0.029475407896345507
within_cross_half,Ausgrid-A,Ausgrid-B,123,96,0.6281705272869518,0.061375043720544475
within_cross_half,Ausgrid-A,Ausgrid-B,123,97,0.28335853937157657,0.09396265952415495
within_cross_half,Ausgrid-A,Ausgrid-B,123,98,0.38977614092451573,0.058240223947512715
within_cross_half,Ausgrid-A,Ausgrid-B,123,99,0.30034304570573495,0.1650229062562798
within_cross_half,Ausgrid-B,Ausgrid-A,42,1,0.5343920747902277,0.09274725884759805
within_cross_half,Ausgrid-B,Ausgrid-A,42,103,0.33188690363590206,0.03337559045147087
within_cross_half,Ausgrid-B,Ausgrid-A,42,104,0.8878075918898101,0.04400935353236102
within_cross_half,Ausgrid-B,Ausgrid-A,42,106,0.5190750815048334,0.06475663857760305
within_cross_half,Ausgrid-B,Ausgrid-A,42,108,0.40225499847032065,0.11363630693979776
within_cross_half,Ausgrid-B,Ausgrid-A,42,110,0.3925871042724742,0.11141795462501891
within_cross_half,Ausgrid-B,Ausgrid-A,42,111,0.4444734851780172,-0.023197648194510867
within_cross_half,Ausgrid-B,Ausgrid-A,42,114,0.7125890001886982,0.0789837990958322
within_cross_half,Ausgrid-B,Ausgrid-A,42,115,0.21461103707512047,0.08390240812926197
within_cross_half,Ausgrid-B,Ausgrid-A,42,121,0.6442669393345152,0.059656667784930506
within_cross_half,Ausgrid-B,Ausgrid-A,42,124,0.6345725816522185,0.10322218696594943
within_cross_half,Ausgrid-B,Ausgrid-A,42,127,0.3587871682412698,0.10841885503096094
within_cross_half,Ausgrid-B,Ausgrid-A,42,129,0.4521479715477195,0.04932778760902712
within_cross_half,Ausgrid-B,Ausgrid-A,42,130,0.42350938530714477,0.05935030205766789
within_cross_half,Ausgrid-B,Ausgrid-A,42,131,0.40742999036957056,0.07136232461667058
within_cross_half,Ausgrid-B,Ausgrid-A,42,132,0.16047400827679129,0.08647631075493034
within_cross_half,Ausgrid-B,Ausgrid-A,42,134,0.6543027641770659,0.038215882761748365
within_cross_half,Ausgrid-B,Ausgrid-A,42,136,0.16954812169618874,0.06814891598827133
within_cross_half,Ausgrid-B,Ausgrid-A,42,137,0.41594798239944314,0.07223256538140266
within_cross_half,Ausgrid-B,Ausgrid-A,42,138,0.3868286290179139,-0.033241398574019865
within_cross_half,Ausgrid-B,Ausgrid-A,42,139,0.4576953291395533,0.1454632549986501
within_cross_half,Ausgrid-B,Ausgrid-A,42,14,0.4986208787299657,0.08419893705441461
within_cross_half,Ausgrid-B,Ausgrid-A,42,140,0.22677095602424982,0.08496630717626386
within_cross_half,Ausgrid-B,Ausgrid-A,42,141,0.5304085488197922,-0.03706679689586134
within_cross_half,Ausgrid-B,Ausgrid-A,42,144,0.2931842648123221,0.10652609135215463
within_cross_half,Ausgrid-B,Ausgrid-A,42,146,0.2194271743815651,0.10908123764306688
within_cross_half,Ausgrid-B,Ausgrid-A,42,148,0.5196241626447214,0.09937644036765281
within_cross_half,Ausgrid-B,Ausgrid-A,42,153,0.27528451119751607,0.13327585941356035
within_cross_half,Ausgrid-B,Ausgrid-A,42,154,0.3063724766591292,0.11867483735570694
within_cross_half,Ausgrid-B,Ausgrid-A,42,156,0.7070587361875444,0.09264144284542453
within_cross_half,Ausgrid-B,Ausgrid-A,42,157,0.4517265785195618,0.0797410187760399
within_cross_half,Ausgrid-B,Ausgrid-A,42,158,0.4604082362008868,0.020758030072434153
within_cross_half,Ausgrid-B,Ausgrid-A,42,160,0.4541180480677784,0.07571435370180468
within_cross_half,Ausgrid-B,Ausgrid-A,42,162,0.3282218749001974,0.1278957066641404
within_cross_half,Ausgrid-B,Ausgrid-A,42,163,0.21315299853509473,0.10391935800979402
within_cross_half,Ausgrid-B,Ausgrid-A,42,164,0.25982238664901736,0.015586239926207224
within_cross_half,Ausgrid-B,Ausgrid-A,42,166,0.5113634256473,0.039050743470435134
within_cross_half,Ausgrid-B,Ausgrid-A,42,167,0.42773189012607526,0.12844653492997948
within_cross_half,Ausgrid-B,Ausgrid-A,42,173,0.32538979422976466,0.11212967834573495
within_cross_half,Ausgrid-B,Ausgrid-A,42,174,0.25191664204891356,0.13981125380818338
within_cross_half,Ausgrid-B,Ausgrid-A,42,175,0.9303851405507741,0.06355554310525191
within_cross_half,Ausgrid-B,Ausgrid-A,42,180,0.28016177507324097,0.07794482709475059
within_cross_half,Ausgrid-B,Ausgrid-A,42,181,0.3848475557185193,0.04812513705693611
within_cross_half,Ausgrid-B,Ausgrid-A,42,182,0.1868796626302283,0.08333745580798357
within_cross_half,Ausgrid-B,Ausgrid-A,42,183,0.2386485686011204,0.11246182480769351
within_cross_half,Ausgrid-B,Ausgrid-A,42,184,0.3931771920203895,0.12484287679615946
within_cross_half,Ausgrid-B,Ausgrid-A,42,187,0.4597450473229051,0.05703261594237086
within_cross_half,Ausgrid-B,Ausgrid-A,42,188,0.7676773697958306,0.11922558947427098
within_cross_half,Ausgrid-B,Ausgrid-A,42,189,0.6975728969861322,0.15052661642640952
within_cross_half,Ausgrid-B,Ausgrid-A,42,191,0.8254324525710928,0.13645866004220053
within_cross_half,Ausgrid-B,Ausgrid-A,42,192,0.4026198558874999,0.0304136775383963
within_cross_half,Ausgrid-B,Ausgrid-A,42,195,0.34570204704548524,0.13050894305466165
within_cross_half,Ausgrid-B,Ausgrid-A,42,196,0.31779477029690134,0.15494283654307306
within_cross_half,Ausgrid-B,Ausgrid-A,42,198,0.8722033658327906,0.11184498868890258
within_cross_half,Ausgrid-B,Ausgrid-A,42,2,0.3836781014185815,0.06443276946505905
within_cross_half,Ausgrid-B,Ausgrid-A,42,203,0.5024117369842646,0.0642757182278485
within_cross_half,Ausgrid-B,Ausgrid-A,42,204,0.33625526222573854,0.03054855309205895
within_cross_half,Ausgrid-B,Ausgrid-A,42,205,0.4700904246292787,0.11231613281603092
within_cross_half,Ausgrid-B,Ausgrid-A,42,206,0.41105329605205326,0.08848837466655812
within_cross_half,Ausgrid-B,Ausgrid-A,42,208,0.3533263218475115,0.09842678566634344
within_cross_half,Ausgrid-B,Ausgrid-A,42,209,0.43811871493449706,0.137051906186355
within_cross_half,Ausgrid-B,Ausgrid-A,42,21,0.5945860677337258,0.061128784037219996
within_cross_half,Ausgrid-B,Ausgrid-A,42,210,0.47276106100236676,0.08473946917744357
within_cross_half,Ausgrid-B,Ausgrid-A,42,212,0.7208410253650509,0.09622312297955238
within_cross_half,Ausgrid-B,Ausgrid-A,42,214,0.41016316221658833,0.05457760332961137
within_cross_half,Ausgrid-B,Ausgrid-A,42,216,0.256730604093449,0.09803937150881992
within_cross_half,Ausgrid-B,Ausgrid-A,42,218,0.4083783850341701,0.06219514947083904
within_cross_half,Ausgrid-B,Ausgrid-A,42,219,0.3021331326236832,0.08755503578291779
within_cross_half,Ausgrid-B,Ausgrid-A,42,223,0.4503845950896218,0.0852018326116234
within_cross_half,Ausgrid-B,Ausgrid-A,42,225,0.3657048990305766,0.06693688294774802
within_cross_half,Ausgrid-B,Ausgrid-A,42,226,0.4850503411169934,0.13715315112922477
within_cross_half,Ausgrid-B,Ausgrid-A,42,229,0.5249773419427805,-0.027866802407948477
within_cross_half,Ausgrid-B,Ausgrid-A,42,231,0.7694849644149583,0.12985778489398192
within_cross_half,Ausgrid-B,Ausgrid-A,42,232,0.46190825773317207,-0.011622358481585326
within_cross_half,Ausgrid-B,Ausgrid-A,42,233,0.22457563119320537,0.09023421627874106
within_cross_half,Ausgrid-B,Ausgrid-A,42,234,0.3261430824928337,-0.02645138022668414
within_cross_half,Ausgrid-B,Ausgrid-A,42,235,0.3502556616669567,0.13916945736028108
within_cross_half,Ausgrid-B,Ausgrid-A,42,236,0.3877728756658013,0.0724561299279064
within_cross_half,Ausgrid-B,Ausgrid-A,42,239,0.24662460587430746,0.0703020183435068
within_cross_half,Ausgrid-B,Ausgrid-A,42,242,0.6546338508675468,0.030422914222362762
within_cross_half,Ausgrid-B,Ausgrid-A,42,243,0.3179181749394793,-0.01233566869932079
within_cross_half,Ausgrid-B,Ausgrid-A,42,244,0.2729255544753482,0.07342656566044226
within_cross_half,Ausgrid-B,Ausgrid-A,42,245,0.18663871141268107,-0.020981244371440333
within_cross_half,Ausgrid-B,Ausgrid-A,42,247,0.23800931711070675,0.0758101050342701
within_cross_half,Ausgrid-B,Ausgrid-A,42,249,0.41028363935794243,0.08026666462833343
within_cross_half,Ausgrid-B,Ausgrid-A,42,25,0.6946596358580729,-0.020901702144155543
within_cross_half,Ausgrid-B,Ausgrid-A,42,250,0.29580202558559443,-0.005777920089536259
within_cross_half,Ausgrid-B,Ausgrid-A,42,252,0.24111562688827495,0.12788029687598923
within_cross_half,Ausgrid-B,Ausgrid-A,42,255,0.5561136664475984,0.06668672792475294
within_cross_half,Ausgrid-B,Ausgrid-A,42,260,0.712215478224039,0.004410806939029621
within_cross_half,Ausgrid-B,Ausgrid-A,42,262,0.31337944736942497,0.10621976046929538
within_cross_half,Ausgrid-B,Ausgrid-A,42,263,0.2892595752872159,0.03621853573269984
within_cross_half,Ausgrid-B,Ausgrid-A,42,266,0.5196071975556137,0.1534084985172257
within_cross_half,Ausgrid-B,Ausgrid-A,42,267,0.8897397435318544,0.09426877177894843
within_cross_half,Ausgrid-B,Ausgrid-A,42,27,0.3979170304559271,0.10684864812296058
within_cross_half,Ausgrid-B,Ausgrid-A,42,272,0.4127680355336486,0.11868710340001909
within_cross_half,Ausgrid-B,Ausgrid-A,42,274,0.34215113775100864,0.1220195896849734
within_cross_half,Ausgrid-B,Ausgrid-A,42,275,0.5007916531868873,0.04222476695325694
within_cross_half,Ausgrid-B,Ausgrid-A,42,276,0.6040740845644686,0.027844718046306727
within_cross_half,Ausgrid-B,Ausgrid-A,42,277,0.28327006122069387,-0.048468155533496926
within_cross_half,Ausgrid-B,Ausgrid-A,42,279,0.5193117306690209,0.07598363315559742
within_cross_half,Ausgrid-B,Ausgrid-A,42,28,0.3076168164647555,0.0548659970300055
within_cross_half,Ausgrid-B,Ausgrid-A,42,283,0.21624573790847626,0.03188682973568302
within_cross_half,Ausgrid-B,Ausgrid-A,42,284,0.33942934454234924,0.10503817193142662
within_cross_half,Ausgrid-B,Ausgrid-A,42,285,0.42373457354407085,0.007667914108710261
within_cross_half,Ausgrid-B,Ausgrid-A,42,287,0.447937178056999,0.1007115397449937
within_cross_half,Ausgrid-B,Ausgrid-A,42,288,0.49434269431332567,0.13675492009120271
within_cross_half,Ausgrid-B,Ausgrid-A,42,289,0.6352841221446881,0.11254326646448765
within_cross_half,Ausgrid-B,Ausgrid-A,42,290,0.4891263932623907,0.10917226401312541
within_cross_half,Ausgrid-B,Ausgrid-A,42,293,0.840149665015991,0.12155951271626508
within_cross_half,Ausgrid-B,Ausgrid-A,42,294,0.6024941754971467,0.01520179705366509
within_cross_half,Ausgrid-B,Ausgrid-A,42,296,0.24829984073583997,0.04540109293575978
within_cross_half,Ausgrid-B,Ausgrid-A,42,297,0.2749305944529919,0.0033222602382008137
within_cross_half,Ausgrid-B,Ausgrid-A,42,299,0.6651458203002566,0.015354240404492181
within_cross_half,Ausgrid-B,Ausgrid-A,42,30,0.26788035538847416,0.08041996901623072
within_cross_half,Ausgrid-B,Ausgrid-A,42,32,0.42869611352045695,0.10000907059069852
within_cross_half,Ausgrid-B,Ausgrid-A,42,33,0.5849824782465772,-0.03368543646733402
within_cross_half,Ausgrid-B,Ausgrid-A,42,35,0.5351134100101999,0.09141908249035158
within_cross_half,Ausgrid-B,Ausgrid-A,42,38,0.44978474269418245,0.039251666348478875
within_cross_half,Ausgrid-B,Ausgrid-A,42,39,0.37921858298171535,0.09538540140415308
within_cross_half,Ausgrid-B,Ausgrid-A,42,43,0.35601473211807166,0.0793544181886282
within_cross_half,Ausgrid-B,Ausgrid-A,42,47,0.3656385555884,0.06715496202180204
within_cross_half,Ausgrid-B,Ausgrid-A,42,48,0.5050217995092566,0.11855707393215453
within_cross_half,Ausgrid-B,Ausgrid-A,42,50,0.4498329562637593,0.15908404031560186
within_cross_half,Ausgrid-B,Ausgrid-A,42,53,0.4163184722544724,0.0752838738557211
within_cross_half,Ausgrid-B,Ausgrid-A,42,54,0.3946183402359669,0.05059464724733542
within_cross_half,Ausgrid-B,Ausgrid-A,42,55,0.40554408387815266,0.08087778435785498
within_cross_half,Ausgrid-B,Ausgrid-A,42,56,0.5242556127061373,0.07398023577042434
within_cross_half,Ausgrid-B,Ausgrid-A,42,59,0.3620212931295403,0.11026800530474656
within_cross_half,Ausgrid-B,Ausgrid-A,42,61,0.39028152326725085,0.06754186067293355
within_cross_half,Ausgrid-B,Ausgrid-A,42,62,0.6307776179670642,-0.03692306019351177
within_cross_half,Ausgrid-B,Ausgrid-A,42,67,0.34375983032914637,0.09601632997122567
within_cross_half,Ausgrid-B,Ausgrid-A,42,68,0.3826081063148538,0.010176853526704166
within_cross_half,Ausgrid-B,Ausgrid-A,42,69,0.31512982542585966,0.14254929480038303
within_cross_half,Ausgrid-B,Ausgrid-A,42,7,0.26776903047784023,0.0758933219555481
within_cross_half,Ausgrid-B,Ausgrid-A,42,71,0.4910051278287316,0.1224401711042018
within_cross_half,Ausgrid-B,Ausgrid-A,42,74,0.6705337574398884,0.07361069036807621
within_cross_half,Ausgrid-B,Ausgrid-A,42,76,0.39898770222731283,0.10315823411919312
within_cross_half,Ausgrid-B,Ausgrid-A,42,77,0.360305321963039,0.10143817045433223
within_cross_half,Ausgrid-B,Ausgrid-A,42,78,0.5970067912433715,0.11060091547808182
within_cross_half,Ausgrid-B,Ausgrid-A,42,79,0.4872266133438177,0.08295245488096592
within_cross_half,Ausgrid-B,Ausgrid-A,42,83,0.40425311201939934,0.10382588341421406
within_cross_half,Ausgrid-B,Ausgrid-A,42,86,0.5251845445371819,0.07276659956871956
within_cross_half,Ausgrid-B,Ausgrid-A,42,87,0.16678766816075827,0.09801662160010871
within_cross_half,Ausgrid-B,Ausgrid-A,42,90,0.19853723459464445,0.09381454279965806
within_cross_half,Ausgrid-B,Ausgrid-A,42,91,0.5542850758053401,0.03644904943697913
within_cross_half,Ausgrid-B,Ausgrid-A,42,92,0.26712033442204497,0.06951788744634002
within_cross_half,Ausgrid-B,Ausgrid-A,42,93,0.3655223324152951,0.06348691186518662
within_cross_half,Ausgrid-B,Ausgrid-A,42,94,0.4297346364247991,0.04706526644748932
within_cross_half,Ausgrid-B,Ausgrid-A,42,95,0.7127486024561526,0.05883347454091181
within_cross_half,Ausgrid-B,Ausgrid-A,7,1,0.5382894616666273,0.08613055344766685
within_cross_half,Ausgrid-B,Ausgrid-A,7,103,0.3351714414812268,0.023809336343234455
within_cross_half,Ausgrid-B,Ausgrid-A,7,104,0.8669565841672996,0.06646170529668183
within_cross_half,Ausgrid-B,Ausgrid-A,7,106,0.5186643006105803,0.06549676292191864
within_cross_half,Ausgrid-B,Ausgrid-A,7,108,0.3996195832840632,0.11944341026013205
within_cross_half,Ausgrid-B,Ausgrid-A,7,110,0.38878291951227034,0.12002835022492164
within_cross_half,Ausgrid-B,Ausgrid-A,7,111,0.43653140398846635,-0.004914625548821272
within_cross_half,Ausgrid-B,Ausgrid-A,7,114,0.7237712128367387,0.06453086899436622
within_cross_half,Ausgrid-B,Ausgrid-A,7,115,0.21320739333222705,0.08989406014415346
within_cross_half,Ausgrid-B,Ausgrid-A,7,121,0.6494610392237454,0.05207559090592484
within_cross_half,Ausgrid-B,Ausgrid-A,7,124,0.638062393301221,0.0982903860199571
within_cross_half,Ausgrid-B,Ausgrid-A,7,127,0.35719432854262984,0.11237703962609835
within_cross_half,Ausgrid-B,Ausgrid-A,7,129,0.44920392437832346,0.055517849296869315
within_cross_half,Ausgrid-B,Ausgrid-A,7,130,0.4233665564849891,0.059667536794557496
within_cross_half,Ausgrid-B,Ausgrid-A,7,131,0.4066415187460005,0.07315945411848668
within_cross_half,Ausgrid-B,Ausgrid-A,7,132,0.16021755980298352,0.08793618427843619
within_cross_half,Ausgrid-B,Ausgrid-A,7,134,0.6567256127684405,0.034654446953681695
within_cross_half,Ausgrid-B,Ausgrid-A,7,136,0.17039841540797226,0.06347562849250288
within_cross_half,Ausgrid-B,Ausgrid-A,7,137,0.4140000773632659,0.07657734630297319
within_cross_half,Ausgrid-B,Ausgrid-A,7,138,0.3870596623756967,-0.033858501890076775
within_cross_half,Ausgrid-B,Ausgrid-A,7,139,0.45754254513673503,0.14574850926310168
within_cross_half,Ausgrid-B,Ausgrid-A,7,14,0.4967919064354501,0.08755815212716023
within_cross_half,Ausgrid-B,Ausgrid-A,7,140,0.22570164432954715,0.08928104062334064
within_cross_half,Ausgrid-B,Ausgrid-A,7,141,0.5246265794024729,-0.025761759454984157
within_cross_half,Ausgrid-B,Ausgrid-A,7,144,0.2926637240350251,0.1081124302479336
within_cross_half,Ausgrid-B,Ausgrid-A,7,146,0.22013695967253313,0.10619936562903465
within_cross_half,Ausgrid-B,Ausgrid-A,7,148,0.5144072389059635,0.10841852263730112
within_cross_half,Ausgrid-B,Ausgrid-A,7,153,0.2782036799609173,0.12408495351522453
within_cross_half,Ausgrid-B,Ausgrid-A,7,154,0.3065886377973502,0.1180530182798637
within_cross_half,Ausgrid-B,Ausgrid-A,7,156,0.6974029544134341,0.10503257213971318
within_cross_half,Ausgrid-B,Ausgrid-A,7,157,0.4503371072143444,0.08257165462653582
within_cross_half,Ausgrid-B,Ausgrid-A,7,158,0.46459093358030523,0.011861853811057532
within_cross_half,Ausgrid-B,Ausgrid-A,7,160,0.45577160462972255,0.07234880018097423
within_cross_half,Ausgrid-B,Ausgrid-A,7,162,0.33045603922721367,0.12195940427051966
within_cross_half,Ausgrid-B,Ausgrid-A,7,163,0.2114131632387506,0.11123350671996846
within_cross_half,Ausgrid-B,Ausgrid-A,7,164,0.263079699234597,0.0032449502803779673
within_cross_half,Ausgrid-B,Ausgrid-A,7,166,0.5150580389659923,0.03210786147360967
within_cross_half,Ausgrid-B,Ausgrid-A,7,167,0.4240410684462326,0.13596701329102534
within_cross_half,Ausgrid-B,Ausgrid-A,7,173,0.3281134052204036,0.10469793522040471
within_cross_half,Ausgrid-B,Ausgrid-A,7,174,0.25135557858933333,0.14172704813564452
within_cross_half,Ausgrid-B,Ausgrid-A,7,175,0.914021642055412,0.08002561210518899
within_cross_half,Ausgrid-B,Ausgrid-A,7,180,0.2826766223124621,0.06966808089914933
within_cross_half,Ausgrid-B,Ausgrid-A,7,181,0.3875508382630726,0.041438887752873854
within_cross_half,Ausgrid-B,Ausgrid-A,7,182,0.19168831899638725,0.05975053834083155
within_cross_half,Ausgrid-B,Ausgrid-A,7,183,0.24076385858048685,0.10459502460313264
within_cross_half,Ausgrid-B,Ausgrid-A,7,184,0.3908041961941491,0.13012483170813094
within_cross_half,Ausgrid-B,Ausgrid-A,7,187,0.46249387615643067,0.051394586888082405
within_cross_half,Ausgrid-B,Ausgrid-A,7,188,0.7760384216542427,0.10963275684469043
within_cross_half,Ausgrid-B,Ausgrid-A,7,189,0.6927970872436939,0.15634238604524175
within_cross_half,Ausgrid-B,Ausgrid-A,7,191,0.8164555078985906,0.1458500557973268
within_cross_half,Ausgrid-B,Ausgrid-A,7,192,0.4000578695457719,0.036583435137154674
within_cross_half,Ausgrid-B,Ausgrid-A,7,195,0.3421604048108912,0.1394166897000676
within_cross_half,Ausgrid-B,Ausgrid-A,7,196,0.3176575637902612,0.15530768628934422
within_cross_half,Ausgrid-B,Ausgrid-A,7,198,0.8804573537556948,0.10344004435573195
within_cross_half,Ausgrid-B,Ausgrid-A,7,2,0.3874760372602231,0.05517181789139192
within_cross_half,Ausgrid-B,Ausgrid-A,7,203,0.4969592731538253,0.07443074134146299
within_cross_half,Ausgrid-B,Ausgrid-A,7,204,0.33469805730055086,0.035038102364426726
within_cross_half,Ausgrid-B,Ausgrid-A,7,205,0.4824208266340527,0.08903231684772528
within_cross_half,Ausgrid-B,Ausgrid-A,7,206,0.41182816795631505,0.08677009444435202
within_cross_half,Ausgrid-B,Ausgrid-A,7,208,0.3526056412071745,0.10026572695443992
within_cross_half,Ausgrid-B,Ausgrid-A,7,209,0.43516883031683956,0.14286219737229144
within_cross_half,Ausgrid-B,Ausgrid-A,7,21,0.5927145505379774,0.06408397205897243
within_cross_half,Ausgrid-B,Ausgrid-A,7,210,0.4777274866048601,0.07512452051058205
within_cross_half,Ausgrid-B,Ausgrid-A,7,212,0.7315205624075801,0.08283332093348639
within_cross_half,Ausgrid-B,Ausgrid-A,7,214,0.40277852524106417,0.07159912508259159
within_cross_half,Ausgrid-B,Ausgrid-A,7,216,0.2561659495444817,0.10002314813593993
within_cross_half,Ausgrid-B,Ausgrid-A,7,218,0.4066293962184701,0.06621154763242998
within_cross_half,Ausgrid-B,Ausgrid-A,7,219,0.3020313815105533,0.08786232512246361
within_cross_half,Ausgrid-B,Ausgrid-A,7,223,0.44941316322125535,0.0871749553662936
within_cross_half,Ausgrid-B,Ausgrid-A,7,225,0.3748000814316658,0.04373134409985446
within_cross_half,Ausgrid-B,Ausgrid-A,7,226,0.4722976145124317,0.1598387345264387
within_cross_half,Ausgrid-B,Ausgrid-A,7,229,0.5271168916116743,-0.03205588239494439
within_cross_half,Ausgrid-B,Ausgrid-A,7,231,0.7664416564759292,0.13329919159298076
within_cross_half,Ausgrid-B,Ausgrid-A,7,232,0.4645344529822326,-0.01737397211310099
within_cross_half,Ausgrid-B,Ausgrid-A,7,233,0.22312154047285207,0.09612480189916361
within_cross_half,Ausgrid-B,Ausgrid-A,7,234,0.3306155385480181,-0.04052728413903561
within_cross_half,Ausgrid-B,Ausgrid-A,7,235,0.35836660930113096,0.1192350145592177
within_cross_half,Ausgrid-B,Ausgrid-A,7,236,0.3919430675306418,0.062481126146076926
within_cross_half,Ausgrid-B,Ausgrid-A,7,239,0.2439706581525475,0.0803065749918388
within_cross_half,Ausgrid-B,Ausgrid-A,7,242,0.6522688402359003,0.03392572745609046
within_cross_half,Ausgrid-B,Ausgrid-A,7,243,0.31995766693540606,-0.01882995136779808
within_cross_half,Ausgrid-B,Ausgrid-A,7,244,0.27654541123661025,0.06113726897824834
within_cross_half,Ausgrid-B,Ausgrid-A,7,245,0.18579501500114273,-0.016365919899876236
within_cross_half,Ausgrid-B,Ausgrid-A,7,247,0.23305777890956425,0.09503692197397906
within_cross_half,Ausgrid-B,Ausgrid-A,7,249,0.4115997902311282,0.07731624760867895
within_cross_half,Ausgrid-B,Ausgrid-A,7,25,0.6844384759507199,-0.005880245579438448
within_cross_half,Ausgrid-B,Ausgrid-A,7,250,0.2995916250375291,-0.018663212024889964
within_cross_half,Ausgrid-B,Ausgrid-A,7,252,0.2428899661963721,0.1214624786259263
within_cross_half,Ausgrid-B,Ausgrid-A,7,255,0.5510939563171003,0.07511119646315723
within_cross_half,Ausgrid-B,Ausgrid-A,7,260,0.6984061977137327,0.023714473961671367
within_cross_half,Ausgrid-B,Ausgrid-A,7,262,0.3162085532565117,0.09815095136696361
within_cross_half,Ausgrid-B,Ausgrid-A,7,263,0.2920168707799974,0.027031526850411658
within_cross_half,Ausgrid-B,Ausgrid-A,7,266,0.5125429513205447,0.16491821365420856
within_cross_half,Ausgrid-B,Ausgrid-A,7,267,0.8953182913701898,0.08858995949475312
within_cross_half,Ausgrid-B,Ausgrid-A,7,27,0.40179319644294725,0.09814833467460138
within_cross_half,Ausgrid-B,Ausgrid-A,7,272,0.4124134958686449,0.11944409122907917
within_cross_half,Ausgrid-B,Ausgrid-A,7,274,0.34811134028451723,0.10672535129568395
within_cross_half,Ausgrid-B,Ausgrid-A,7,275,0.5043367273631193,0.035444733333085066
within_cross_half,Ausgrid-B,Ausgrid-A,7,276,0.6029976224094846,0.029577102196746696
within_cross_half,Ausgrid-B,Ausgrid-A,7,277,0.2861555266044874,-0.05914813546418474
within_cross_half,Ausgrid-B,Ausgrid-A,7,279,0.5249434470859242,0.0659630658636916
within_cross_half,Ausgrid-B,Ausgrid-A,7,28,0.3004932506536135,0.07675272073997619
within_cross_half,Ausgrid-B,Ausgrid-A,7,283,0.21204504722952322,0.050692952852071094
within_cross_half,Ausgrid-B,Ausgrid-A,7,284,0.3450716756223863,0.09016122914745339
within_cross_half,Ausgrid-B,Ausgrid-A,7,285,0.4201520160684332,0.016057804749189608
within_cross_half,Ausgrid-B,Ausgrid-A,7,287,0.44875296481974436,0.09907374842580041
within_cross_half,Ausgrid-B,Ausgrid-A,7,288,0.48598638447059933,0.15134711178515914
within_cross_half,Ausgrid-B,Ausgrid-A,7,289,0.6299238426498379,0.12003128004064578
within_cross_half,Ausgrid-B,Ausgrid-A,7,290,0.4885617065011625,0.11020070704129958
within_cross_half,Ausgrid-B,Ausgrid-A,7,293,0.8349829271649795,0.12696173080251938
within_cross_half,Ausgrid-B,Ausgrid-A,7,294,0.5934940218567943,0.029912868947341686
within_cross_half,Ausgrid-B,Ausgrid-A,7,296,0.246130196460629,0.05374237921164593
within_cross_half,Ausgrid-B,Ausgrid-A,7,297,0.2724236208463509,0.012410535018534952
within_cross_half,Ausgrid-B,Ausgrid-A,7,299,0.661557607969281,0.020666035124375703
within_cross_half,Ausgrid-B,Ausgrid-A,7,30,0.2665928733298605,0.08483963909481518
within_cross_half,Ausgrid-B,Ausgrid-A,7,32,0.43204079951505947,0.09298734363323924
within_cross_half,Ausgrid-B,Ausgrid-A,7,33,0.596200103459955,-0.053507390536067234
within_cross_half,Ausgrid-B,Ausgrid-A,7,35,0.5373546622885976,0.08761361057844708
within_cross_half,Ausgrid-B,Ausgrid-A,7,38,0.448599009740432,0.041784413352407346
within_cross_half,Ausgrid-B,Ausgrid-A,7,39,0.37453901631749503,0.10654836785551047
within_cross_half,Ausgrid-B,Ausgrid-A,7,43,0.35079205734745594,0.09286013022531558
within_cross_half,Ausgrid-B,Ausgrid-A,7,47,0.3634745447665671,0.07267595188029607
within_cross_half,Ausgrid-B,Ausgrid-A,7,48,0.48925170820759584,0.14608150047136614
within_cross_half,Ausgrid-B,Ausgrid-A,7,50,0.4510036085113984,0.1568956276069009
within_cross_half,Ausgrid-B,Ausgrid-A,7,53,0.42300856857309926,0.0604240000725772
within_cross_half,Ausgrid-B,Ausgrid-A,7,54,0.3866513969336315,0.06976217659174289
within_cross_half,Ausgrid-B,Ausgrid-A,7,55,0.4049347962489877,0.08225866948956784
within_cross_half,Ausgrid-B,Ausgrid-A,7,56,0.5257019236527745,0.07142554204975204
within_cross_half,Ausgrid-B,Ausgrid-A,7,59,0.36172418950789,0.11099819052572335
within_cross_half,Ausgrid-B,Ausgrid-A,7,61,0.3918043308773393,0.06390357839205851
within_cross_half,Ausgrid-B,Ausgrid-A,7,62,0.6223435212022848,-0.023058412529745054
within_cross_half,Ausgrid-B,Ausgrid-A,7,67,0.342014503998163,0.10060600672481701
within_cross_half,Ausgrid-B,Ausgrid-A,7,68,0.3783834091839973,0.021106321402431627
within_cross_half,Ausgrid-B,Ausgrid-A,7,69,0.3163958916738002,0.13910439904778638
within_cross_half,Ausgrid-B,Ausgrid-A,7,7,0.26698775261179,0.07858961619143101
within_cross_half,Ausgrid-B,Ausgrid-A,7,71,0.4895970982488116,0.12495670326894504
within_cross_half,Ausgrid-B,Ausgrid-A,7,74,0.6747207576893955,0.06782605651850104
within_cross_half,Ausgrid-B,Ausgrid-A,7,76,0.4025042483053565,0.0952537664455575
within_cross_half,Ausgrid-B,Ausgrid-A,7,77,0.3656490396750307,0.08811152643558129
within_cross_half,Ausgrid-B,Ausgrid-A,7,78,0.5934757490094853,0.11586133424766731
within_cross_half,Ausgrid-B,Ausgrid-A,7,79,0.49106559094167385,0.07572681308418538
within_cross_half,Ausgrid-B,Ausgrid-A,7,83,0.4098180969520525,0.09148906940449442
within_cross_half,Ausgrid-B,Ausgrid-A,7,86,0.5240559361965267,0.07475920076071207
within_cross_half,Ausgrid-B,Ausgrid-A,7,87,0.17133088879428954,0.07344700238881985
within_cross_half,Ausgrid-B,Ausgrid-A,7,90,0.19973103140941348,0.08836568422859703
within_cross_half,Ausgrid-B,Ausgrid-A,7,91,0.5508424695230969,0.04243356300312584
within_cross_half,Ausgrid-B,Ausgrid-A,7,92,0.26977514807440933,0.060270157875197294
within_cross_half,Ausgrid-B,Ausgrid-A,7,93,0.3644996770532914,0.06610708044651303
within_cross_half,Ausgrid-B,Ausgrid-A,7,94,0.4352347714079596,0.034868740451153735
within_cross_half,Ausgrid-B,Ausgrid-A,7,95,0.70823850560215,0.06478894351123055
within_cross_half,Ausgrid-B,Ausgrid-A,123,1,0.5397196098348701,0.08370254991411563
within_cross_half,Ausgrid-B,Ausgrid-A,123,103,0.33146003794177337,0.034618841676582024
within_cross_half,Ausgrid-B,Ausgrid-A,123,104,0.86820418491646,0.06511828960884725
within_cross_half,Ausgrid-B,Ausgrid-A,123,106,0.5188219092160606,0.06521279166760374
within_cross_half,Ausgrid-B,Ausgrid-A,123,108,0.3972696942354197,0.12462136042447558
within_cross_half,Ausgrid-B,Ausgrid-A,123,110,0.3840952278409663,0.13063847625311542
within_cross_half,Ausgrid-B,Ausgrid-A,123,111,0.4524084038634343,-0.04146418243846406
within_cross_half,Ausgrid-B,Ausgrid-A,123,114,0.7157981013484555,0.07483605873260168
within_cross_half,Ausgrid-B,Ausgrid-A,123,115,0.21513438136727306,0.08166843893413411
within_cross_half,Ausgrid-B,Ausgrid-A,123,121,0.6447650440809453,0.05892965628014335
within_cross_half,Ausgrid-B,Ausgrid-A,123,124,0.6305050753156936,0.10897038589927521
within_cross_half,Ausgrid-B,Ausgrid-A,123,127,0.3556702541697441,0.116164343338927
within_cross_half,Ausgrid-B,Ausgrid-A,123,129,0.45797105375726077,0.03708435670712629
within_cross_half,Ausgrid-B,Ausgrid-A,123,130,0.4270840451132995,0.05141068422731587
within_cross_half,Ausgrid-B,Ausgrid-A,123,131,0.40707185308408644,0.07217861154723848
within_cross_half,Ausgrid-B,Ausgrid-A,123,132,0.1624278236126193,0.0753539077386699
within_cross_half,Ausgrid-B,Ausgrid-A,123,134,0.652082000071781,0.0414802670216593
within_cross_half,Ausgrid-B,Ausgrid-A,123,136,0.17039336961334348,0.06350336061449569
within_cross_half,Ausgrid-B,Ausgrid-A,123,137,0.4138542893723285,0.07690252482546522
within_cross_half,Ausgrid-B,Ausgrid-A,123,138,0.3922211980499382,-0.0476452589674492
within_cross_half,Ausgrid-B,Ausgrid-A,123,139,0.4579176570413464,0.14504815930195947
within_cross_half,Ausgrid-B,Ausgrid-A,123,14,0.49790789708995525,0.08550844768992061
within_cross_half,Ausgrid-B,Ausgrid-A,123,140,0.22842497956392616,0.07829222821102999
within_cross_half,Ausgrid-B,Ausgrid-A,123,141,0.5289886615538211,-0.03429060118380067
within_cross_half,Ausgrid-B,Ausgrid-A,123,144,0.29658393759811585,0.09616564812034867
within_cross_half,Ausgrid-B,Ausgrid-A,123,146,0.21655458869145328,0.12074451724830104
within_cross_half,Ausgrid-B,Ausgrid-A,123,148,0.5194861185870856,0.09961570124024455
within_cross_half,Ausgrid-B,Ausgrid-A,123,153,0.27910754049737546,0.12123917863575961
within_cross_half,Ausgrid-B,Ausgrid-A,123,154,0.306859120919515,0.11727493408563738
within_cross_half,Ausgrid-B,Ausgrid-A,123,156,0.7002888173912604,0.10132918466468499
within_cross_half,Ausgrid-B,Ausgrid-A,123,157,0.45319019141544997,0.07675934141516727
within_cross_half,Ausgrid-B,Ausgrid-A,123,158,0.4657189304512955,0.009462718019884075
within_cross_half,Ausgrid-B,Ausgrid-A,123,160,0.4525816777954148,0.07884139301721405
within_cross_half,Ausgrid-B,Ausgrid-A,123,162,0.3365449683091185,0.10578077146074294
within_cross_half,Ausgrid-B,Ausgrid-A,123,163,0.2116891320061989,0.11007335287740538
within_cross_half,Ausgrid-B,Ausgrid-A,123,164,0.26351350886554054,0.0016013345186220995
within_cross_half,Ausgrid-B,Ausgrid-A,123,166,0.5188663887911835,0.02495124692205175
within_cross_half,Ausgrid-B,Ausgrid-A,123,167,0.42563367970651667,0.13272188265089246
within_cross_half,Ausgrid-B,Ausgrid-A,123,173,0.3294657784177573,0.10100780096596895
within_cross_half,Ausgrid-B,Ausgrid-A,123,174,0.25231953403998947,0.13843554812301861
within_cross_half,Ausgrid-B,Ausgrid-A,123,175,0.9366912443083777,0.05720836960577502
within_cross_half,Ausgrid-B,Ausgrid-A,123,180,0.2870570858354901,0.05525130669761935
within_cross_half,Ausgrid-B,Ausgrid-A,123,181,0.39642295954479306,0.019494746225757642
within_cross_half,Ausgrid-B,Ausgrid-A,123,182,0.18854008738512323,0.07519291424129082
within_cross_half,Ausgrid-B,Ausgrid-A,123,183,0.24041355552295,0.10589780776363078
within_cross_half,Ausgrid-B,Ausgrid-A,123,184,0.39512020150088006,0.12051801100583726
within_cross_half,Ausgrid-B,Ausgrid-A,123,187,0.4614079552941297,0.05362188212656338
within_cross_half,Ausgrid-B,Ausgrid-A,123,188,0.7699403425622279,0.11662922727475811
within_cross_half,Ausgrid-B,Ausgrid-A,123,189,0.692184741665792,0.1570880733737261
within_cross_half,Ausgrid-B,Ausgrid-A,123,191,0.8212053532126098,0.14088091777242318
within_cross_half,Ausgrid-B,Ausgrid-A,123,192,0.4060187192130107,0.02222855863742368
within_cross_half,Ausgrid-B,Ausgrid-A,123,195,0.3425883448161865,0.13834035818657664
within_cross_half,Ausgrid-B,Ausgrid-A,123,196,0.31855170364232627,0.15293005343398303
within_cross_half,Ausgrid-B,Ausgrid-A,123,198,0.8816191926238338,0.10225695672560287
within_cross_half,Ausgrid-B,Ausgrid-A,123,2,0.39215333881384945,0.04376660595794102
within_cross_half,Ausgrid-B,Ausgrid-A,123,203,0.4968090837641047,0.07471046382499746
within_cross_half,Ausgrid-B,Ausgrid-A,123,204,0.33989737817146254,0.020048034676325655
within_cross_half,Ausgrid-B,Ausgrid-A,123,205,0.4704045531669136,0.11172295580056524
within_cross_half,Ausgrid-B,Ausgrid-A,123,206,0.41118312170250904,0.08820048598936348
within_cross_half,Ausgrid-B,Ausgrid-A,123,208,0.3507251718764136,0.10506406965963366
within_cross_half,Ausgrid-B,Ausgrid-A,123,209,0.4312155221450753,0.15064889909214818
within_cross_half,Ausgrid-B,Ausgrid-A,123,21,0.5919166147511254,0.06534393925819948
within_cross_half,Ausgrid-B,Ausgrid-A,123,210,0.48084839812905983,0.06908246803647822
within_cross_half,Ausgrid-B,Ausgrid-A,123,212,0.7261511676596308,0.08956536676055915
within_cross_half,Ausgrid-B,Ausgrid-A,123,214,0.41212381456408975,0.05005831731817434
within_cross_half,Ausgrid-B,Ausgrid-A,123,216,0.255619102800849,0.10194436136377838
within_cross_half,Ausgrid-B,Ausgrid-A,123,218,0.4153513962659218,0.046182245762960594
within_cross_half,Ausgrid-B,Ausgrid-A,123,219,0.302482652076211,0.0864994836771773
within_cross_half,Ausgrid-B,Ausgrid-A,123,223,0.44695714866200326,0.09216348659577744
within_cross_half,Ausgrid-B,Ausgrid-A,123,225,0.3718960650677671,0.05114068033694841
within_cross_half,Ausgrid-B,Ausgrid-A,123,226,0.48547877030552,0.13639102657441438
within_cross_half,Ausgrid-B,Ausgrid-A,123,229,0.5322071732678415,-0.04202227734433017
within_cross_half,Ausgrid-B,Ausgrid-A,123,231,0.7666113248810703,0.13310732866035635
within_cross_half,Ausgrid-B,Ausgrid-A,123,232,0.4654043125799289,-0.01927904612517395
within_cross_half,Ausgrid-B,Ausgrid-A,123,233,0.22523786171878982,0.08755149122121175
within_cross_half,Ausgrid-B,Ausgrid-A,123,234,0.32933824964134045,-0.03650734616829432
within_cross_half,Ausgrid-B,Ausgrid-A,123,235,0.36096493601579416,0.11284905355834851
within_cross_half,Ausgrid-B,Ausgrid-A,123,236,0.395234980721597,0.05460694491089546
within_cross_half,Ausgrid-B,Ausgrid-A,123,239,0.2457417149014155,0.07363024243781602
within_cross_half,Ausgrid-B,Ausgrid-A,123,242,0.6583212839282837,0.024961463372713988
within_cross_half,Ausgrid-B,Ausgrid-A,123,243,0.324397935906065,-0.032968943762531566
within_cross_half,Ausgrid-B,Ausgrid-A,123,244,0.2739255354890753,0.07003166244610393
within_cross_half,Ausgrid-B,Ausgrid-A,123,245,0.18446088007082673,-0.009067719376504746
within_cross_half,Ausgrid-B,Ausgrid-A,123,247,0.23479474354331692,0.08829229036915665
within_cross_half,Ausgrid-B,Ausgrid-A,123,249,0.4043645294393277,0.0935355405610867
within_cross_half,Ausgrid-B,Ausgrid-A,123,25,0.6807640330081048,-0.0004801260663569451
within_cross_half,Ausgrid-B,Ausgrid-A,123,250,0.2995155082942329,-0.01840440196567905
within_cross_half,Ausgrid-B,Ausgrid-A,123,252,0.2397664880321089,0.13276015718988676
within_cross_half,Ausgrid-B,Ausgrid-A,123,255,0.5538753717128723,0.07044320849477848
within_cross_half,Ausgrid-B,Ausgrid-A,123,260,0.7171951650431825,-0.0025501796353282202
within_cross_half,Ausgrid-B,Ausgrid-A,123,262,0.3179563181811306,0.0931662027943242
within_cross_half,Ausgrid-B,Ausgrid-A,123,263,0.28867151468746227,0.03817788973280756
within_cross_half,Ausgrid-B,Ausgrid-A,123,266,0.5099228594541912,0.16918710661333958
within_cross_half,Ausgrid-B,Ausgrid-A,123,267,0.8834517995387807,0.10066973034827631
within_cross_half,Ausgrid-B,Ausgrid-A,123,27,0.4054708317037903,0.08989363670108386
within_cross_half,Ausgrid-B,Ausgrid-A,123,272,0.4140952489792226,0.1158533318251126
within_cross_half,Ausgrid-B,Ausgrid-A,123,274,0.35224461748296837,0.09611911326153555
within_cross_half,Ausgrid-B,Ausgrid-A,123,275,0.49890453976013505,0.04583391357259725
within_cross_half,Ausgrid-B,Ausgrid-A,123,276,0.6044906208886393,0.027174373136609198
within_cross_half,Ausgrid-B,Ausgrid-A,123,277,0.30172920317695673,-0.11679102183363677
within_cross_half,Ausgrid-B,Ausgrid-A,123,279,0.5225767311340372,0.07017418636427797
within_cross_half,Ausgrid-B,Ausgrid-A,123,28,0.30799605704449856,0.053700803360360094
within_cross_half,Ausgrid-B,Ausgrid-A,123,283,0.21276579537827814,0.04746622671169931
within_cross_half,Ausgrid-B,Ausgrid-A,123,284,0.34725640456665513,0.08440082851846997
within_cross_half,Ausgrid-B,Ausgrid-A,123,285,0.42016065029443117,0.016037584498047597
within_cross_half,Ausgrid-B,Ausgrid-A,123,287,0.4500332243786642,0.0965034713783317
within_cross_half,Ausgrid-B,Ausgrid-A,123,288,0.4904817629672503,0.14349706481530922
within_cross_half,Ausgrid-B,Ausgrid-A,123,289,0.6321979480434645,0.11685448075668114
within_cross_half,Ausgrid-B,Ausgrid-A,123,290,0.4915892101048556,0.10468682715642641
within_cross_half,Ausgrid-B,Ausgrid-A,123,293,0.8450618353472424,0.11642346436787576
within_cross_half,Ausgrid-B,Ausgrid-A,123,294,0.5888319646101269,0.037533167674317136
within_cross_half,Ausgrid-B,Ausgrid-A,123,296,0.24832004314299544,0.045323423954041764
within_cross_half,Ausgrid-B,Ausgrid-A,123,297,0.271513167919952,0.015711106810656683
within_cross_half,Ausgrid-B,Ausgrid-A,123,299,0.6726933069639909,0.004181350923363247
within_cross_half,Ausgrid-B,Ausgrid-A,123,30,0.267304936766633,0.08239526680667153
within_cross_half,Ausgrid-B,Ausgrid-A,123,32,0.42850825891895333,0.10040344654156186
within_cross_half,Ausgrid-B,Ausgrid-A,123,33,0.5842443405394147,-0.03238112013928207
within_cross_half,Ausgrid-B,Ausgrid-A,123,35,0.5373116818714441,0.08768658798122153
within_cross_half,Ausgrid-B,Ausgrid-A,123,38,0.453151832926509,0.03205950080149955
within_cross_half,Ausgrid-B,Ausgrid-A,123,39,0.3762858913728314,0.10238124960788908
within_cross_half,Ausgrid-B,Ausgrid-A,123,43,0.35357697016660683,0.08565841228677029
within_cross_half,Ausgrid-B,Ausgrid-A,123,47,0.36645487695692236,0.0650723005344318
within_cross_half,Ausgrid-B,Ausgrid-A,123,48,0.4976469671065361,0.13142878334871966
within_cross_half,Ausgrid-B,Ausgrid-A,123,50,0.4500159483852883,0.1587419555631454
within_cross_half,Ausgrid-B,Ausgrid-A,123,53,0.42428638696230947,0.057585741985234584
within_cross_half,Ausgrid-B,Ausgrid-A,123,54,0.3964208065719162,0.046258125061155675
within_cross_half,Ausgrid-B,Ausgrid-A,123,55,0.40631828417446336,0.07912314233499251
within_cross_half,Ausgrid-B,Ausgrid-A,123,56,0.5246969988985482,0.07320059254310496
within_cross_half,Ausgrid-B,Ausgrid-A,123,59,0.35903782651610844,0.11760040743537359
within_cross_half,Ausgrid-B,Ausgrid-A,123,61,0.3867900624135064,0.07588363679382493
within_cross_half,Ausgrid-B,Ausgrid-A,123,62,0.6308957642289512,-0.037117278535977904
within_cross_half,Ausgrid-B,Ausgrid-A,123,67,0.34524061924572996,0.09212230605903837
within_cross_half,Ausgrid-B,Ausgrid-A,123,68,0.38145934199071146,0.013148754798819828
within_cross_half,Ausgrid-B,Ausgrid-A,123,69,0.31572852468087953,0.14092026746942343
within_cross_half,Ausgrid-B,Ausgrid-A,123,7,0.2677601891684328,0.07592383449484919
within_cross_half,Ausgrid-B,Ausgrid-A,123,71,0.4898899620550745,0.12443327592135223
within_cross_half,Ausgrid-B,Ausgrid-A,123,74,0.6651528579348599,0.08104477958782585
within_cross_half,Ausgrid-B,Ausgrid-A,123,76,0.41044371147288133,0.07740749667944857
within_cross_half,Ausgrid-B,Ausgrid-A,123,77,0.35701337361895413,0.10964792742021501
within_cross_half,Ausgrid-B,Ausgrid-A,123,78,0.6010204667235607,0.10462148718679953
within_cross_half,Ausgrid-B,Ausgrid-A,123,79,0.48990566404738256,0.07791000275772797
within_cross_half,Ausgrid-B,Ausgrid-A,123,83,0.4043614931671637,0.1035856171640247
within_cross_half,Ausgrid-B,Ausgrid-A,123,86,0.5194200753013508,0.0829439904817203
within_cross_half,Ausgrid-B,Ausgrid-A,123,87,0.16781254418543637,0.09247411867183941
within_cross_half,Ausgrid-B,Ausgrid-A,123,90,0.2010808864140848,0.08220452772281761
within_cross_half,Ausgrid-B,Ausgrid-A,123,91,0.55641030570049,0.032754619666050644
within_cross_half,Ausgrid-B,Ausgrid-A,123,92,0.266864899419881,0.07040766508512564
within_cross_half,Ausgrid-B,Ausgrid-A,123,93,0.36230404129162097,0.07173256880995715
within_cross_half,Ausgrid-B,Ausgrid-A,123,94,0.43476095962727773,0.03591941606514304
within_cross_half,Ausgrid-B,Ausgrid-A,123,95,0.7112200055860181,0.06085194809545047
within_same_half,PVDAQ-A,PVDAQ-A,42,1283,18.98061960227971,0.08460019091248672
within_same_half,PVDAQ-A,PVDAQ-A,42,1367,4.884791591676183,-0.00178733000247977
within_same_half,PVDAQ-A,PVDAQ-A,42,1422,0.2932295415403922,0.08119888414664345
within_same_half,PVDAQ-A,PVDAQ-A,42,4,0.059902699971504526,0.1155724133258974
within_same_half,PVDAQ-A,PVDAQ-A,7,1283,18.893083505369155,0.08882189326358192
within_same_half,PVDAQ-A,PVDAQ-A,7,1367,5.330442357075021,-0.09318269089018294
within_same_half,PVDAQ-A,PVDAQ-A,7,1422,0.2923750407150072,0.08387636441598123
within_same_half,PVDAQ-A,PVDAQ-A,7,4,0.05835343523442253,0.13844638183129898
within_same_half,PVDAQ-A,PVDAQ-A,123,1283,19.09998545169221,0.07884339908727955
within_same_half,PVDAQ-A,PVDAQ-A,123,1367,5.157112014355536,-0.05763559783973338
within_same_half,PVDAQ-A,PVDAQ-A,123,1422,0.29430779258179146,0.07782030825417596
within_same_half,PVDAQ-A,PVDAQ-A,123,4,0.05858494019944835,0.13502834929489826
within_cross_half,PVDAQ-A,PVDAQ-B,42,1199,1.6976457540972163,-0.2902331052429561
within_cross_half,PVDAQ-A,PVDAQ-B,42,1239,1.164967642144728,0.12134202200900257
within_cross_half,PVDAQ-A,PVDAQ-B,42,34,13.842956810481652,0.10558024203932659
within_cross_half,PVDAQ-A,PVDAQ-B,7,1199,1.7652194126433445,-0.34158997465353735
within_cross_half,PVDAQ-A,PVDAQ-B,7,1239,1.1511425773899095,0.13176935320997873
within_cross_half,PVDAQ-A,PVDAQ-B,7,34,14.07545736923706,0.09055793890461805
within_cross_half,PVDAQ-A,PVDAQ-B,123,1199,1.7915714318924276,-0.3616178559374319
within_cross_half,PVDAQ-A,PVDAQ-B,123,1239,1.1496145403157714,0.13292185042731408
within_cross_half,PVDAQ-A,PVDAQ-B,123,34,14.088897235531146,0.08968956359128344
within_cross_half,PVDAQ-B,PVDAQ-A,42,1283,18.921955522903616,0.0630199167428841
within_cross_half,PVDAQ-B,PVDAQ-A,42,1367,6.772488133281462,-0.24612567475324076
within_cross_half,PVDAQ-B,PVDAQ-A,42,1422,0.3184372487197601,0.06555748115517301
within_cross_half,PVDAQ-B,PVDAQ-A,42,4,0.05257170739201872,0.08983961320309597
within_cross_half,PVDAQ-B,PVDAQ-A,7,1283,19.198978113117985,0.049302272743088404
within_cross_half,PVDAQ-B,PVDAQ-A,7,1367,6.72712762485358,-0.23777942252519035
within_cross_half,PVDAQ-B,PVDAQ-A,7,1422,0.32222229494853694,0.054450400729808
within_cross_half,PVDAQ-B,PVDAQ-A,7,4,0.052835004428212345,0.0852812196451791
within_cross_half,PVDAQ-B,PVDAQ-A,123,1283,18.848880972900105,0.06663843269718861
within_cross_half,PVDAQ-B,PVDAQ-A,123,1367,7.416492578756592,-0.3646213381443766
within_cross_half,PVDAQ-B,PVDAQ-A,123,1422,0.3194681208168658,0.06253242449833052
within_cross_half,PVDAQ-B,PVDAQ-A,123,4,0.0525356427384095,0.09046399123278204
capacity_same,PVDAQ-small,PVDAQ-small,42,1199,1.6794841202446416,-0.3461628995682202
capacity_same,PVDAQ-small,PVDAQ-small,42,1239,1.2784014947896012,0.09089183199627404
capacity_same,PVDAQ-small,PVDAQ-small,42,1422,0.31952211743645825,0.08554374928499486
capacity_same,PVDAQ-small,PVDAQ-small,42,4,0.05833540408564379,0.10244278882943858
capacity_same,PVDAQ-small,PVDAQ-small,7,1199,1.77532206092466,-0.4229802261266089
capacity_same,PVDAQ-small,PVDAQ-small,7,1239,1.2375731095608027,0.1199260740940683
capacity_same,PVDAQ-small,PVDAQ-small,7,1422,0.31889483935534496,0.08733898764537107
capacity_same,PVDAQ-small,PVDAQ-small,7,4,0.057807827318304125,0.11056016350771403
capacity_same,PVDAQ-small,PVDAQ-small,123,1199,1.660077247169109,-0.3306076393451549
capacity_same,PVDAQ-small,PVDAQ-small,123,1239,1.2626711739163043,0.10207811678201517
capacity_same,PVDAQ-small,PVDAQ-small,123,1422,0.31711107600633215,0.09244402875297297
capacity_same,PVDAQ-small,PVDAQ-small,123,4,0.05831333368443396,0.10278236730789092
capacity_same,PVDAQ-large,PVDAQ-large,42,1283,17.693106194957203,0.09902088696264866
capacity_same,PVDAQ-large,PVDAQ-large,42,1367,5.715311723715154,-0.04639467083413429
capacity_same,PVDAQ-large,PVDAQ-large,42,34,14.83365157263545,0.08936091268777446
capacity_same,PVDAQ-large,PVDAQ-large,7,1283,17.520661566437457,0.10780221720165761
capacity_same,PVDAQ-large,PVDAQ-large,7,1367,5.453896709717482,0.0014668091247194148
capacity_same,PVDAQ-large,PVDAQ-large,7,34,14.774059832736656,0.09301925449033466
capacity_same,PVDAQ-large,PVDAQ-large,123,1283,17.399619866102324,0.11396597627294858
capacity_same,PVDAQ-large,PVDAQ-large,123,1367,5.364382361652241,0.017855650417486824
capacity_same,PVDAQ-large,PVDAQ-large,123,34,15.24986900305612,0.06380929047892281
capacity_cross,PVDAQ-small,PVDAQ-large,42,1283,17.750684115284695,0.10541843037459431
capacity_cross,PVDAQ-small,PVDAQ-large,42,1367,6.7540016420572675,-0.32841255953462634
capacity_cross,PVDAQ-small,PVDAQ-large,42,34,13.798815886996769,0.1145365573121504
capacity_cross,PVDAQ-small,PVDAQ-large,7,1283,17.73343583251114,0.10628769241411329
capacity_cross,PVDAQ-small,PVDAQ-large,7,1367,7.121721751526148,-0.4007376843569408
capacity_cross,PVDAQ-small,PVDAQ-large,7,34,13.843172202894351,0.11169023364921682
capacity_cross,PVDAQ-small,PVDAQ-large,123,1283,18.01386644230155,0.09215482556526344
capacity_cross,PVDAQ-small,PVDAQ-large,123,1367,7.109766416031417,-0.3983862461035421
capacity_cross,PVDAQ-small,PVDAQ-large,123,34,13.867691829484192,0.11011682089036401
capacity_cross,PVDAQ-large,PVDAQ-small,42,1199,1.4209790056162213,-0.13472717000093715
capacity_cross,PVDAQ-large,PVDAQ-small,42,1239,1.3109777053361529,0.14234422029040683
capacity_cross,PVDAQ-large,PVDAQ-small,42,1422,0.30662079712664336,0.08706398406844951
capacity_cross,PVDAQ-large,PVDAQ-small,42,4,0.053208595108770435,0.11525770428948934
capacity_cross,PVDAQ-large,PVDAQ-small,7,1199,1.7270740699731764,-0.37916032823637313
capacity_cross,PVDAQ-large,PVDAQ-small,7,1239,1.3162776247756673,0.13887695572839864
capacity_cross,PVDAQ-large,PVDAQ-small,7,1422,0.2956958969164013,0.11959189791464797
capacity_cross,PVDAQ-large,PVDAQ-small,7,4,0.053887705455276894,0.10396558793534327
capacity_cross,PVDAQ-large,PVDAQ-small,123,1199,1.655132850942765,-0.3217114457728387
capacity_cross,PVDAQ-large,PVDAQ-small,123,1239,1.3371975064293784,0.12519094311497647
capacity_cross,PVDAQ-large,PVDAQ-small,123,1422,0.30723734441604983,0.08522826962474961
capacity_cross,PVDAQ-large,PVDAQ-small,123,4,0.05215691727552381,0.1327448012262229
